{
"type": "FeatureCollection",
"name": "juiz_de_fora_zcl",
"crs": { "type": "name", "properties": { "name": "urn:ogc:def:crs:OGC:1.3:CRS84" } },
"features": [
{ "type": "Feature", "properties": { "lcz": 0.0, "zcl_classe": null, "descricao": null, "efeito_temp": null, "ilha_calor": null, "intervencao": null, "area_km2": 1.3198000069060978e-07 }, "geometry": { "type": "MultiPolygon", "coordinates": [ [ [ [ -43.681479005596366, -21.645805086143579 ], [ -43.681479005596366, -21.663771391825971 ], [ -43.672495852755169, -21.663771391825971 ], [ -43.672495852755169, -21.668262968246569 ], [ -43.668004276334571, -21.668262968246569 ], [ -43.668004276334571, -21.672754544667164 ], [ -43.672495852755169, -21.672754544667164 ], [ -43.672495852755169, -21.68173769750836 ], [ -43.676987429175767, -21.68173769750836 ], [ -43.676987429175767, -21.686229273928959 ], [ -43.681479005596366, -21.686229273928959 ], [ -43.681479005596366, -21.695212426770155 ], [ -43.676987429175767, -21.695212426770155 ], [ -43.676987429175767, -21.699704003190753 ], [ -43.681479005596366, -21.699704003190753 ], [ -43.681479005596366, -21.704195579611348 ], [ -43.676987429175767, -21.704195579611348 ], [ -43.676987429175767, -21.717670308873142 ], [ -43.672495852755169, -21.717670308873142 ], [ -43.672495852755169, -21.72216188529374 ], [ -43.668004276334571, -21.72216188529374 ], [ -43.668004276334571, -21.726653461714339 ], [ -43.663512699913973, -21.726653461714339 ], [ -43.663512699913973, -21.72216188529374 ], [ -43.659021123493375, -21.72216188529374 ], [ -43.659021123493375, -21.731145038134933 ], [ -43.663512699913973, -21.731145038134933 ], [ -43.663512699913973, -21.735636614555531 ], [ -43.668004276334571, -21.735636614555531 ], [ -43.668004276334571, -21.753602920237924 ], [ -43.663512699913973, -21.753602920237924 ], [ -43.663512699913973, -21.758094496658519 ], [ -43.659021123493375, -21.758094496658519 ], [ -43.659021123493375, -21.767077649499715 ], [ -43.654529547072784, -21.767077649499715 ], [ -43.654529547072784, -21.776060802340911 ], [ -43.650037970652185, -21.776060802340911 ], [ -43.650037970652185, -21.789535531602702 ], [ -43.645546394231587, -21.789535531602702 ], [ -43.645546394231587, -21.7940271080233 ], [ -43.636563241390391, -21.7940271080233 ], [ -43.636563241390391, -21.807501837285095 ], [ -43.632071664969793, -21.807501837285095 ], [ -43.632071664969793, -21.816484990126288 ], [ -43.636563241390391, -21.816484990126288 ], [ -43.636563241390391, -21.820976566546886 ], [ -43.641054817810989, -21.820976566546886 ], [ -43.641054817810989, -21.829959719388082 ], [ -43.650037970652185, -21.829959719388082 ], [ -43.650037970652185, -21.83445129580868 ], [ -43.654529547072784, -21.83445129580868 ], [ -43.654529547072784, -21.843434448649873 ], [ -43.659021123493375, -21.843434448649873 ], [ -43.659021123493375, -21.847926025070471 ], [ -43.663512699913973, -21.847926025070471 ], [ -43.663512699913973, -21.856909177911668 ], [ -43.659021123493375, -21.856909177911668 ], [ -43.659021123493375, -21.861400754332266 ], [ -43.654529547072784, -21.861400754332266 ], [ -43.654529547072784, -21.865892330752864 ], [ -43.645546394231587, -21.865892330752864 ], [ -43.645546394231587, -21.870383907173458 ], [ -43.641054817810989, -21.870383907173458 ], [ -43.641054817810989, -21.879367060014655 ], [ -43.636563241390391, -21.879367060014655 ], [ -43.636563241390391, -21.892841789276449 ], [ -43.650037970652185, -21.892841789276449 ], [ -43.650037970652185, -21.90631651853824 ], [ -43.645546394231587, -21.90631651853824 ], [ -43.645546394231587, -21.910808094958838 ], [ -43.636563241390391, -21.910808094958838 ], [ -43.636563241390391, -21.90631651853824 ], [ -43.632071664969793, -21.90631651853824 ], [ -43.632071664969793, -21.910808094958838 ], [ -43.627580088549195, -21.910808094958838 ], [ -43.627580088549195, -21.90631651853824 ], [ -43.618596935707998, -21.90631651853824 ], [ -43.618596935707998, -21.901824942117642 ], [ -43.6141053592874, -21.901824942117642 ], [ -43.6141053592874, -21.90631651853824 ], [ -43.609613782866802, -21.90631651853824 ], [ -43.609613782866802, -21.915299671379437 ], [ -43.605122206446204, -21.915299671379437 ], [ -43.605122206446204, -21.919791247800035 ], [ -43.600630630025613, -21.919791247800035 ], [ -43.600630630025613, -21.924282824220629 ], [ -43.596139053605015, -21.924282824220629 ], [ -43.596139053605015, -21.937757553482424 ], [ -43.591647477184416, -21.937757553482424 ], [ -43.591647477184416, -21.942249129903022 ], [ -43.587155900763818, -21.942249129903022 ], [ -43.587155900763818, -21.94674070632362 ], [ -43.58266432434322, -21.94674070632362 ], [ -43.58266432434322, -21.951232282744215 ], [ -43.578172747922622, -21.951232282744215 ], [ -43.578172747922622, -21.969198588426607 ], [ -43.58266432434322, -21.969198588426607 ], [ -43.58266432434322, -21.973690164847206 ], [ -43.591647477184416, -21.973690164847206 ], [ -43.591647477184416, -21.9781817412678 ], [ -43.596139053605015, -21.9781817412678 ], [ -43.596139053605015, -21.982673317688398 ], [ -43.587155900763818, -21.982673317688398 ], [ -43.587155900763818, -21.996148046950193 ], [ -43.685970582016964, -21.996148046950193 ], [ -43.685970582016964, -21.645805086143579 ], [ -43.681479005596366, -21.645805086143579 ] ] ], [ [ [ -43.146981411545255, -21.996148046950193 ], [ -43.578172747922622, -21.996148046950193 ], [ -43.578172747922622, -21.991656470529595 ], [ -43.569189595081426, -21.991656470529595 ], [ -43.569189595081426, -21.987164894108997 ], [ -43.564698018660827, -21.987164894108997 ], [ -43.564698018660827, -21.982673317688398 ], [ -43.555714865819631, -21.982673317688398 ], [ -43.555714865819631, -21.9781817412678 ], [ -43.546731712978442, -21.9781817412678 ], [ -43.546731712978442, -21.973690164847206 ], [ -43.542240136557844, -21.973690164847206 ], [ -43.542240136557844, -21.969198588426607 ], [ -43.537748560137246, -21.969198588426607 ], [ -43.537748560137246, -21.964707012006009 ], [ -43.533256983716647, -21.964707012006009 ], [ -43.533256983716647, -21.960215435585411 ], [ -43.524273830875451, -21.960215435585411 ], [ -43.524273830875451, -21.955723859164813 ], [ -43.519782254454853, -21.955723859164813 ], [ -43.519782254454853, -21.951232282744215 ], [ -43.510799101613657, -21.951232282744215 ], [ -43.510799101613657, -21.94674070632362 ], [ -43.50181594877246, -21.94674070632362 ], [ -43.50181594877246, -21.942249129903022 ], [ -43.497324372351862, -21.942249129903022 ], [ -43.497324372351862, -21.937757553482424 ], [ -43.492832795931264, -21.937757553482424 ], [ -43.492832795931264, -21.928774400641228 ], [ -43.497324372351862, -21.928774400641228 ], [ -43.497324372351862, -21.910808094958838 ], [ -43.488341219510673, -21.910808094958838 ], [ -43.488341219510673, -21.90631651853824 ], [ -43.497324372351862, -21.90631651853824 ], [ -43.497324372351862, -21.897333365697044 ], [ -43.492832795931264, -21.897333365697044 ], [ -43.492832795931264, -21.892841789276449 ], [ -43.497324372351862, -21.892841789276449 ], [ -43.497324372351862, -21.888350212855851 ], [ -43.492832795931264, -21.888350212855851 ], [ -43.492832795931264, -21.883858636435253 ], [ -43.497324372351862, -21.883858636435253 ], [ -43.497324372351862, -21.879367060014655 ], [ -43.488341219510673, -21.879367060014655 ], [ -43.488341219510673, -21.883858636435253 ], [ -43.483849643090075, -21.883858636435253 ], [ -43.483849643090075, -21.879367060014655 ], [ -43.474866490248878, -21.879367060014655 ], [ -43.474866490248878, -21.892841789276449 ], [ -43.47037491382828, -21.892841789276449 ], [ -43.47037491382828, -21.883858636435253 ], [ -43.461391760987084, -21.883858636435253 ], [ -43.461391760987084, -21.888350212855851 ], [ -43.456900184566486, -21.888350212855851 ], [ -43.456900184566486, -21.879367060014655 ], [ -43.461391760987084, -21.879367060014655 ], [ -43.461391760987084, -21.874875483594057 ], [ -43.443425455304691, -21.874875483594057 ], [ -43.443425455304691, -21.856909177911668 ], [ -43.411984420360511, -21.856909177911668 ], [ -43.411984420360511, -21.861400754332266 ], [ -43.420967573201708, -21.861400754332266 ], [ -43.420967573201708, -21.874875483594057 ], [ -43.416475996781109, -21.874875483594057 ], [ -43.416475996781109, -21.879367060014655 ], [ -43.425459149622306, -21.879367060014655 ], [ -43.425459149622306, -21.888350212855851 ], [ -43.416475996781109, -21.888350212855851 ], [ -43.416475996781109, -21.892841789276449 ], [ -43.411984420360511, -21.892841789276449 ], [ -43.411984420360511, -21.879367060014655 ], [ -43.398509691098717, -21.879367060014655 ], [ -43.398509691098717, -21.883858636435253 ], [ -43.394018114678119, -21.883858636435253 ], [ -43.394018114678119, -21.888350212855851 ], [ -43.385034961836922, -21.888350212855851 ], [ -43.385034961836922, -21.892841789276449 ], [ -43.376051808995733, -21.892841789276449 ], [ -43.376051808995733, -21.888350212855851 ], [ -43.380543385416331, -21.888350212855851 ], [ -43.380543385416331, -21.879367060014655 ], [ -43.385034961836922, -21.879367060014655 ], [ -43.385034961836922, -21.861400754332266 ], [ -43.394018114678119, -21.861400754332266 ], [ -43.394018114678119, -21.856909177911668 ], [ -43.38952653825752, -21.856909177911668 ], [ -43.38952653825752, -21.843434448649873 ], [ -43.385034961836922, -21.843434448649873 ], [ -43.385034961836922, -21.83445129580868 ], [ -43.376051808995733, -21.83445129580868 ], [ -43.376051808995733, -21.825468142967484 ], [ -43.367068656154537, -21.825468142967484 ], [ -43.367068656154537, -21.820976566546886 ], [ -43.353593926892742, -21.820976566546886 ], [ -43.353593926892742, -21.816484990126288 ], [ -43.344610774051546, -21.816484990126288 ], [ -43.344610774051546, -21.811993413705689 ], [ -43.340119197630948, -21.811993413705689 ], [ -43.340119197630948, -21.807501837285095 ], [ -43.33562762121035, -21.807501837285095 ], [ -43.33562762121035, -21.811993413705689 ], [ -43.326644468369153, -21.811993413705689 ], [ -43.326644468369153, -21.820976566546886 ], [ -43.313169739107366, -21.820976566546886 ], [ -43.313169739107366, -21.825468142967484 ], [ -43.304186586266169, -21.825468142967484 ], [ -43.304186586266169, -21.820976566546886 ], [ -43.295203433424973, -21.820976566546886 ], [ -43.295203433424973, -21.825468142967484 ], [ -43.290711857004375, -21.825468142967484 ], [ -43.290711857004375, -21.820976566546886 ], [ -43.281728704163179, -21.820976566546886 ], [ -43.281728704163179, -21.825468142967484 ], [ -43.27723712774258, -21.825468142967484 ], [ -43.27723712774258, -21.83445129580868 ], [ -43.272745551321982, -21.83445129580868 ], [ -43.272745551321982, -21.838942872229275 ], [ -43.268253974901391, -21.838942872229275 ], [ -43.268253974901391, -21.83445129580868 ], [ -43.259270822060195, -21.83445129580868 ], [ -43.259270822060195, -21.829959719388082 ], [ -43.250287669218999, -21.829959719388082 ], [ -43.250287669218999, -21.83445129580868 ], [ -43.241304516377802, -21.83445129580868 ], [ -43.241304516377802, -21.843434448649873 ], [ -43.2457960927984, -21.843434448649873 ], [ -43.2457960927984, -21.852417601491069 ], [ -43.241304516377802, -21.852417601491069 ], [ -43.241304516377802, -21.856909177911668 ], [ -43.236812939957204, -21.856909177911668 ], [ -43.236812939957204, -21.861400754332266 ], [ -43.232321363536606, -21.861400754332266 ], [ -43.232321363536606, -21.856909177911668 ], [ -43.227829787116008, -21.856909177911668 ], [ -43.227829787116008, -21.852417601491069 ], [ -43.22333821069541, -21.852417601491069 ], [ -43.22333821069541, -21.847926025070471 ], [ -43.21435505785422, -21.847926025070471 ], [ -43.21435505785422, -21.843434448649873 ], [ -43.196388752171828, -21.843434448649873 ], [ -43.196388752171828, -21.847926025070471 ], [ -43.19189717575123, -21.847926025070471 ], [ -43.19189717575123, -21.852417601491069 ], [ -43.182914022910033, -21.852417601491069 ], [ -43.182914022910033, -21.847926025070471 ], [ -43.178422446489435, -21.847926025070471 ], [ -43.178422446489435, -21.843434448649873 ], [ -43.173930870068837, -21.843434448649873 ], [ -43.173930870068837, -21.838942872229275 ], [ -43.169439293648239, -21.838942872229275 ], [ -43.169439293648239, -21.83445129580868 ], [ -43.164947717227641, -21.83445129580868 ], [ -43.164947717227641, -21.829959719388082 ], [ -43.155964564386451, -21.829959719388082 ], [ -43.155964564386451, -21.816484990126288 ], [ -43.151472987965853, -21.816484990126288 ], [ -43.151472987965853, -21.807501837285095 ], [ -43.164947717227641, -21.807501837285095 ], [ -43.164947717227641, -21.798518684443899 ], [ -43.173930870068837, -21.798518684443899 ], [ -43.173930870068837, -21.7940271080233 ], [ -43.178422446489435, -21.7940271080233 ], [ -43.178422446489435, -21.785043955182104 ], [ -43.173930870068837, -21.785043955182104 ], [ -43.173930870068837, -21.771569225920313 ], [ -43.169439293648239, -21.771569225920313 ], [ -43.169439293648239, -21.758094496658519 ], [ -43.173930870068837, -21.758094496658519 ], [ -43.173930870068837, -21.753602920237924 ], [ -43.182914022910033, -21.753602920237924 ], [ -43.182914022910033, -21.744619767396728 ], [ -43.200880328592426, -21.744619767396728 ], [ -43.200880328592426, -21.749111343817326 ], [ -43.209863481433622, -21.749111343817326 ], [ -43.209863481433622, -21.753602920237924 ], [ -43.21435505785422, -21.753602920237924 ], [ -43.21435505785422, -21.758094496658519 ], [ -43.218846634274811, -21.758094496658519 ], [ -43.218846634274811, -21.762586073079117 ], [ -43.236812939957204, -21.762586073079117 ], [ -43.236812939957204, -21.767077649499715 ], [ -43.241304516377802, -21.767077649499715 ], [ -43.241304516377802, -21.771569225920313 ], [ -43.2457960927984, -21.771569225920313 ], [ -43.2457960927984, -21.758094496658519 ], [ -43.241304516377802, -21.758094496658519 ], [ -43.241304516377802, -21.749111343817326 ], [ -43.250287669218999, -21.749111343817326 ], [ -43.250287669218999, -21.753602920237924 ], [ -43.259270822060195, -21.753602920237924 ], [ -43.259270822060195, -21.749111343817326 ], [ -43.263762398480793, -21.749111343817326 ], [ -43.263762398480793, -21.744619767396728 ], [ -43.259270822060195, -21.744619767396728 ], [ -43.259270822060195, -21.731145038134933 ], [ -43.263762398480793, -21.731145038134933 ], [ -43.263762398480793, -21.72216188529374 ], [ -43.259270822060195, -21.72216188529374 ], [ -43.259270822060195, -21.713178732452544 ], [ -43.263762398480793, -21.713178732452544 ], [ -43.263762398480793, -21.699704003190753 ], [ -43.268253974901391, -21.699704003190753 ], [ -43.268253974901391, -21.695212426770155 ], [ -43.263762398480793, -21.695212426770155 ], [ -43.263762398480793, -21.686229273928959 ], [ -43.259270822060195, -21.686229273928959 ], [ -43.259270822060195, -21.68173769750836 ], [ -43.272745551321982, -21.68173769750836 ], [ -43.272745551321982, -21.686229273928959 ], [ -43.281728704163179, -21.686229273928959 ], [ -43.281728704163179, -21.677246121087762 ], [ -43.286220280583777, -21.677246121087762 ], [ -43.286220280583777, -21.672754544667164 ], [ -43.290711857004375, -21.672754544667164 ], [ -43.290711857004375, -21.663771391825971 ], [ -43.295203433424973, -21.663771391825971 ], [ -43.295203433424973, -21.659279815405373 ], [ -43.299695009845571, -21.659279815405373 ], [ -43.299695009845571, -21.654788238984775 ], [ -43.308678162686768, -21.654788238984775 ], [ -43.308678162686768, -21.659279815405373 ], [ -43.313169739107366, -21.659279815405373 ], [ -43.313169739107366, -21.663771391825971 ], [ -43.326644468369153, -21.663771391825971 ], [ -43.326644468369153, -21.654788238984775 ], [ -43.340119197630948, -21.654788238984775 ], [ -43.340119197630948, -21.650296662564177 ], [ -43.33562762121035, -21.650296662564177 ], [ -43.33562762121035, -21.641313509722984 ], [ -43.353593926892742, -21.641313509722984 ], [ -43.353593926892742, -21.632330356881788 ], [ -43.35808550331334, -21.632330356881788 ], [ -43.35808550331334, -21.618855627619993 ], [ -43.349102350472144, -21.618855627619993 ], [ -43.349102350472144, -21.614364051199399 ], [ -43.353593926892742, -21.614364051199399 ], [ -43.353593926892742, -21.605380898358202 ], [ -43.35808550331334, -21.605380898358202 ], [ -43.35808550331334, -21.600889321937604 ], [ -43.362577079733938, -21.600889321937604 ], [ -43.362577079733938, -21.591906169096408 ], [ -43.35808550331334, -21.591906169096408 ], [ -43.35808550331334, -21.587414592675813 ], [ -43.362577079733938, -21.587414592675813 ], [ -43.362577079733938, -21.578431439834617 ], [ -43.367068656154537, -21.578431439834617 ], [ -43.367068656154537, -21.573939863414019 ], [ -43.371560232575135, -21.573939863414019 ], [ -43.371560232575135, -21.564956710572822 ], [ -43.376051808995733, -21.564956710572822 ], [ -43.376051808995733, -21.55597355773163 ], [ -43.380543385416331, -21.55597355773163 ], [ -43.380543385416331, -21.560465134152228 ], [ -43.385034961836922, -21.560465134152228 ], [ -43.385034961836922, -21.55597355773163 ], [ -43.38952653825752, -21.55597355773163 ], [ -43.38952653825752, -21.546990404890433 ], [ -43.394018114678119, -21.546990404890433 ], [ -43.394018114678119, -21.542498828469835 ], [ -43.403001267519315, -21.542498828469835 ], [ -43.403001267519315, -21.538007252049237 ], [ -43.411984420360511, -21.538007252049237 ], [ -43.411984420360511, -21.533515675628642 ], [ -43.425459149622306, -21.533515675628642 ], [ -43.425459149622306, -21.538007252049237 ], [ -43.438933878884093, -21.538007252049237 ], [ -43.438933878884093, -21.524532522787446 ], [ -43.447917031725289, -21.524532522787446 ], [ -43.447917031725289, -21.520040946366848 ], [ -43.146981411545255, -21.520040946366848 ], [ -43.146981411545255, -21.996148046950193 ] ] ], [ [ [ -43.456900184566486, -21.524532522787446 ], [ -43.461391760987084, -21.524532522787446 ], [ -43.461391760987084, -21.529024099208044 ], [ -43.474866490248878, -21.529024099208044 ], [ -43.474866490248878, -21.533515675628642 ], [ -43.47037491382828, -21.533515675628642 ], [ -43.47037491382828, -21.538007252049237 ], [ -43.474866490248878, -21.538007252049237 ], [ -43.474866490248878, -21.542498828469835 ], [ -43.479358066669477, -21.542498828469835 ], [ -43.479358066669477, -21.538007252049237 ], [ -43.483849643090075, -21.538007252049237 ], [ -43.483849643090075, -21.533515675628642 ], [ -43.492832795931264, -21.533515675628642 ], [ -43.492832795931264, -21.55597355773163 ], [ -43.50181594877246, -21.55597355773163 ], [ -43.50181594877246, -21.560465134152228 ], [ -43.510799101613657, -21.560465134152228 ], [ -43.510799101613657, -21.564956710572822 ], [ -43.515290678034255, -21.564956710572822 ], [ -43.515290678034255, -21.587414592675813 ], [ -43.524273830875451, -21.587414592675813 ], [ -43.524273830875451, -21.591906169096408 ], [ -43.528765407296049, -21.591906169096408 ], [ -43.528765407296049, -21.605380898358202 ], [ -43.533256983716647, -21.605380898358202 ], [ -43.533256983716647, -21.6098724747788 ], [ -43.537748560137246, -21.6098724747788 ], [ -43.537748560137246, -21.618855627619993 ], [ -43.551223289399033, -21.618855627619993 ], [ -43.551223289399033, -21.614364051199399 ], [ -43.555714865819631, -21.614364051199399 ], [ -43.555714865819631, -21.618855627619993 ], [ -43.564698018660827, -21.618855627619993 ], [ -43.564698018660827, -21.614364051199399 ], [ -43.573681171502024, -21.614364051199399 ], [ -43.573681171502024, -21.618855627619993 ], [ -43.58266432434322, -21.618855627619993 ], [ -43.58266432434322, -21.614364051199399 ], [ -43.596139053605015, -21.614364051199399 ], [ -43.596139053605015, -21.623347204040591 ], [ -43.600630630025613, -21.623347204040591 ], [ -43.600630630025613, -21.632330356881788 ], [ -43.605122206446204, -21.632330356881788 ], [ -43.605122206446204, -21.636821933302386 ], [ -43.609613782866802, -21.636821933302386 ], [ -43.609613782866802, -21.641313509722984 ], [ -43.6141053592874, -21.641313509722984 ], [ -43.6141053592874, -21.636821933302386 ], [ -43.618596935707998, -21.636821933302386 ], [ -43.618596935707998, -21.614364051199399 ], [ -43.636563241390391, -21.614364051199399 ], [ -43.636563241390391, -21.6098724747788 ], [ -43.641054817810989, -21.6098724747788 ], [ -43.641054817810989, -21.605380898358202 ], [ -43.645546394231587, -21.605380898358202 ], [ -43.645546394231587, -21.600889321937604 ], [ -43.654529547072784, -21.600889321937604 ], [ -43.654529547072784, -21.596397745517006 ], [ -43.659021123493375, -21.596397745517006 ], [ -43.659021123493375, -21.600889321937604 ], [ -43.663512699913973, -21.600889321937604 ], [ -43.663512699913973, -21.605380898358202 ], [ -43.668004276334571, -21.605380898358202 ], [ -43.668004276334571, -21.6098724747788 ], [ -43.672495852755169, -21.6098724747788 ], [ -43.672495852755169, -21.618855627619993 ], [ -43.676987429175767, -21.618855627619993 ], [ -43.676987429175767, -21.623347204040591 ], [ -43.681479005596366, -21.623347204040591 ], [ -43.681479005596366, -21.62783878046119 ], [ -43.685970582016964, -21.62783878046119 ], [ -43.685970582016964, -21.520040946366848 ], [ -43.456900184566486, -21.520040946366848 ], [ -43.456900184566486, -21.524532522787446 ] ] ] ] } },
{ "type": "Feature", "properties": { "lcz": 2.0, "zcl_classe": "LCZ 2", "descricao": "Compact midrise – edifícios médios compactos", "efeito_temp": "Alta absorção de calor, pouca ventilação.", "ilha_calor": "Forte contribuição à ilha de calor urbana.", "intervencao": "Ampliar áreas verdes, incentivar telhados verdes/reforçar ventilação.", "area_km2": 2.0174258742057464e-11 }, "geometry": { "type": "Polygon", "coordinates": [ [ [ -43.353593926892742, -21.753602920237924 ], [ -43.353593926892742, -21.758094496658519 ], [ -43.349102350472144, -21.758094496658519 ], [ -43.349102350472144, -21.753602920237924 ], [ -43.353593926892742, -21.753602920237924 ] ] ] } },
{ "type": "Feature", "properties": { "lcz": 3.0, "zcl_classe": "LCZ 3", "descricao": "Compact low-rise – edificações baixas compactas", "efeito_temp": "Aquecimento elevado, mas menos intenso que arranha-céus.", "ilha_calor": "Forte contribuição, mas menor que LCZ 1–2.", "intervencao": "Manter corredores de ventilação e arborização.", "area_km2": 2.4612595665324458e-09 }, "geometry": { "type": "MultiPolygon", "coordinates": [ [ [ [ -43.380543385416331, -21.776060802340911 ], [ -43.380543385416331, -21.771569225920313 ], [ -43.371560232575135, -21.771569225920313 ], [ -43.371560232575135, -21.776060802340911 ], [ -43.380543385416331, -21.776060802340911 ] ] ], [ [ [ -43.322152891948562, -21.767077649499715 ], [ -43.322152891948562, -21.771569225920313 ], [ -43.331136044789751, -21.771569225920313 ], [ -43.331136044789751, -21.776060802340911 ], [ -43.326644468369153, -21.776060802340911 ], [ -43.326644468369153, -21.780552378761509 ], [ -43.33562762121035, -21.780552378761509 ], [ -43.33562762121035, -21.767077649499715 ], [ -43.331136044789751, -21.767077649499715 ], [ -43.331136044789751, -21.762586073079117 ], [ -43.326644468369153, -21.762586073079117 ], [ -43.326644468369153, -21.767077649499715 ], [ -43.322152891948562, -21.767077649499715 ] ] ], [ [ [ -43.371560232575135, -21.771569225920313 ], [ -43.371560232575135, -21.767077649499715 ], [ -43.367068656154537, -21.767077649499715 ], [ -43.367068656154537, -21.771569225920313 ], [ -43.371560232575135, -21.771569225920313 ] ] ], [ [ [ -43.353593926892742, -21.72216188529374 ], [ -43.35808550331334, -21.72216188529374 ], [ -43.35808550331334, -21.717670308873142 ], [ -43.353593926892742, -21.717670308873142 ], [ -43.353593926892742, -21.713178732452544 ], [ -43.349102350472144, -21.713178732452544 ], [ -43.349102350472144, -21.726653461714339 ], [ -43.340119197630948, -21.726653461714339 ], [ -43.340119197630948, -21.740128190976129 ], [ -43.344610774051546, -21.740128190976129 ], [ -43.344610774051546, -21.744619767396728 ], [ -43.340119197630948, -21.744619767396728 ], [ -43.340119197630948, -21.749111343817326 ], [ -43.326644468369153, -21.749111343817326 ], [ -43.326644468369153, -21.753602920237924 ], [ -43.33562762121035, -21.753602920237924 ], [ -43.33562762121035, -21.758094496658519 ], [ -43.331136044789751, -21.758094496658519 ], [ -43.331136044789751, -21.762586073079117 ], [ -43.340119197630948, -21.762586073079117 ], [ -43.340119197630948, -21.780552378761509 ], [ -43.349102350472144, -21.780552378761509 ], [ -43.349102350472144, -21.785043955182104 ], [ -43.340119197630948, -21.785043955182104 ], [ -43.340119197630948, -21.789535531602702 ], [ -43.344610774051546, -21.789535531602702 ], [ -43.344610774051546, -21.798518684443899 ], [ -43.353593926892742, -21.798518684443899 ], [ -43.353593926892742, -21.803010260864497 ], [ -43.35808550331334, -21.803010260864497 ], [ -43.35808550331334, -21.798518684443899 ], [ -43.362577079733938, -21.798518684443899 ], [ -43.362577079733938, -21.789535531602702 ], [ -43.367068656154537, -21.789535531602702 ], [ -43.367068656154537, -21.780552378761509 ], [ -43.362577079733938, -21.780552378761509 ], [ -43.362577079733938, -21.771569225920313 ], [ -43.35808550331334, -21.771569225920313 ], [ -43.35808550331334, -21.758094496658519 ], [ -43.362577079733938, -21.758094496658519 ], [ -43.362577079733938, -21.753602920237924 ], [ -43.367068656154537, -21.753602920237924 ], [ -43.367068656154537, -21.744619767396728 ], [ -43.362577079733938, -21.744619767396728 ], [ -43.362577079733938, -21.749111343817326 ], [ -43.35808550331334, -21.749111343817326 ], [ -43.35808550331334, -21.740128190976129 ], [ -43.362577079733938, -21.740128190976129 ], [ -43.362577079733938, -21.735636614555531 ], [ -43.367068656154537, -21.735636614555531 ], [ -43.367068656154537, -21.731145038134933 ], [ -43.35808550331334, -21.731145038134933 ], [ -43.35808550331334, -21.726653461714339 ], [ -43.353593926892742, -21.726653461714339 ], [ -43.353593926892742, -21.72216188529374 ] ], [ [ -43.35808550331334, -21.735636614555531 ], [ -43.353593926892742, -21.735636614555531 ], [ -43.353593926892742, -21.731145038134933 ], [ -43.35808550331334, -21.731145038134933 ], [ -43.35808550331334, -21.735636614555531 ] ], [ [ -43.344610774051546, -21.753602920237924 ], [ -43.349102350472144, -21.753602920237924 ], [ -43.349102350472144, -21.749111343817326 ], [ -43.353593926892742, -21.749111343817326 ], [ -43.353593926892742, -21.758094496658519 ], [ -43.344610774051546, -21.758094496658519 ], [ -43.344610774051546, -21.753602920237924 ] ] ], [ [ [ -43.380543385416331, -21.744619767396728 ], [ -43.380543385416331, -21.749111343817326 ], [ -43.385034961836922, -21.749111343817326 ], [ -43.385034961836922, -21.735636614555531 ], [ -43.376051808995733, -21.735636614555531 ], [ -43.376051808995733, -21.744619767396728 ], [ -43.380543385416331, -21.744619767396728 ] ] ], [ [ [ -43.38952653825752, -21.731145038134933 ], [ -43.38952653825752, -21.735636614555531 ], [ -43.398509691098717, -21.735636614555531 ], [ -43.398509691098717, -21.740128190976129 ], [ -43.403001267519315, -21.740128190976129 ], [ -43.403001267519315, -21.744619767396728 ], [ -43.407492843939913, -21.744619767396728 ], [ -43.407492843939913, -21.735636614555531 ], [ -43.403001267519315, -21.735636614555531 ], [ -43.403001267519315, -21.731145038134933 ], [ -43.398509691098717, -21.731145038134933 ], [ -43.398509691098717, -21.726653461714339 ], [ -43.394018114678119, -21.726653461714339 ], [ -43.394018114678119, -21.731145038134933 ], [ -43.38952653825752, -21.731145038134933 ] ] ], [ [ [ -43.416475996781109, -21.704195579611348 ], [ -43.416475996781109, -21.713178732452544 ], [ -43.429950726042904, -21.713178732452544 ], [ -43.429950726042904, -21.708687156031946 ], [ -43.434442302463502, -21.708687156031946 ], [ -43.434442302463502, -21.713178732452544 ], [ -43.443425455304691, -21.713178732452544 ], [ -43.443425455304691, -21.708687156031946 ], [ -43.438933878884093, -21.708687156031946 ], [ -43.438933878884093, -21.704195579611348 ], [ -43.425459149622306, -21.704195579611348 ], [ -43.425459149622306, -21.699704003190753 ], [ -43.420967573201708, -21.699704003190753 ], [ -43.420967573201708, -21.704195579611348 ], [ -43.416475996781109, -21.704195579611348 ] ] ], [ [ [ -43.353593926892742, -21.690720850349557 ], [ -43.349102350472144, -21.690720850349557 ], [ -43.349102350472144, -21.695212426770155 ], [ -43.353593926892742, -21.695212426770155 ], [ -43.353593926892742, -21.690720850349557 ] ] ], [ [ [ -43.429950726042904, -21.695212426770155 ], [ -43.443425455304691, -21.695212426770155 ], [ -43.443425455304691, -21.686229273928959 ], [ -43.438933878884093, -21.686229273928959 ], [ -43.438933878884093, -21.68173769750836 ], [ -43.434442302463502, -21.68173769750836 ], [ -43.434442302463502, -21.686229273928959 ], [ -43.429950726042904, -21.686229273928959 ], [ -43.429950726042904, -21.695212426770155 ] ] ] ] } },
{ "type": "Feature", "properties": { "lcz": 6.0, "zcl_classe": "LCZ 6", "descricao": "Open low-rise – casas baixas espaçadas", "efeito_temp": "Aquecimento leve, efeito térmico relativamente baixo.", "ilha_calor": "Contribuição baixa.", "intervencao": "Expandir vegetação urbana e reduzir impermeabilização.", "area_km2": 4.942693391806646e-09 }, "geometry": { "type": "MultiPolygon", "coordinates": [ [ [ [ -43.411984420360511, -21.798518684443899 ], [ -43.411984420360511, -21.803010260864497 ], [ -43.416475996781109, -21.803010260864497 ], [ -43.416475996781109, -21.798518684443899 ], [ -43.411984420360511, -21.798518684443899 ] ] ], [ [ [ -43.371560232575135, -21.798518684443899 ], [ -43.385034961836922, -21.798518684443899 ], [ -43.385034961836922, -21.803010260864497 ], [ -43.376051808995733, -21.803010260864497 ], [ -43.376051808995733, -21.807501837285095 ], [ -43.371560232575135, -21.807501837285095 ], [ -43.371560232575135, -21.816484990126288 ], [ -43.380543385416331, -21.816484990126288 ], [ -43.380543385416331, -21.807501837285095 ], [ -43.38952653825752, -21.807501837285095 ], [ -43.38952653825752, -21.803010260864497 ], [ -43.394018114678119, -21.803010260864497 ], [ -43.394018114678119, -21.807501837285095 ], [ -43.403001267519315, -21.807501837285095 ], [ -43.403001267519315, -21.7940271080233 ], [ -43.398509691098717, -21.7940271080233 ], [ -43.398509691098717, -21.780552378761509 ], [ -43.407492843939913, -21.780552378761509 ], [ -43.407492843939913, -21.776060802340911 ], [ -43.403001267519315, -21.776060802340911 ], [ -43.403001267519315, -21.771569225920313 ], [ -43.398509691098717, -21.771569225920313 ], [ -43.398509691098717, -21.776060802340911 ], [ -43.394018114678119, -21.776060802340911 ], [ -43.394018114678119, -21.744619767396728 ], [ -43.398509691098717, -21.744619767396728 ], [ -43.398509691098717, -21.749111343817326 ], [ -43.407492843939913, -21.749111343817326 ], [ -43.407492843939913, -21.744619767396728 ], [ -43.403001267519315, -21.744619767396728 ], [ -43.403001267519315, -21.740128190976129 ], [ -43.398509691098717, -21.740128190976129 ], [ -43.398509691098717, -21.735636614555531 ], [ -43.38952653825752, -21.735636614555531 ], [ -43.38952653825752, -21.740128190976129 ], [ -43.385034961836922, -21.740128190976129 ], [ -43.385034961836922, -21.753602920237924 ], [ -43.380543385416331, -21.753602920237924 ], [ -43.380543385416331, -21.749111343817326 ], [ -43.371560232575135, -21.749111343817326 ], [ -43.371560232575135, -21.758094496658519 ], [ -43.35808550331334, -21.758094496658519 ], [ -43.35808550331334, -21.762586073079117 ], [ -43.362577079733938, -21.762586073079117 ], [ -43.362577079733938, -21.780552378761509 ], [ -43.367068656154537, -21.780552378761509 ], [ -43.367068656154537, -21.776060802340911 ], [ -43.371560232575135, -21.776060802340911 ], [ -43.371560232575135, -21.789535531602702 ], [ -43.385034961836922, -21.789535531602702 ], [ -43.385034961836922, -21.7940271080233 ], [ -43.371560232575135, -21.7940271080233 ], [ -43.371560232575135, -21.798518684443899 ] ], [ [ -43.371560232575135, -21.771569225920313 ], [ -43.380543385416331, -21.771569225920313 ], [ -43.380543385416331, -21.776060802340911 ], [ -43.371560232575135, -21.776060802340911 ], [ -43.371560232575135, -21.771569225920313 ] ], [ [ -43.367068656154537, -21.771569225920313 ], [ -43.367068656154537, -21.767077649499715 ], [ -43.371560232575135, -21.767077649499715 ], [ -43.371560232575135, -21.771569225920313 ], [ -43.367068656154537, -21.771569225920313 ] ] ], [ [ [ -43.443425455304691, -21.735636614555531 ], [ -43.443425455304691, -21.740128190976129 ], [ -43.447917031725289, -21.740128190976129 ], [ -43.447917031725289, -21.735636614555531 ], [ -43.443425455304691, -21.735636614555531 ] ] ], [ [ [ -43.403001267519315, -21.731145038134933 ], [ -43.403001267519315, -21.735636614555531 ], [ -43.407492843939913, -21.735636614555531 ], [ -43.407492843939913, -21.744619767396728 ], [ -43.411984420360511, -21.744619767396728 ], [ -43.411984420360511, -21.731145038134933 ], [ -43.407492843939913, -21.731145038134933 ], [ -43.407492843939913, -21.717670308873142 ], [ -43.403001267519315, -21.717670308873142 ], [ -43.403001267519315, -21.72216188529374 ], [ -43.398509691098717, -21.72216188529374 ], [ -43.398509691098717, -21.731145038134933 ], [ -43.403001267519315, -21.731145038134933 ] ] ], [ [ [ -43.394018114678119, -21.713178732452544 ], [ -43.394018114678119, -21.717670308873142 ], [ -43.398509691098717, -21.717670308873142 ], [ -43.398509691098717, -21.713178732452544 ], [ -43.394018114678119, -21.713178732452544 ] ] ], [ [ [ -43.420967573201708, -21.713178732452544 ], [ -43.420967573201708, -21.717670308873142 ], [ -43.425459149622306, -21.717670308873142 ], [ -43.425459149622306, -21.713178732452544 ], [ -43.420967573201708, -21.713178732452544 ] ] ], [ [ [ -43.434442302463502, -21.717670308873142 ], [ -43.443425455304691, -21.717670308873142 ], [ -43.443425455304691, -21.713178732452544 ], [ -43.434442302463502, -21.713178732452544 ], [ -43.434442302463502, -21.717670308873142 ] ] ], [ [ [ -43.488341219510673, -21.713178732452544 ], [ -43.492832795931264, -21.713178732452544 ], [ -43.492832795931264, -21.708687156031946 ], [ -43.488341219510673, -21.708687156031946 ], [ -43.488341219510673, -21.713178732452544 ] ] ], [ [ [ -43.429950726042904, -21.713178732452544 ], [ -43.434442302463502, -21.713178732452544 ], [ -43.434442302463502, -21.708687156031946 ], [ -43.429950726042904, -21.708687156031946 ], [ -43.429950726042904, -21.713178732452544 ] ] ], [ [ [ -43.403001267519315, -21.708687156031946 ], [ -43.403001267519315, -21.713178732452544 ], [ -43.407492843939913, -21.713178732452544 ], [ -43.407492843939913, -21.708687156031946 ], [ -43.403001267519315, -21.708687156031946 ] ] ], [ [ [ -43.411984420360511, -21.704195579611348 ], [ -43.411984420360511, -21.713178732452544 ], [ -43.416475996781109, -21.713178732452544 ], [ -43.416475996781109, -21.704195579611348 ], [ -43.411984420360511, -21.704195579611348 ] ] ], [ [ [ -43.483849643090075, -21.704195579611348 ], [ -43.483849643090075, -21.708687156031946 ], [ -43.488341219510673, -21.708687156031946 ], [ -43.488341219510673, -21.704195579611348 ], [ -43.483849643090075, -21.704195579611348 ] ] ], [ [ [ -43.47037491382828, -21.699704003190753 ], [ -43.47037491382828, -21.708687156031946 ], [ -43.474866490248878, -21.708687156031946 ], [ -43.474866490248878, -21.699704003190753 ], [ -43.47037491382828, -21.699704003190753 ] ] ], [ [ [ -43.416475996781109, -21.699704003190753 ], [ -43.416475996781109, -21.704195579611348 ], [ -43.420967573201708, -21.704195579611348 ], [ -43.420967573201708, -21.699704003190753 ], [ -43.416475996781109, -21.699704003190753 ] ] ], [ [ [ -43.425459149622306, -21.690720850349557 ], [ -43.425459149622306, -21.704195579611348 ], [ -43.438933878884093, -21.704195579611348 ], [ -43.438933878884093, -21.708687156031946 ], [ -43.447917031725289, -21.708687156031946 ], [ -43.447917031725289, -21.686229273928959 ], [ -43.443425455304691, -21.686229273928959 ], [ -43.443425455304691, -21.695212426770155 ], [ -43.429950726042904, -21.695212426770155 ], [ -43.429950726042904, -21.690720850349557 ], [ -43.425459149622306, -21.690720850349557 ] ] ], [ [ [ -43.434442302463502, -21.686229273928959 ], [ -43.434442302463502, -21.68173769750836 ], [ -43.438933878884093, -21.68173769750836 ], [ -43.438933878884093, -21.672754544667164 ], [ -43.434442302463502, -21.672754544667164 ], [ -43.434442302463502, -21.677246121087762 ], [ -43.429950726042904, -21.677246121087762 ], [ -43.429950726042904, -21.686229273928959 ], [ -43.434442302463502, -21.686229273928959 ] ] ], [ [ [ -43.447917031725289, -21.68173769750836 ], [ -43.452408608145888, -21.68173769750836 ], [ -43.452408608145888, -21.677246121087762 ], [ -43.447917031725289, -21.677246121087762 ], [ -43.447917031725289, -21.68173769750836 ] ] ], [ [ [ -43.434442302463502, -21.654788238984775 ], [ -43.425459149622306, -21.654788238984775 ], [ -43.425459149622306, -21.668262968246569 ], [ -43.429950726042904, -21.668262968246569 ], [ -43.429950726042904, -21.663771391825971 ], [ -43.434442302463502, -21.663771391825971 ], [ -43.434442302463502, -21.654788238984775 ] ] ], [ [ [ -43.438933878884093, -21.650296662564177 ], [ -43.438933878884093, -21.654788238984775 ], [ -43.443425455304691, -21.654788238984775 ], [ -43.443425455304691, -21.650296662564177 ], [ -43.438933878884093, -21.650296662564177 ] ] ], [ [ [ -43.367068656154537, -21.798518684443899 ], [ -43.367068656154537, -21.803010260864497 ], [ -43.371560232575135, -21.803010260864497 ], [ -43.371560232575135, -21.798518684443899 ], [ -43.367068656154537, -21.798518684443899 ] ] ], [ [ [ -43.367068656154537, -21.798518684443899 ], [ -43.367068656154537, -21.789535531602702 ], [ -43.362577079733938, -21.789535531602702 ], [ -43.362577079733938, -21.798518684443899 ], [ -43.367068656154537, -21.798518684443899 ] ] ], [ [ [ -43.344610774051546, -21.798518684443899 ], [ -43.344610774051546, -21.789535531602702 ], [ -43.340119197630948, -21.789535531602702 ], [ -43.340119197630948, -21.785043955182104 ], [ -43.349102350472144, -21.785043955182104 ], [ -43.349102350472144, -21.780552378761509 ], [ -43.340119197630948, -21.780552378761509 ], [ -43.340119197630948, -21.767077649499715 ], [ -43.33562762121035, -21.767077649499715 ], [ -43.33562762121035, -21.780552378761509 ], [ -43.326644468369153, -21.780552378761509 ], [ -43.326644468369153, -21.776060802340911 ], [ -43.331136044789751, -21.776060802340911 ], [ -43.331136044789751, -21.771569225920313 ], [ -43.322152891948562, -21.771569225920313 ], [ -43.322152891948562, -21.767077649499715 ], [ -43.308678162686768, -21.767077649499715 ], [ -43.308678162686768, -21.776060802340911 ], [ -43.304186586266169, -21.776060802340911 ], [ -43.304186586266169, -21.780552378761509 ], [ -43.313169739107366, -21.780552378761509 ], [ -43.313169739107366, -21.776060802340911 ], [ -43.322152891948562, -21.776060802340911 ], [ -43.322152891948562, -21.785043955182104 ], [ -43.33562762121035, -21.785043955182104 ], [ -43.33562762121035, -21.798518684443899 ], [ -43.340119197630948, -21.798518684443899 ], [ -43.340119197630948, -21.807501837285095 ], [ -43.344610774051546, -21.807501837285095 ], [ -43.344610774051546, -21.816484990126288 ], [ -43.349102350472144, -21.816484990126288 ], [ -43.349102350472144, -21.807501837285095 ], [ -43.35808550331334, -21.807501837285095 ], [ -43.35808550331334, -21.811993413705689 ], [ -43.367068656154537, -21.811993413705689 ], [ -43.367068656154537, -21.807501837285095 ], [ -43.362577079733938, -21.807501837285095 ], [ -43.362577079733938, -21.798518684443899 ], [ -43.35808550331334, -21.798518684443899 ], [ -43.35808550331334, -21.803010260864497 ], [ -43.349102350472144, -21.803010260864497 ], [ -43.349102350472144, -21.798518684443899 ], [ -43.344610774051546, -21.798518684443899 ] ] ], [ [ [ -43.299695009845571, -21.789535531602702 ], [ -43.299695009845571, -21.7940271080233 ], [ -43.304186586266169, -21.7940271080233 ], [ -43.304186586266169, -21.789535531602702 ], [ -43.299695009845571, -21.789535531602702 ] ] ], [ [ [ -43.308678162686768, -21.789535531602702 ], [ -43.308678162686768, -21.785043955182104 ], [ -43.304186586266169, -21.785043955182104 ], [ -43.304186586266169, -21.789535531602702 ], [ -43.308678162686768, -21.789535531602702 ] ] ], [ [ [ -43.299695009845571, -21.789535531602702 ], [ -43.299695009845571, -21.762586073079117 ], [ -43.290711857004375, -21.762586073079117 ], [ -43.290711857004375, -21.776060802340911 ], [ -43.295203433424973, -21.776060802340911 ], [ -43.295203433424973, -21.789535531602702 ], [ -43.299695009845571, -21.789535531602702 ] ] ], [ [ [ -43.326644468369153, -21.758094496658519 ], [ -43.33562762121035, -21.758094496658519 ], [ -43.33562762121035, -21.753602920237924 ], [ -43.326644468369153, -21.753602920237924 ], [ -43.326644468369153, -21.758094496658519 ] ] ], [ [ [ -43.367068656154537, -21.749111343817326 ], [ -43.371560232575135, -21.749111343817326 ], [ -43.371560232575135, -21.744619767396728 ], [ -43.367068656154537, -21.744619767396728 ], [ -43.367068656154537, -21.749111343817326 ] ] ], [ [ [ -43.326644468369153, -21.740128190976129 ], [ -43.326644468369153, -21.735636614555531 ], [ -43.331136044789751, -21.735636614555531 ], [ -43.331136044789751, -21.744619767396728 ], [ -43.326644468369153, -21.744619767396728 ], [ -43.326644468369153, -21.749111343817326 ], [ -43.340119197630948, -21.749111343817326 ], [ -43.340119197630948, -21.744619767396728 ], [ -43.344610774051546, -21.744619767396728 ], [ -43.344610774051546, -21.740128190976129 ], [ -43.340119197630948, -21.740128190976129 ], [ -43.340119197630948, -21.726653461714339 ], [ -43.326644468369153, -21.726653461714339 ], [ -43.326644468369153, -21.731145038134933 ], [ -43.322152891948562, -21.731145038134933 ], [ -43.322152891948562, -21.740128190976129 ], [ -43.326644468369153, -21.740128190976129 ] ] ], [ [ [ -43.353593926892742, -21.731145038134933 ], [ -43.353593926892742, -21.735636614555531 ], [ -43.35808550331334, -21.735636614555531 ], [ -43.35808550331334, -21.731145038134933 ], [ -43.353593926892742, -21.731145038134933 ] ] ], [ [ [ -43.340119197630948, -21.72216188529374 ], [ -43.340119197630948, -21.726653461714339 ], [ -43.344610774051546, -21.726653461714339 ], [ -43.344610774051546, -21.72216188529374 ], [ -43.340119197630948, -21.72216188529374 ] ] ], [ [ [ -43.326644468369153, -21.726653461714339 ], [ -43.326644468369153, -21.72216188529374 ], [ -43.322152891948562, -21.72216188529374 ], [ -43.322152891948562, -21.726653461714339 ], [ -43.326644468369153, -21.726653461714339 ] ] ], [ [ [ -43.317661315527964, -21.717670308873142 ], [ -43.317661315527964, -21.72216188529374 ], [ -43.322152891948562, -21.72216188529374 ], [ -43.322152891948562, -21.717670308873142 ], [ -43.317661315527964, -21.717670308873142 ] ] ], [ [ [ -43.344610774051546, -21.717670308873142 ], [ -43.344610774051546, -21.72216188529374 ], [ -43.349102350472144, -21.72216188529374 ], [ -43.349102350472144, -21.717670308873142 ], [ -43.344610774051546, -21.717670308873142 ] ] ], [ [ [ -43.35808550331334, -21.717670308873142 ], [ -43.35808550331334, -21.72216188529374 ], [ -43.353593926892742, -21.72216188529374 ], [ -43.353593926892742, -21.726653461714339 ], [ -43.35808550331334, -21.726653461714339 ], [ -43.35808550331334, -21.731145038134933 ], [ -43.367068656154537, -21.731145038134933 ], [ -43.367068656154537, -21.726653461714339 ], [ -43.362577079733938, -21.726653461714339 ], [ -43.362577079733938, -21.713178732452544 ], [ -43.367068656154537, -21.713178732452544 ], [ -43.367068656154537, -21.704195579611348 ], [ -43.349102350472144, -21.704195579611348 ], [ -43.349102350472144, -21.713178732452544 ], [ -43.353593926892742, -21.713178732452544 ], [ -43.353593926892742, -21.717670308873142 ], [ -43.35808550331334, -21.717670308873142 ] ] ], [ [ [ -43.349102350472144, -21.699704003190753 ], [ -43.35808550331334, -21.699704003190753 ], [ -43.35808550331334, -21.695212426770155 ], [ -43.349102350472144, -21.695212426770155 ], [ -43.349102350472144, -21.699704003190753 ] ] ], [ [ [ -43.349102350472144, -21.690720850349557 ], [ -43.362577079733938, -21.690720850349557 ], [ -43.362577079733938, -21.686229273928959 ], [ -43.35808550331334, -21.686229273928959 ], [ -43.35808550331334, -21.68173769750836 ], [ -43.344610774051546, -21.68173769750836 ], [ -43.344610774051546, -21.690720850349557 ], [ -43.340119197630948, -21.690720850349557 ], [ -43.340119197630948, -21.695212426770155 ], [ -43.349102350472144, -21.695212426770155 ], [ -43.349102350472144, -21.690720850349557 ] ] ], [ [ [ -43.308678162686768, -21.663771391825971 ], [ -43.295203433424973, -21.663771391825971 ], [ -43.295203433424973, -21.672754544667164 ], [ -43.299695009845571, -21.672754544667164 ], [ -43.299695009845571, -21.668262968246569 ], [ -43.308678162686768, -21.668262968246569 ], [ -43.308678162686768, -21.663771391825971 ] ] ] ] } },
{ "type": "Feature", "properties": { "lcz": 8.0, "zcl_classe": "LCZ 8", "descricao": "Large low-rise – galpões, shoppings, indústrias", "efeito_temp": "Superfícies extensas acumulam calor e irradiam à noite.", "ilha_calor": "Pode gerar ilhas de calor locais industriais/comerciais.", "intervencao": "Aplicar coberturas frias, reduzir pavimentação impermeável.", "area_km2": 7.6662183219866237e-10 }, "geometry": { "type": "MultiPolygon", "coordinates": [ [ [ [ -43.398509691098717, -21.726653461714339 ], [ -43.398509691098717, -21.72216188529374 ], [ -43.403001267519315, -21.72216188529374 ], [ -43.403001267519315, -21.717670308873142 ], [ -43.394018114678119, -21.717670308873142 ], [ -43.394018114678119, -21.726653461714339 ], [ -43.398509691098717, -21.726653461714339 ] ] ], [ [ [ -43.403001267519315, -21.717670308873142 ], [ -43.407492843939913, -21.717670308873142 ], [ -43.407492843939913, -21.72216188529374 ], [ -43.411984420360511, -21.72216188529374 ], [ -43.411984420360511, -21.708687156031946 ], [ -43.407492843939913, -21.708687156031946 ], [ -43.407492843939913, -21.713178732452544 ], [ -43.403001267519315, -21.713178732452544 ], [ -43.403001267519315, -21.717670308873142 ] ] ], [ [ [ -43.483849643090075, -21.699704003190753 ], [ -43.474866490248878, -21.699704003190753 ], [ -43.474866490248878, -21.708687156031946 ], [ -43.483849643090075, -21.708687156031946 ], [ -43.483849643090075, -21.699704003190753 ] ] ], [ [ [ -43.456900184566486, -21.677246121087762 ], [ -43.452408608145888, -21.677246121087762 ], [ -43.452408608145888, -21.68173769750836 ], [ -43.456900184566486, -21.68173769750836 ], [ -43.456900184566486, -21.677246121087762 ] ] ], [ [ [ -43.447917031725289, -21.672754544667164 ], [ -43.438933878884093, -21.672754544667164 ], [ -43.438933878884093, -21.686229273928959 ], [ -43.447917031725289, -21.686229273928959 ], [ -43.447917031725289, -21.672754544667164 ] ] ], [ [ [ -43.434442302463502, -21.659279815405373 ], [ -43.438933878884093, -21.659279815405373 ], [ -43.438933878884093, -21.650296662564177 ], [ -43.429950726042904, -21.650296662564177 ], [ -43.429950726042904, -21.654788238984775 ], [ -43.434442302463502, -21.654788238984775 ], [ -43.434442302463502, -21.659279815405373 ] ] ], [ [ [ -43.461391760987084, -21.623347204040591 ], [ -43.456900184566486, -21.623347204040591 ], [ -43.456900184566486, -21.62783878046119 ], [ -43.461391760987084, -21.62783878046119 ], [ -43.461391760987084, -21.623347204040591 ] ] ], [ [ [ -43.376051808995733, -21.807501837285095 ], [ -43.376051808995733, -21.803010260864497 ], [ -43.367068656154537, -21.803010260864497 ], [ -43.367068656154537, -21.807501837285095 ], [ -43.376051808995733, -21.807501837285095 ] ] ], [ [ [ -43.371560232575135, -21.780552378761509 ], [ -43.367068656154537, -21.780552378761509 ], [ -43.367068656154537, -21.789535531602702 ], [ -43.371560232575135, -21.789535531602702 ], [ -43.371560232575135, -21.780552378761509 ] ] ], [ [ [ -43.340119197630948, -21.762586073079117 ], [ -43.331136044789751, -21.762586073079117 ], [ -43.331136044789751, -21.767077649499715 ], [ -43.340119197630948, -21.767077649499715 ], [ -43.340119197630948, -21.762586073079117 ] ] ], [ [ [ -43.349102350472144, -21.753602920237924 ], [ -43.344610774051546, -21.753602920237924 ], [ -43.344610774051546, -21.758094496658519 ], [ -43.349102350472144, -21.758094496658519 ], [ -43.349102350472144, -21.753602920237924 ] ] ], [ [ [ -43.349102350472144, -21.753602920237924 ], [ -43.353593926892742, -21.753602920237924 ], [ -43.353593926892742, -21.749111343817326 ], [ -43.349102350472144, -21.749111343817326 ], [ -43.349102350472144, -21.753602920237924 ] ] ], [ [ [ -43.35808550331334, -21.744619767396728 ], [ -43.376051808995733, -21.744619767396728 ], [ -43.376051808995733, -21.735636614555531 ], [ -43.362577079733938, -21.735636614555531 ], [ -43.362577079733938, -21.740128190976129 ], [ -43.35808550331334, -21.740128190976129 ], [ -43.35808550331334, -21.744619767396728 ] ] ], [ [ [ -43.38952653825752, -21.735636614555531 ], [ -43.385034961836922, -21.735636614555531 ], [ -43.385034961836922, -21.740128190976129 ], [ -43.38952653825752, -21.740128190976129 ], [ -43.38952653825752, -21.735636614555531 ] ] ] ] } },
{ "type": "Feature", "properties": { "lcz": 9.0, "zcl_classe": "LCZ 9", "descricao": "Sparsely built – edificações esparsas", "efeito_temp": "Aquecimento baixo a moderado, dependendo da densidade.", "ilha_calor": "Contribuição baixa, mas pode acumular calor localmente.", "intervencao": "Evitar adensamento excessivo, introduzir arborização.", "area_km2": 1.2265949315177456e-08 }, "geometry": { "type": "MultiPolygon", "coordinates": [ [ [ [ -43.519782254454853, -21.924282824220629 ], [ -43.519782254454853, -21.933265977061826 ], [ -43.524273830875451, -21.933265977061826 ], [ -43.524273830875451, -21.928774400641228 ], [ -43.528765407296049, -21.928774400641228 ], [ -43.528765407296049, -21.924282824220629 ], [ -43.519782254454853, -21.924282824220629 ] ] ], [ [ [ -43.564698018660827, -21.888350212855851 ], [ -43.564698018660827, -21.883858636435253 ], [ -43.560206442240229, -21.883858636435253 ], [ -43.560206442240229, -21.888350212855851 ], [ -43.564698018660827, -21.888350212855851 ] ] ], [ [ [ -43.58266432434322, -21.879367060014655 ], [ -43.58266432434322, -21.874875483594057 ], [ -43.578172747922622, -21.874875483594057 ], [ -43.578172747922622, -21.879367060014655 ], [ -43.58266432434322, -21.879367060014655 ] ] ], [ [ [ -43.605122206446204, -21.861400754332266 ], [ -43.600630630025613, -21.861400754332266 ], [ -43.600630630025613, -21.865892330752864 ], [ -43.605122206446204, -21.865892330752864 ], [ -43.605122206446204, -21.861400754332266 ] ] ], [ [ [ -43.542240136557844, -21.861400754332266 ], [ -43.533256983716647, -21.861400754332266 ], [ -43.533256983716647, -21.865892330752864 ], [ -43.542240136557844, -21.865892330752864 ], [ -43.542240136557844, -21.861400754332266 ] ] ], [ [ [ -43.650037970652185, -21.852417601491069 ], [ -43.650037970652185, -21.847926025070471 ], [ -43.645546394231587, -21.847926025070471 ], [ -43.645546394231587, -21.852417601491069 ], [ -43.650037970652185, -21.852417601491069 ] ] ], [ [ [ -43.58266432434322, -21.789535531602702 ], [ -43.58266432434322, -21.785043955182104 ], [ -43.578172747922622, -21.785043955182104 ], [ -43.578172747922622, -21.789535531602702 ], [ -43.58266432434322, -21.789535531602702 ] ] ], [ [ [ -43.578172747922622, -21.785043955182104 ], [ -43.578172747922622, -21.780552378761509 ], [ -43.573681171502024, -21.780552378761509 ], [ -43.573681171502024, -21.785043955182104 ], [ -43.578172747922622, -21.785043955182104 ] ] ], [ [ [ -43.627580088549195, -21.776060802340911 ], [ -43.623088512128597, -21.776060802340911 ], [ -43.623088512128597, -21.780552378761509 ], [ -43.627580088549195, -21.780552378761509 ], [ -43.627580088549195, -21.776060802340911 ] ] ], [ [ [ -43.591647477184416, -21.771569225920313 ], [ -43.587155900763818, -21.771569225920313 ], [ -43.587155900763818, -21.776060802340911 ], [ -43.591647477184416, -21.776060802340911 ], [ -43.591647477184416, -21.771569225920313 ] ] ], [ [ [ -43.623088512128597, -21.776060802340911 ], [ -43.623088512128597, -21.771569225920313 ], [ -43.618596935707998, -21.771569225920313 ], [ -43.618596935707998, -21.776060802340911 ], [ -43.623088512128597, -21.776060802340911 ] ] ], [ [ [ -43.587155900763818, -21.771569225920313 ], [ -43.587155900763818, -21.767077649499715 ], [ -43.58266432434322, -21.767077649499715 ], [ -43.58266432434322, -21.771569225920313 ], [ -43.587155900763818, -21.771569225920313 ] ] ], [ [ [ -43.596139053605015, -21.753602920237924 ], [ -43.596139053605015, -21.767077649499715 ], [ -43.605122206446204, -21.767077649499715 ], [ -43.605122206446204, -21.758094496658519 ], [ -43.600630630025613, -21.758094496658519 ], [ -43.600630630025613, -21.753602920237924 ], [ -43.596139053605015, -21.753602920237924 ] ] ], [ [ [ -43.560206442240229, -21.753602920237924 ], [ -43.555714865819631, -21.753602920237924 ], [ -43.555714865819631, -21.758094496658519 ], [ -43.560206442240229, -21.758094496658519 ], [ -43.560206442240229, -21.753602920237924 ] ] ], [ [ [ -43.560206442240229, -21.744619767396728 ], [ -43.555714865819631, -21.744619767396728 ], [ -43.555714865819631, -21.749111343817326 ], [ -43.560206442240229, -21.749111343817326 ], [ -43.560206442240229, -21.744619767396728 ] ] ], [ [ [ -43.569189595081426, -21.749111343817326 ], [ -43.569189595081426, -21.744619767396728 ], [ -43.564698018660827, -21.744619767396728 ], [ -43.564698018660827, -21.749111343817326 ], [ -43.569189595081426, -21.749111343817326 ] ] ], [ [ [ -43.596139053605015, -21.740128190976129 ], [ -43.591647477184416, -21.740128190976129 ], [ -43.591647477184416, -21.744619767396728 ], [ -43.596139053605015, -21.744619767396728 ], [ -43.596139053605015, -21.740128190976129 ] ] ], [ [ [ -43.551223289399033, -21.735636614555531 ], [ -43.546731712978442, -21.735636614555531 ], [ -43.546731712978442, -21.744619767396728 ], [ -43.555714865819631, -21.744619767396728 ], [ -43.555714865819631, -21.731145038134933 ], [ -43.551223289399033, -21.731145038134933 ], [ -43.551223289399033, -21.735636614555531 ] ] ], [ [ [ -43.600630630025613, -21.740128190976129 ], [ -43.600630630025613, -21.735636614555531 ], [ -43.596139053605015, -21.735636614555531 ], [ -43.596139053605015, -21.740128190976129 ], [ -43.600630630025613, -21.740128190976129 ] ] ], [ [ [ -43.578172747922622, -21.717670308873142 ], [ -43.573681171502024, -21.717670308873142 ], [ -43.573681171502024, -21.72216188529374 ], [ -43.578172747922622, -21.72216188529374 ], [ -43.578172747922622, -21.717670308873142 ] ] ], [ [ [ -43.555714865819631, -21.717670308873142 ], [ -43.551223289399033, -21.717670308873142 ], [ -43.551223289399033, -21.72216188529374 ], [ -43.555714865819631, -21.72216188529374 ], [ -43.555714865819631, -21.717670308873142 ] ] ], [ [ [ -43.569189595081426, -21.72216188529374 ], [ -43.569189595081426, -21.708687156031946 ], [ -43.564698018660827, -21.708687156031946 ], [ -43.564698018660827, -21.713178732452544 ], [ -43.560206442240229, -21.713178732452544 ], [ -43.560206442240229, -21.717670308873142 ], [ -43.564698018660827, -21.717670308873142 ], [ -43.564698018660827, -21.72216188529374 ], [ -43.569189595081426, -21.72216188529374 ] ] ], [ [ [ -43.555714865819631, -21.713178732452544 ], [ -43.555714865819631, -21.708687156031946 ], [ -43.551223289399033, -21.708687156031946 ], [ -43.551223289399033, -21.713178732452544 ], [ -43.555714865819631, -21.713178732452544 ] ] ], [ [ [ -43.623088512128597, -21.708687156031946 ], [ -43.623088512128597, -21.704195579611348 ], [ -43.618596935707998, -21.704195579611348 ], [ -43.618596935707998, -21.708687156031946 ], [ -43.623088512128597, -21.708687156031946 ] ] ], [ [ [ -43.6141053592874, -21.68173769750836 ], [ -43.609613782866802, -21.68173769750836 ], [ -43.609613782866802, -21.686229273928959 ], [ -43.6141053592874, -21.686229273928959 ], [ -43.6141053592874, -21.68173769750836 ] ] ], [ [ [ -43.569189595081426, -21.68173769750836 ], [ -43.564698018660827, -21.68173769750836 ], [ -43.564698018660827, -21.686229273928959 ], [ -43.569189595081426, -21.686229273928959 ], [ -43.569189595081426, -21.68173769750836 ] ] ], [ [ [ -43.578172747922622, -21.68173769750836 ], [ -43.578172747922622, -21.672754544667164 ], [ -43.573681171502024, -21.672754544667164 ], [ -43.573681171502024, -21.68173769750836 ], [ -43.578172747922622, -21.68173769750836 ] ] ], [ [ [ -43.645546394231587, -21.68173769750836 ], [ -43.645546394231587, -21.668262968246569 ], [ -43.632071664969793, -21.668262968246569 ], [ -43.632071664969793, -21.672754544667164 ], [ -43.636563241390391, -21.672754544667164 ], [ -43.636563241390391, -21.677246121087762 ], [ -43.641054817810989, -21.677246121087762 ], [ -43.641054817810989, -21.68173769750836 ], [ -43.645546394231587, -21.68173769750836 ] ] ], [ [ [ -43.663512699913973, -21.677246121087762 ], [ -43.663512699913973, -21.672754544667164 ], [ -43.659021123493375, -21.672754544667164 ], [ -43.659021123493375, -21.677246121087762 ], [ -43.663512699913973, -21.677246121087762 ] ] ], [ [ [ -43.560206442240229, -21.672754544667164 ], [ -43.555714865819631, -21.672754544667164 ], [ -43.555714865819631, -21.677246121087762 ], [ -43.560206442240229, -21.677246121087762 ], [ -43.560206442240229, -21.672754544667164 ] ] ], [ [ [ -43.632071664969793, -21.663771391825971 ], [ -43.627580088549195, -21.663771391825971 ], [ -43.627580088549195, -21.668262968246569 ], [ -43.632071664969793, -21.668262968246569 ], [ -43.632071664969793, -21.663771391825971 ] ] ], [ [ [ -43.564698018660827, -21.668262968246569 ], [ -43.564698018660827, -21.663771391825971 ], [ -43.560206442240229, -21.663771391825971 ], [ -43.560206442240229, -21.668262968246569 ], [ -43.564698018660827, -21.668262968246569 ] ] ], [ [ [ -43.654529547072784, -21.668262968246569 ], [ -43.654529547072784, -21.663771391825971 ], [ -43.650037970652185, -21.663771391825971 ], [ -43.650037970652185, -21.668262968246569 ], [ -43.654529547072784, -21.668262968246569 ] ] ], [ [ [ -43.560206442240229, -21.645805086143579 ], [ -43.560206442240229, -21.641313509722984 ], [ -43.555714865819631, -21.641313509722984 ], [ -43.555714865819631, -21.645805086143579 ], [ -43.560206442240229, -21.645805086143579 ] ] ], [ [ [ -43.506307525193058, -21.915299671379437 ], [ -43.50181594877246, -21.915299671379437 ], [ -43.50181594877246, -21.910808094958838 ], [ -43.497324372351862, -21.910808094958838 ], [ -43.497324372351862, -21.919791247800035 ], [ -43.50181594877246, -21.919791247800035 ], [ -43.50181594877246, -21.924282824220629 ], [ -43.506307525193058, -21.924282824220629 ], [ -43.506307525193058, -21.915299671379437 ] ] ], [ [ [ -43.506307525193058, -21.915299671379437 ], [ -43.510799101613657, -21.915299671379437 ], [ -43.510799101613657, -21.919791247800035 ], [ -43.524273830875451, -21.919791247800035 ], [ -43.524273830875451, -21.915299671379437 ], [ -43.515290678034255, -21.915299671379437 ], [ -43.515290678034255, -21.910808094958838 ], [ -43.506307525193058, -21.910808094958838 ], [ -43.506307525193058, -21.915299671379437 ] ] ], [ [ [ -43.497324372351862, -21.897333365697044 ], [ -43.497324372351862, -21.892841789276449 ], [ -43.492832795931264, -21.892841789276449 ], [ -43.492832795931264, -21.897333365697044 ], [ -43.497324372351862, -21.897333365697044 ] ] ], [ [ [ -43.510799101613657, -21.785043955182104 ], [ -43.50181594877246, -21.785043955182104 ], [ -43.50181594877246, -21.7940271080233 ], [ -43.510799101613657, -21.7940271080233 ], [ -43.510799101613657, -21.785043955182104 ] ] ], [ [ [ -43.492832795931264, -21.767077649499715 ], [ -43.488341219510673, -21.767077649499715 ], [ -43.488341219510673, -21.776060802340911 ], [ -43.492832795931264, -21.776060802340911 ], [ -43.492832795931264, -21.767077649499715 ] ] ], [ [ [ -43.515290678034255, -21.762586073079117 ], [ -43.515290678034255, -21.758094496658519 ], [ -43.510799101613657, -21.758094496658519 ], [ -43.510799101613657, -21.762586073079117 ], [ -43.515290678034255, -21.762586073079117 ] ] ], [ [ [ -43.497324372351862, -21.744619767396728 ], [ -43.492832795931264, -21.744619767396728 ], [ -43.492832795931264, -21.749111343817326 ], [ -43.497324372351862, -21.749111343817326 ], [ -43.497324372351862, -21.744619767396728 ] ] ], [ [ [ -43.47037491382828, -21.735636614555531 ], [ -43.474866490248878, -21.735636614555531 ], [ -43.474866490248878, -21.749111343817326 ], [ -43.479358066669477, -21.749111343817326 ], [ -43.479358066669477, -21.731145038134933 ], [ -43.47037491382828, -21.731145038134933 ], [ -43.47037491382828, -21.735636614555531 ] ] ], [ [ [ -43.492832795931264, -21.740128190976129 ], [ -43.492832795931264, -21.735636614555531 ], [ -43.483849643090075, -21.735636614555531 ], [ -43.483849643090075, -21.740128190976129 ], [ -43.492832795931264, -21.740128190976129 ] ] ], [ [ [ -43.50181594877246, -21.731145038134933 ], [ -43.50181594877246, -21.726653461714339 ], [ -43.492832795931264, -21.726653461714339 ], [ -43.492832795931264, -21.731145038134933 ], [ -43.497324372351862, -21.731145038134933 ], [ -43.497324372351862, -21.740128190976129 ], [ -43.506307525193058, -21.740128190976129 ], [ -43.506307525193058, -21.731145038134933 ], [ -43.50181594877246, -21.731145038134933 ] ] ], [ [ [ -43.519782254454853, -21.735636614555531 ], [ -43.519782254454853, -21.731145038134933 ], [ -43.515290678034255, -21.731145038134933 ], [ -43.515290678034255, -21.735636614555531 ], [ -43.519782254454853, -21.735636614555531 ] ] ], [ [ [ -43.483849643090075, -21.726653461714339 ], [ -43.479358066669477, -21.726653461714339 ], [ -43.479358066669477, -21.731145038134933 ], [ -43.483849643090075, -21.731145038134933 ], [ -43.483849643090075, -21.726653461714339 ] ] ], [ [ [ -43.465883337407682, -21.72216188529374 ], [ -43.461391760987084, -21.72216188529374 ], [ -43.461391760987084, -21.726653461714339 ], [ -43.465883337407682, -21.726653461714339 ], [ -43.465883337407682, -21.72216188529374 ] ] ], [ [ [ -43.524273830875451, -21.713178732452544 ], [ -43.524273830875451, -21.717670308873142 ], [ -43.519782254454853, -21.717670308873142 ], [ -43.519782254454853, -21.726653461714339 ], [ -43.528765407296049, -21.726653461714339 ], [ -43.528765407296049, -21.713178732452544 ], [ -43.524273830875451, -21.713178732452544 ] ] ], [ [ [ -43.492832795931264, -21.713178732452544 ], [ -43.488341219510673, -21.713178732452544 ], [ -43.488341219510673, -21.708687156031946 ], [ -43.474866490248878, -21.708687156031946 ], [ -43.474866490248878, -21.717670308873142 ], [ -43.479358066669477, -21.717670308873142 ], [ -43.479358066669477, -21.72216188529374 ], [ -43.483849643090075, -21.72216188529374 ], [ -43.483849643090075, -21.726653461714339 ], [ -43.488341219510673, -21.726653461714339 ], [ -43.488341219510673, -21.72216188529374 ], [ -43.492832795931264, -21.72216188529374 ], [ -43.492832795931264, -21.713178732452544 ] ], [ [ -43.479358066669477, -21.713178732452544 ], [ -43.483849643090075, -21.713178732452544 ], [ -43.483849643090075, -21.717670308873142 ], [ -43.479358066669477, -21.717670308873142 ], [ -43.479358066669477, -21.713178732452544 ] ] ], [ [ [ -43.488341219510673, -21.699704003190753 ], [ -43.488341219510673, -21.708687156031946 ], [ -43.497324372351862, -21.708687156031946 ], [ -43.497324372351862, -21.704195579611348 ], [ -43.492832795931264, -21.704195579611348 ], [ -43.492832795931264, -21.699704003190753 ], [ -43.488341219510673, -21.699704003190753 ] ] ], [ [ [ -43.524273830875451, -21.704195579611348 ], [ -43.519782254454853, -21.704195579611348 ], [ -43.519782254454853, -21.699704003190753 ], [ -43.524273830875451, -21.699704003190753 ], [ -43.524273830875451, -21.695212426770155 ], [ -43.519782254454853, -21.695212426770155 ], [ -43.519782254454853, -21.690720850349557 ], [ -43.510799101613657, -21.690720850349557 ], [ -43.510799101613657, -21.708687156031946 ], [ -43.515290678034255, -21.708687156031946 ], [ -43.515290678034255, -21.713178732452544 ], [ -43.519782254454853, -21.713178732452544 ], [ -43.519782254454853, -21.708687156031946 ], [ -43.524273830875451, -21.708687156031946 ], [ -43.524273830875451, -21.704195579611348 ] ] ], [ [ [ -43.506307525193058, -21.695212426770155 ], [ -43.497324372351862, -21.695212426770155 ], [ -43.497324372351862, -21.699704003190753 ], [ -43.506307525193058, -21.699704003190753 ], [ -43.506307525193058, -21.695212426770155 ] ] ], [ [ [ -43.50181594877246, -21.686229273928959 ], [ -43.50181594877246, -21.677246121087762 ], [ -43.497324372351862, -21.677246121087762 ], [ -43.497324372351862, -21.686229273928959 ], [ -43.50181594877246, -21.686229273928959 ] ] ], [ [ [ -43.488341219510673, -21.68173769750836 ], [ -43.488341219510673, -21.677246121087762 ], [ -43.483849643090075, -21.677246121087762 ], [ -43.483849643090075, -21.68173769750836 ], [ -43.488341219510673, -21.68173769750836 ] ] ], [ [ [ -43.506307525193058, -21.677246121087762 ], [ -43.506307525193058, -21.672754544667164 ], [ -43.50181594877246, -21.672754544667164 ], [ -43.50181594877246, -21.677246121087762 ], [ -43.506307525193058, -21.677246121087762 ] ] ], [ [ [ -43.474866490248878, -21.668262968246569 ], [ -43.47037491382828, -21.668262968246569 ], [ -43.47037491382828, -21.672754544667164 ], [ -43.474866490248878, -21.672754544667164 ], [ -43.474866490248878, -21.668262968246569 ] ] ], [ [ [ -43.483849643090075, -21.668262968246569 ], [ -43.488341219510673, -21.668262968246569 ], [ -43.488341219510673, -21.672754544667164 ], [ -43.492832795931264, -21.672754544667164 ], [ -43.492832795931264, -21.663771391825971 ], [ -43.483849643090075, -21.663771391825971 ], [ -43.483849643090075, -21.668262968246569 ] ] ], [ [ [ -43.515290678034255, -21.668262968246569 ], [ -43.515290678034255, -21.663771391825971 ], [ -43.510799101613657, -21.663771391825971 ], [ -43.510799101613657, -21.668262968246569 ], [ -43.515290678034255, -21.668262968246569 ] ] ], [ [ [ -43.479358066669477, -21.663771391825971 ], [ -43.474866490248878, -21.663771391825971 ], [ -43.474866490248878, -21.668262968246569 ], [ -43.479358066669477, -21.668262968246569 ], [ -43.479358066669477, -21.663771391825971 ] ] ], [ [ [ -43.50181594877246, -21.654788238984775 ], [ -43.497324372351862, -21.654788238984775 ], [ -43.497324372351862, -21.668262968246569 ], [ -43.50181594877246, -21.668262968246569 ], [ -43.50181594877246, -21.663771391825971 ], [ -43.506307525193058, -21.663771391825971 ], [ -43.506307525193058, -21.659279815405373 ], [ -43.50181594877246, -21.659279815405373 ], [ -43.50181594877246, -21.654788238984775 ] ] ], [ [ [ -43.510799101613657, -21.654788238984775 ], [ -43.510799101613657, -21.650296662564177 ], [ -43.506307525193058, -21.650296662564177 ], [ -43.506307525193058, -21.654788238984775 ], [ -43.510799101613657, -21.654788238984775 ] ] ], [ [ [ -43.488341219510673, -21.650296662564177 ], [ -43.497324372351862, -21.650296662564177 ], [ -43.497324372351862, -21.641313509722984 ], [ -43.492832795931264, -21.641313509722984 ], [ -43.492832795931264, -21.636821933302386 ], [ -43.488341219510673, -21.636821933302386 ], [ -43.488341219510673, -21.650296662564177 ] ] ], [ [ [ -43.47037491382828, -21.632330356881788 ], [ -43.465883337407682, -21.632330356881788 ], [ -43.465883337407682, -21.636821933302386 ], [ -43.47037491382828, -21.636821933302386 ], [ -43.47037491382828, -21.632330356881788 ] ] ], [ [ [ -43.519782254454853, -21.605380898358202 ], [ -43.519782254454853, -21.600889321937604 ], [ -43.515290678034255, -21.600889321937604 ], [ -43.515290678034255, -21.605380898358202 ], [ -43.519782254454853, -21.605380898358202 ] ] ], [ [ [ -43.492832795931264, -21.600889321937604 ], [ -43.492832795931264, -21.596397745517006 ], [ -43.483849643090075, -21.596397745517006 ], [ -43.483849643090075, -21.600889321937604 ], [ -43.479358066669477, -21.600889321937604 ], [ -43.479358066669477, -21.605380898358202 ], [ -43.488341219510673, -21.605380898358202 ], [ -43.488341219510673, -21.600889321937604 ], [ -43.492832795931264, -21.600889321937604 ] ] ], [ [ [ -43.519782254454853, -21.591906169096408 ], [ -43.519782254454853, -21.587414592675813 ], [ -43.515290678034255, -21.587414592675813 ], [ -43.515290678034255, -21.591906169096408 ], [ -43.519782254454853, -21.591906169096408 ] ] ], [ [ [ -43.483849643090075, -21.587414592675813 ], [ -43.492832795931264, -21.587414592675813 ], [ -43.492832795931264, -21.578431439834617 ], [ -43.488341219510673, -21.578431439834617 ], [ -43.488341219510673, -21.573939863414019 ], [ -43.483849643090075, -21.573939863414019 ], [ -43.483849643090075, -21.587414592675813 ] ] ], [ [ [ -43.515290678034255, -21.578431439834617 ], [ -43.510799101613657, -21.578431439834617 ], [ -43.510799101613657, -21.582923016255215 ], [ -43.515290678034255, -21.582923016255215 ], [ -43.515290678034255, -21.578431439834617 ] ] ], [ [ [ -43.416475996781109, -21.883858636435253 ], [ -43.416475996781109, -21.870383907173458 ], [ -43.411984420360511, -21.870383907173458 ], [ -43.411984420360511, -21.883858636435253 ], [ -43.416475996781109, -21.883858636435253 ] ] ], [ [ [ -43.407492843939913, -21.879367060014655 ], [ -43.407492843939913, -21.874875483594057 ], [ -43.398509691098717, -21.874875483594057 ], [ -43.398509691098717, -21.870383907173458 ], [ -43.394018114678119, -21.870383907173458 ], [ -43.394018114678119, -21.879367060014655 ], [ -43.38952653825752, -21.879367060014655 ], [ -43.38952653825752, -21.883858636435253 ], [ -43.398509691098717, -21.883858636435253 ], [ -43.398509691098717, -21.879367060014655 ], [ -43.407492843939913, -21.879367060014655 ] ] ], [ [ [ -43.447917031725289, -21.874875483594057 ], [ -43.447917031725289, -21.861400754332266 ], [ -43.443425455304691, -21.861400754332266 ], [ -43.443425455304691, -21.874875483594057 ], [ -43.447917031725289, -21.874875483594057 ] ] ], [ [ [ -43.407492843939913, -21.865892330752864 ], [ -43.403001267519315, -21.865892330752864 ], [ -43.403001267519315, -21.870383907173458 ], [ -43.407492843939913, -21.870383907173458 ], [ -43.407492843939913, -21.865892330752864 ] ] ], [ [ [ -43.411984420360511, -21.856909177911668 ], [ -43.403001267519315, -21.856909177911668 ], [ -43.403001267519315, -21.861400754332266 ], [ -43.407492843939913, -21.861400754332266 ], [ -43.407492843939913, -21.865892330752864 ], [ -43.411984420360511, -21.865892330752864 ], [ -43.411984420360511, -21.856909177911668 ] ] ], [ [ [ -43.411984420360511, -21.852417601491069 ], [ -43.416475996781109, -21.852417601491069 ], [ -43.416475996781109, -21.856909177911668 ], [ -43.420967573201708, -21.856909177911668 ], [ -43.420967573201708, -21.847926025070471 ], [ -43.411984420360511, -21.847926025070471 ], [ -43.411984420360511, -21.852417601491069 ] ] ], [ [ [ -43.407492843939913, -21.847926025070471 ], [ -43.411984420360511, -21.847926025070471 ], [ -43.411984420360511, -21.843434448649873 ], [ -43.407492843939913, -21.843434448649873 ], [ -43.407492843939913, -21.847926025070471 ] ] ], [ [ [ -43.411984420360511, -21.816484990126288 ], [ -43.411984420360511, -21.807501837285095 ], [ -43.407492843939913, -21.807501837285095 ], [ -43.407492843939913, -21.816484990126288 ], [ -43.411984420360511, -21.816484990126288 ] ] ], [ [ [ -43.403001267519315, -21.807501837285095 ], [ -43.398509691098717, -21.807501837285095 ], [ -43.398509691098717, -21.811993413705689 ], [ -43.403001267519315, -21.811993413705689 ], [ -43.403001267519315, -21.807501837285095 ] ] ], [ [ [ -43.420967573201708, -21.789535531602702 ], [ -43.416475996781109, -21.789535531602702 ], [ -43.416475996781109, -21.7940271080233 ], [ -43.411984420360511, -21.7940271080233 ], [ -43.411984420360511, -21.798518684443899 ], [ -43.425459149622306, -21.798518684443899 ], [ -43.425459149622306, -21.7940271080233 ], [ -43.420967573201708, -21.7940271080233 ], [ -43.420967573201708, -21.789535531602702 ] ] ], [ [ [ -43.425459149622306, -21.785043955182104 ], [ -43.420967573201708, -21.785043955182104 ], [ -43.420967573201708, -21.789535531602702 ], [ -43.425459149622306, -21.789535531602702 ], [ -43.425459149622306, -21.785043955182104 ] ] ], [ [ [ -43.398509691098717, -21.785043955182104 ], [ -43.407492843939913, -21.785043955182104 ], [ -43.407492843939913, -21.789535531602702 ], [ -43.411984420360511, -21.789535531602702 ], [ -43.411984420360511, -21.780552378761509 ], [ -43.398509691098717, -21.780552378761509 ], [ -43.398509691098717, -21.785043955182104 ] ] ], [ [ [ -43.416475996781109, -21.785043955182104 ], [ -43.420967573201708, -21.785043955182104 ], [ -43.420967573201708, -21.780552378761509 ], [ -43.443425455304691, -21.780552378761509 ], [ -43.443425455304691, -21.776060802340911 ], [ -43.438933878884093, -21.776060802340911 ], [ -43.438933878884093, -21.771569225920313 ], [ -43.443425455304691, -21.771569225920313 ], [ -43.443425455304691, -21.767077649499715 ], [ -43.438933878884093, -21.767077649499715 ], [ -43.438933878884093, -21.762586073079117 ], [ -43.420967573201708, -21.762586073079117 ], [ -43.420967573201708, -21.771569225920313 ], [ -43.416475996781109, -21.771569225920313 ], [ -43.416475996781109, -21.767077649499715 ], [ -43.411984420360511, -21.767077649499715 ], [ -43.411984420360511, -21.776060802340911 ], [ -43.416475996781109, -21.776060802340911 ], [ -43.416475996781109, -21.785043955182104 ] ] ], [ [ [ -43.407492843939913, -21.771569225920313 ], [ -43.407492843939913, -21.767077649499715 ], [ -43.403001267519315, -21.767077649499715 ], [ -43.403001267519315, -21.771569225920313 ], [ -43.407492843939913, -21.771569225920313 ] ] ], [ [ [ -43.456900184566486, -21.753602920237924 ], [ -43.452408608145888, -21.753602920237924 ], [ -43.452408608145888, -21.758094496658519 ], [ -43.456900184566486, -21.758094496658519 ], [ -43.456900184566486, -21.753602920237924 ] ] ], [ [ [ -43.443425455304691, -21.749111343817326 ], [ -43.438933878884093, -21.749111343817326 ], [ -43.438933878884093, -21.758094496658519 ], [ -43.443425455304691, -21.758094496658519 ], [ -43.443425455304691, -21.749111343817326 ] ] ], [ [ [ -43.452408608145888, -21.749111343817326 ], [ -43.452408608145888, -21.740128190976129 ], [ -43.443425455304691, -21.740128190976129 ], [ -43.443425455304691, -21.749111343817326 ], [ -43.452408608145888, -21.749111343817326 ] ] ], [ [ [ -43.425459149622306, -21.753602920237924 ], [ -43.425459149622306, -21.749111343817326 ], [ -43.420967573201708, -21.749111343817326 ], [ -43.420967573201708, -21.744619767396728 ], [ -43.416475996781109, -21.744619767396728 ], [ -43.416475996781109, -21.740128190976129 ], [ -43.425459149622306, -21.740128190976129 ], [ -43.425459149622306, -21.731145038134933 ], [ -43.411984420360511, -21.731145038134933 ], [ -43.411984420360511, -21.744619767396728 ], [ -43.407492843939913, -21.744619767396728 ], [ -43.407492843939913, -21.749111343817326 ], [ -43.416475996781109, -21.749111343817326 ], [ -43.416475996781109, -21.753602920237924 ], [ -43.425459149622306, -21.753602920237924 ] ] ], [ [ [ -43.411984420360511, -21.726653461714339 ], [ -43.411984420360511, -21.72216188529374 ], [ -43.407492843939913, -21.72216188529374 ], [ -43.407492843939913, -21.726653461714339 ], [ -43.411984420360511, -21.726653461714339 ] ] ], [ [ [ -43.461391760987084, -21.717670308873142 ], [ -43.456900184566486, -21.717670308873142 ], [ -43.456900184566486, -21.72216188529374 ], [ -43.461391760987084, -21.72216188529374 ], [ -43.461391760987084, -21.717670308873142 ] ] ], [ [ [ -43.447917031725289, -21.686229273928959 ], [ -43.447917031725289, -21.708687156031946 ], [ -43.443425455304691, -21.708687156031946 ], [ -43.443425455304691, -21.717670308873142 ], [ -43.434442302463502, -21.717670308873142 ], [ -43.434442302463502, -21.72216188529374 ], [ -43.438933878884093, -21.72216188529374 ], [ -43.438933878884093, -21.726653461714339 ], [ -43.434442302463502, -21.726653461714339 ], [ -43.434442302463502, -21.731145038134933 ], [ -43.443425455304691, -21.731145038134933 ], [ -43.443425455304691, -21.726653461714339 ], [ -43.447917031725289, -21.726653461714339 ], [ -43.447917031725289, -21.713178732452544 ], [ -43.456900184566486, -21.713178732452544 ], [ -43.456900184566486, -21.708687156031946 ], [ -43.461391760987084, -21.708687156031946 ], [ -43.461391760987084, -21.717670308873142 ], [ -43.47037491382828, -21.717670308873142 ], [ -43.47037491382828, -21.699704003190753 ], [ -43.474866490248878, -21.699704003190753 ], [ -43.474866490248878, -21.695212426770155 ], [ -43.483849643090075, -21.695212426770155 ], [ -43.483849643090075, -21.690720850349557 ], [ -43.474866490248878, -21.690720850349557 ], [ -43.474866490248878, -21.686229273928959 ], [ -43.461391760987084, -21.686229273928959 ], [ -43.461391760987084, -21.68173769750836 ], [ -43.47037491382828, -21.68173769750836 ], [ -43.47037491382828, -21.677246121087762 ], [ -43.456900184566486, -21.677246121087762 ], [ -43.456900184566486, -21.68173769750836 ], [ -43.452408608145888, -21.68173769750836 ], [ -43.452408608145888, -21.686229273928959 ], [ -43.447917031725289, -21.686229273928959 ] ], [ [ -43.461391760987084, -21.690720850349557 ], [ -43.456900184566486, -21.690720850349557 ], [ -43.456900184566486, -21.686229273928959 ], [ -43.461391760987084, -21.686229273928959 ], [ -43.461391760987084, -21.690720850349557 ] ], [ [ -43.465883337407682, -21.695212426770155 ], [ -43.465883337407682, -21.699704003190753 ], [ -43.461391760987084, -21.699704003190753 ], [ -43.461391760987084, -21.695212426770155 ], [ -43.465883337407682, -21.695212426770155 ] ] ], [ [ [ -43.411984420360511, -21.695212426770155 ], [ -43.411984420360511, -21.690720850349557 ], [ -43.403001267519315, -21.690720850349557 ], [ -43.403001267519315, -21.695212426770155 ], [ -43.407492843939913, -21.695212426770155 ], [ -43.407492843939913, -21.704195579611348 ], [ -43.416475996781109, -21.704195579611348 ], [ -43.416475996781109, -21.695212426770155 ], [ -43.411984420360511, -21.695212426770155 ] ] ], [ [ [ -43.398509691098717, -21.672754544667164 ], [ -43.398509691098717, -21.668262968246569 ], [ -43.394018114678119, -21.668262968246569 ], [ -43.394018114678119, -21.672754544667164 ], [ -43.398509691098717, -21.672754544667164 ] ] ], [ [ [ -43.452408608145888, -21.672754544667164 ], [ -43.452408608145888, -21.668262968246569 ], [ -43.447917031725289, -21.668262968246569 ], [ -43.447917031725289, -21.672754544667164 ], [ -43.452408608145888, -21.672754544667164 ] ] ], [ [ [ -43.425459149622306, -21.650296662564177 ], [ -43.434442302463502, -21.650296662564177 ], [ -43.434442302463502, -21.645805086143579 ], [ -43.438933878884093, -21.645805086143579 ], [ -43.438933878884093, -21.641313509722984 ], [ -43.443425455304691, -21.641313509722984 ], [ -43.443425455304691, -21.636821933302386 ], [ -43.434442302463502, -21.636821933302386 ], [ -43.434442302463502, -21.641313509722984 ], [ -43.429950726042904, -21.641313509722984 ], [ -43.429950726042904, -21.636821933302386 ], [ -43.425459149622306, -21.636821933302386 ], [ -43.425459149622306, -21.641313509722984 ], [ -43.420967573201708, -21.641313509722984 ], [ -43.420967573201708, -21.650296662564177 ], [ -43.407492843939913, -21.650296662564177 ], [ -43.407492843939913, -21.654788238984775 ], [ -43.398509691098717, -21.654788238984775 ], [ -43.398509691098717, -21.668262968246569 ], [ -43.403001267519315, -21.668262968246569 ], [ -43.403001267519315, -21.659279815405373 ], [ -43.407492843939913, -21.659279815405373 ], [ -43.407492843939913, -21.672754544667164 ], [ -43.398509691098717, -21.672754544667164 ], [ -43.398509691098717, -21.677246121087762 ], [ -43.407492843939913, -21.677246121087762 ], [ -43.407492843939913, -21.68173769750836 ], [ -43.411984420360511, -21.68173769750836 ], [ -43.411984420360511, -21.677246121087762 ], [ -43.416475996781109, -21.677246121087762 ], [ -43.416475996781109, -21.672754544667164 ], [ -43.420967573201708, -21.672754544667164 ], [ -43.420967573201708, -21.686229273928959 ], [ -43.429950726042904, -21.686229273928959 ], [ -43.429950726042904, -21.677246121087762 ], [ -43.434442302463502, -21.677246121087762 ], [ -43.434442302463502, -21.672754544667164 ], [ -43.443425455304691, -21.672754544667164 ], [ -43.443425455304691, -21.663771391825971 ], [ -43.447917031725289, -21.663771391825971 ], [ -43.447917031725289, -21.659279815405373 ], [ -43.452408608145888, -21.659279815405373 ], [ -43.452408608145888, -21.650296662564177 ], [ -43.447917031725289, -21.650296662564177 ], [ -43.447917031725289, -21.654788238984775 ], [ -43.443425455304691, -21.654788238984775 ], [ -43.443425455304691, -21.659279815405373 ], [ -43.434442302463502, -21.659279815405373 ], [ -43.434442302463502, -21.663771391825971 ], [ -43.429950726042904, -21.663771391825971 ], [ -43.429950726042904, -21.668262968246569 ], [ -43.425459149622306, -21.668262968246569 ], [ -43.425459149622306, -21.663771391825971 ], [ -43.420967573201708, -21.663771391825971 ], [ -43.420967573201708, -21.659279815405373 ], [ -43.425459149622306, -21.659279815405373 ], [ -43.425459149622306, -21.650296662564177 ] ], [ [ -43.438933878884093, -21.663771391825971 ], [ -43.438933878884093, -21.668262968246569 ], [ -43.434442302463502, -21.668262968246569 ], [ -43.434442302463502, -21.663771391825971 ], [ -43.438933878884093, -21.663771391825971 ] ] ], [ [ [ -43.452408608145888, -21.650296662564177 ], [ -43.456900184566486, -21.650296662564177 ], [ -43.456900184566486, -21.654788238984775 ], [ -43.461391760987084, -21.654788238984775 ], [ -43.461391760987084, -21.645805086143579 ], [ -43.456900184566486, -21.645805086143579 ], [ -43.456900184566486, -21.636821933302386 ], [ -43.452408608145888, -21.636821933302386 ], [ -43.452408608145888, -21.650296662564177 ] ] ], [ [ [ -43.447917031725289, -21.62783878046119 ], [ -43.447917031725289, -21.623347204040591 ], [ -43.443425455304691, -21.623347204040591 ], [ -43.443425455304691, -21.62783878046119 ], [ -43.447917031725289, -21.62783878046119 ] ] ], [ [ [ -43.434442302463502, -21.623347204040591 ], [ -43.434442302463502, -21.618855627619993 ], [ -43.429950726042904, -21.618855627619993 ], [ -43.429950726042904, -21.623347204040591 ], [ -43.434442302463502, -21.623347204040591 ] ] ], [ [ [ -43.452408608145888, -21.623347204040591 ], [ -43.452408608145888, -21.618855627619993 ], [ -43.447917031725289, -21.618855627619993 ], [ -43.447917031725289, -21.623347204040591 ], [ -43.452408608145888, -21.623347204040591 ] ] ], [ [ [ -43.407492843939913, -21.591906169096408 ], [ -43.411984420360511, -21.591906169096408 ], [ -43.411984420360511, -21.587414592675813 ], [ -43.407492843939913, -21.587414592675813 ], [ -43.407492843939913, -21.591906169096408 ] ] ], [ [ [ -43.398509691098717, -21.596397745517006 ], [ -43.407492843939913, -21.596397745517006 ], [ -43.407492843939913, -21.591906169096408 ], [ -43.403001267519315, -21.591906169096408 ], [ -43.403001267519315, -21.582923016255215 ], [ -43.38952653825752, -21.582923016255215 ], [ -43.38952653825752, -21.587414592675813 ], [ -43.394018114678119, -21.587414592675813 ], [ -43.394018114678119, -21.591906169096408 ], [ -43.398509691098717, -21.591906169096408 ], [ -43.398509691098717, -21.596397745517006 ] ] ], [ [ [ -43.461391760987084, -21.582923016255215 ], [ -43.461391760987084, -21.578431439834617 ], [ -43.456900184566486, -21.578431439834617 ], [ -43.456900184566486, -21.582923016255215 ], [ -43.461391760987084, -21.582923016255215 ] ] ], [ [ [ -43.394018114678119, -21.551481981311031 ], [ -43.398509691098717, -21.551481981311031 ], [ -43.398509691098717, -21.546990404890433 ], [ -43.403001267519315, -21.546990404890433 ], [ -43.403001267519315, -21.542498828469835 ], [ -43.394018114678119, -21.542498828469835 ], [ -43.394018114678119, -21.551481981311031 ] ] ], [ [ [ -43.456900184566486, -21.533515675628642 ], [ -43.447917031725289, -21.533515675628642 ], [ -43.447917031725289, -21.538007252049237 ], [ -43.456900184566486, -21.538007252049237 ], [ -43.456900184566486, -21.533515675628642 ] ] ], [ [ [ -43.385034961836922, -21.892841789276449 ], [ -43.385034961836922, -21.888350212855851 ], [ -43.380543385416331, -21.888350212855851 ], [ -43.380543385416331, -21.892841789276449 ], [ -43.385034961836922, -21.892841789276449 ] ] ], [ [ [ -43.380543385416331, -21.829959719388082 ], [ -43.376051808995733, -21.829959719388082 ], [ -43.376051808995733, -21.83445129580868 ], [ -43.380543385416331, -21.83445129580868 ], [ -43.380543385416331, -21.829959719388082 ] ] ], [ [ [ -43.371560232575135, -21.816484990126288 ], [ -43.367068656154537, -21.816484990126288 ], [ -43.367068656154537, -21.811993413705689 ], [ -43.353593926892742, -21.811993413705689 ], [ -43.353593926892742, -21.816484990126288 ], [ -43.35808550331334, -21.816484990126288 ], [ -43.35808550331334, -21.820976566546886 ], [ -43.367068656154537, -21.820976566546886 ], [ -43.367068656154537, -21.825468142967484 ], [ -43.371560232575135, -21.825468142967484 ], [ -43.371560232575135, -21.816484990126288 ] ] ], [ [ [ -43.380543385416331, -21.820976566546886 ], [ -43.380543385416331, -21.816484990126288 ], [ -43.376051808995733, -21.816484990126288 ], [ -43.376051808995733, -21.820976566546886 ], [ -43.380543385416331, -21.820976566546886 ] ] ], [ [ [ -43.394018114678119, -21.811993413705689 ], [ -43.394018114678119, -21.807501837285095 ], [ -43.38952653825752, -21.807501837285095 ], [ -43.38952653825752, -21.811993413705689 ], [ -43.394018114678119, -21.811993413705689 ] ] ], [ [ [ -43.385034961836922, -21.811993413705689 ], [ -43.385034961836922, -21.807501837285095 ], [ -43.380543385416331, -21.807501837285095 ], [ -43.380543385416331, -21.811993413705689 ], [ -43.385034961836922, -21.811993413705689 ] ] ], [ [ [ -43.340119197630948, -21.803010260864497 ], [ -43.33562762121035, -21.803010260864497 ], [ -43.33562762121035, -21.807501837285095 ], [ -43.340119197630948, -21.807501837285095 ], [ -43.340119197630948, -21.803010260864497 ] ] ], [ [ [ -43.367068656154537, -21.803010260864497 ], [ -43.362577079733938, -21.803010260864497 ], [ -43.362577079733938, -21.807501837285095 ], [ -43.367068656154537, -21.807501837285095 ], [ -43.367068656154537, -21.803010260864497 ] ] ], [ [ [ -43.322152891948562, -21.735636614555531 ], [ -43.322152891948562, -21.731145038134933 ], [ -43.317661315527964, -21.731145038134933 ], [ -43.317661315527964, -21.735636614555531 ], [ -43.322152891948562, -21.735636614555531 ] ] ], [ [ [ -43.367068656154537, -21.72216188529374 ], [ -43.367068656154537, -21.717670308873142 ], [ -43.371560232575135, -21.717670308873142 ], [ -43.371560232575135, -21.708687156031946 ], [ -43.367068656154537, -21.708687156031946 ], [ -43.367068656154537, -21.713178732452544 ], [ -43.362577079733938, -21.713178732452544 ], [ -43.362577079733938, -21.726653461714339 ], [ -43.376051808995733, -21.726653461714339 ], [ -43.376051808995733, -21.72216188529374 ], [ -43.367068656154537, -21.72216188529374 ] ] ], [ [ [ -43.313169739107366, -21.717670308873142 ], [ -43.313169739107366, -21.713178732452544 ], [ -43.308678162686768, -21.713178732452544 ], [ -43.308678162686768, -21.717670308873142 ], [ -43.313169739107366, -21.717670308873142 ] ] ], [ [ [ -43.394018114678119, -21.713178732452544 ], [ -43.38952653825752, -21.713178732452544 ], [ -43.38952653825752, -21.717670308873142 ], [ -43.394018114678119, -21.717670308873142 ], [ -43.394018114678119, -21.713178732452544 ] ] ], [ [ [ -43.326644468369153, -21.708687156031946 ], [ -43.322152891948562, -21.708687156031946 ], [ -43.322152891948562, -21.72216188529374 ], [ -43.331136044789751, -21.72216188529374 ], [ -43.331136044789751, -21.726653461714339 ], [ -43.33562762121035, -21.726653461714339 ], [ -43.33562762121035, -21.717670308873142 ], [ -43.340119197630948, -21.717670308873142 ], [ -43.340119197630948, -21.713178732452544 ], [ -43.344610774051546, -21.713178732452544 ], [ -43.344610774051546, -21.708687156031946 ], [ -43.349102350472144, -21.708687156031946 ], [ -43.349102350472144, -21.695212426770155 ], [ -43.33562762121035, -21.695212426770155 ], [ -43.33562762121035, -21.699704003190753 ], [ -43.340119197630948, -21.699704003190753 ], [ -43.340119197630948, -21.708687156031946 ], [ -43.33562762121035, -21.708687156031946 ], [ -43.33562762121035, -21.704195579611348 ], [ -43.326644468369153, -21.704195579611348 ], [ -43.326644468369153, -21.708687156031946 ] ] ], [ [ [ -43.35808550331334, -21.704195579611348 ], [ -43.35808550331334, -21.699704003190753 ], [ -43.353593926892742, -21.699704003190753 ], [ -43.353593926892742, -21.704195579611348 ], [ -43.35808550331334, -21.704195579611348 ] ] ], [ [ [ -43.35808550331334, -21.68173769750836 ], [ -43.35808550331334, -21.686229273928959 ], [ -43.362577079733938, -21.686229273928959 ], [ -43.362577079733938, -21.677246121087762 ], [ -43.35808550331334, -21.677246121087762 ], [ -43.35808550331334, -21.672754544667164 ], [ -43.349102350472144, -21.672754544667164 ], [ -43.349102350472144, -21.668262968246569 ], [ -43.344610774051546, -21.668262968246569 ], [ -43.344610774051546, -21.672754544667164 ], [ -43.340119197630948, -21.672754544667164 ], [ -43.340119197630948, -21.686229273928959 ], [ -43.344610774051546, -21.686229273928959 ], [ -43.344610774051546, -21.68173769750836 ], [ -43.35808550331334, -21.68173769750836 ] ] ], [ [ [ -43.367068656154537, -21.677246121087762 ], [ -43.367068656154537, -21.672754544667164 ], [ -43.362577079733938, -21.672754544667164 ], [ -43.362577079733938, -21.677246121087762 ], [ -43.367068656154537, -21.677246121087762 ] ] ], [ [ [ -43.304186586266169, -21.668262968246569 ], [ -43.299695009845571, -21.668262968246569 ], [ -43.299695009845571, -21.672754544667164 ], [ -43.295203433424973, -21.672754544667164 ], [ -43.295203433424973, -21.668262968246569 ], [ -43.290711857004375, -21.668262968246569 ], [ -43.290711857004375, -21.672754544667164 ], [ -43.286220280583777, -21.672754544667164 ], [ -43.286220280583777, -21.677246121087762 ], [ -43.295203433424973, -21.677246121087762 ], [ -43.295203433424973, -21.68173769750836 ], [ -43.299695009845571, -21.68173769750836 ], [ -43.299695009845571, -21.677246121087762 ], [ -43.308678162686768, -21.677246121087762 ], [ -43.308678162686768, -21.68173769750836 ], [ -43.304186586266169, -21.68173769750836 ], [ -43.304186586266169, -21.686229273928959 ], [ -43.326644468369153, -21.686229273928959 ], [ -43.326644468369153, -21.690720850349557 ], [ -43.340119197630948, -21.690720850349557 ], [ -43.340119197630948, -21.686229273928959 ], [ -43.331136044789751, -21.686229273928959 ], [ -43.331136044789751, -21.68173769750836 ], [ -43.322152891948562, -21.68173769750836 ], [ -43.322152891948562, -21.672754544667164 ], [ -43.313169739107366, -21.672754544667164 ], [ -43.313169739107366, -21.659279815405373 ], [ -43.308678162686768, -21.659279815405373 ], [ -43.308678162686768, -21.654788238984775 ], [ -43.304186586266169, -21.654788238984775 ], [ -43.304186586266169, -21.659279815405373 ], [ -43.299695009845571, -21.659279815405373 ], [ -43.299695009845571, -21.663771391825971 ], [ -43.308678162686768, -21.663771391825971 ], [ -43.308678162686768, -21.672754544667164 ], [ -43.304186586266169, -21.672754544667164 ], [ -43.304186586266169, -21.668262968246569 ] ] ], [ [ [ -43.33562762121035, -21.668262968246569 ], [ -43.331136044789751, -21.668262968246569 ], [ -43.331136044789751, -21.672754544667164 ], [ -43.33562762121035, -21.672754544667164 ], [ -43.33562762121035, -21.668262968246569 ] ] ], [ [ [ -43.35808550331334, -21.668262968246569 ], [ -43.35808550331334, -21.663771391825971 ], [ -43.353593926892742, -21.663771391825971 ], [ -43.353593926892742, -21.668262968246569 ], [ -43.35808550331334, -21.668262968246569 ] ] ], [ [ [ -43.326644468369153, -21.663771391825971 ], [ -43.322152891948562, -21.663771391825971 ], [ -43.322152891948562, -21.668262968246569 ], [ -43.326644468369153, -21.668262968246569 ], [ -43.326644468369153, -21.663771391825971 ] ] ], [ [ [ -43.371560232575135, -21.677246121087762 ], [ -43.376051808995733, -21.677246121087762 ], [ -43.376051808995733, -21.668262968246569 ], [ -43.380543385416331, -21.668262968246569 ], [ -43.380543385416331, -21.663771391825971 ], [ -43.376051808995733, -21.663771391825971 ], [ -43.376051808995733, -21.659279815405373 ], [ -43.362577079733938, -21.659279815405373 ], [ -43.362577079733938, -21.654788238984775 ], [ -43.353593926892742, -21.654788238984775 ], [ -43.353593926892742, -21.659279815405373 ], [ -43.35808550331334, -21.659279815405373 ], [ -43.35808550331334, -21.663771391825971 ], [ -43.367068656154537, -21.663771391825971 ], [ -43.367068656154537, -21.668262968246569 ], [ -43.371560232575135, -21.668262968246569 ], [ -43.371560232575135, -21.677246121087762 ] ] ], [ [ [ -43.380543385416331, -21.650296662564177 ], [ -43.380543385416331, -21.654788238984775 ], [ -43.376051808995733, -21.654788238984775 ], [ -43.376051808995733, -21.659279815405373 ], [ -43.385034961836922, -21.659279815405373 ], [ -43.385034961836922, -21.650296662564177 ], [ -43.380543385416331, -21.650296662564177 ] ] ], [ [ [ -43.367068656154537, -21.650296662564177 ], [ -43.362577079733938, -21.650296662564177 ], [ -43.362577079733938, -21.654788238984775 ], [ -43.367068656154537, -21.654788238984775 ], [ -43.367068656154537, -21.650296662564177 ] ] ], [ [ [ -43.394018114678119, -21.645805086143579 ], [ -43.38952653825752, -21.645805086143579 ], [ -43.38952653825752, -21.650296662564177 ], [ -43.394018114678119, -21.650296662564177 ], [ -43.394018114678119, -21.645805086143579 ] ] ], [ [ [ -43.362577079733938, -21.650296662564177 ], [ -43.362577079733938, -21.645805086143579 ], [ -43.35808550331334, -21.645805086143579 ], [ -43.35808550331334, -21.650296662564177 ], [ -43.362577079733938, -21.650296662564177 ] ] ], [ [ [ -43.407492843939913, -21.632330356881788 ], [ -43.411984420360511, -21.632330356881788 ], [ -43.411984420360511, -21.62783878046119 ], [ -43.403001267519315, -21.62783878046119 ], [ -43.403001267519315, -21.614364051199399 ], [ -43.398509691098717, -21.614364051199399 ], [ -43.398509691098717, -21.618855627619993 ], [ -43.394018114678119, -21.618855627619993 ], [ -43.394018114678119, -21.623347204040591 ], [ -43.398509691098717, -21.623347204040591 ], [ -43.398509691098717, -21.632330356881788 ], [ -43.385034961836922, -21.632330356881788 ], [ -43.385034961836922, -21.636821933302386 ], [ -43.371560232575135, -21.636821933302386 ], [ -43.371560232575135, -21.641313509722984 ], [ -43.385034961836922, -21.641313509722984 ], [ -43.385034961836922, -21.645805086143579 ], [ -43.38952653825752, -21.645805086143579 ], [ -43.38952653825752, -21.641313509722984 ], [ -43.394018114678119, -21.641313509722984 ], [ -43.394018114678119, -21.645805086143579 ], [ -43.407492843939913, -21.645805086143579 ], [ -43.407492843939913, -21.641313509722984 ], [ -43.403001267519315, -21.641313509722984 ], [ -43.403001267519315, -21.636821933302386 ], [ -43.407492843939913, -21.636821933302386 ], [ -43.407492843939913, -21.632330356881788 ] ], [ [ -43.394018114678119, -21.636821933302386 ], [ -43.398509691098717, -21.636821933302386 ], [ -43.398509691098717, -21.641313509722984 ], [ -43.394018114678119, -21.641313509722984 ], [ -43.394018114678119, -21.636821933302386 ] ] ], [ [ [ -43.35808550331334, -21.618855627619993 ], [ -43.35808550331334, -21.614364051199399 ], [ -43.349102350472144, -21.614364051199399 ], [ -43.349102350472144, -21.618855627619993 ], [ -43.35808550331334, -21.618855627619993 ] ] ], [ [ [ -43.385034961836922, -21.632330356881788 ], [ -43.385034961836922, -21.62783878046119 ], [ -43.394018114678119, -21.62783878046119 ], [ -43.394018114678119, -21.623347204040591 ], [ -43.38952653825752, -21.623347204040591 ], [ -43.38952653825752, -21.614364051199399 ], [ -43.385034961836922, -21.614364051199399 ], [ -43.385034961836922, -21.623347204040591 ], [ -43.380543385416331, -21.623347204040591 ], [ -43.380543385416331, -21.618855627619993 ], [ -43.376051808995733, -21.618855627619993 ], [ -43.376051808995733, -21.614364051199399 ], [ -43.380543385416331, -21.614364051199399 ], [ -43.380543385416331, -21.6098724747788 ], [ -43.385034961836922, -21.6098724747788 ], [ -43.385034961836922, -21.605380898358202 ], [ -43.38952653825752, -21.605380898358202 ], [ -43.38952653825752, -21.6098724747788 ], [ -43.394018114678119, -21.6098724747788 ], [ -43.394018114678119, -21.600889321937604 ], [ -43.398509691098717, -21.600889321937604 ], [ -43.398509691098717, -21.596397745517006 ], [ -43.385034961836922, -21.596397745517006 ], [ -43.385034961836922, -21.600889321937604 ], [ -43.367068656154537, -21.600889321937604 ], [ -43.367068656154537, -21.596397745517006 ], [ -43.362577079733938, -21.596397745517006 ], [ -43.362577079733938, -21.605380898358202 ], [ -43.367068656154537, -21.605380898358202 ], [ -43.367068656154537, -21.6098724747788 ], [ -43.371560232575135, -21.6098724747788 ], [ -43.371560232575135, -21.614364051199399 ], [ -43.367068656154537, -21.614364051199399 ], [ -43.367068656154537, -21.618855627619993 ], [ -43.371560232575135, -21.618855627619993 ], [ -43.371560232575135, -21.623347204040591 ], [ -43.376051808995733, -21.623347204040591 ], [ -43.376051808995733, -21.62783878046119 ], [ -43.380543385416331, -21.62783878046119 ], [ -43.380543385416331, -21.632330356881788 ], [ -43.385034961836922, -21.632330356881788 ] ], [ [ -43.371560232575135, -21.605380898358202 ], [ -43.376051808995733, -21.605380898358202 ], [ -43.376051808995733, -21.6098724747788 ], [ -43.371560232575135, -21.6098724747788 ], [ -43.371560232575135, -21.605380898358202 ] ] ], [ [ [ -43.367068656154537, -21.614364051199399 ], [ -43.367068656154537, -21.6098724747788 ], [ -43.362577079733938, -21.6098724747788 ], [ -43.362577079733938, -21.614364051199399 ], [ -43.367068656154537, -21.614364051199399 ] ] ], [ [ [ -43.376051808995733, -21.591906169096408 ], [ -43.376051808995733, -21.582923016255215 ], [ -43.371560232575135, -21.582923016255215 ], [ -43.371560232575135, -21.591906169096408 ], [ -43.376051808995733, -21.591906169096408 ] ] ], [ [ [ -43.385034961836922, -21.587414592675813 ], [ -43.385034961836922, -21.578431439834617 ], [ -43.380543385416331, -21.578431439834617 ], [ -43.380543385416331, -21.587414592675813 ], [ -43.385034961836922, -21.587414592675813 ] ] ], [ [ [ -43.380543385416331, -21.578431439834617 ], [ -43.380543385416331, -21.573939863414019 ], [ -43.376051808995733, -21.573939863414019 ], [ -43.376051808995733, -21.578431439834617 ], [ -43.380543385416331, -21.578431439834617 ] ] ], [ [ [ -43.394018114678119, -21.578431439834617 ], [ -43.394018114678119, -21.569448286993421 ], [ -43.38952653825752, -21.569448286993421 ], [ -43.38952653825752, -21.573939863414019 ], [ -43.385034961836922, -21.573939863414019 ], [ -43.385034961836922, -21.578431439834617 ], [ -43.394018114678119, -21.578431439834617 ] ] ], [ [ [ -43.385034961836922, -21.573939863414019 ], [ -43.385034961836922, -21.569448286993421 ], [ -43.380543385416331, -21.569448286993421 ], [ -43.380543385416331, -21.573939863414019 ], [ -43.385034961836922, -21.573939863414019 ] ] ], [ [ [ -43.178422446489435, -21.843434448649873 ], [ -43.178422446489435, -21.838942872229275 ], [ -43.173930870068837, -21.838942872229275 ], [ -43.173930870068837, -21.843434448649873 ], [ -43.178422446489435, -21.843434448649873 ] ] ], [ [ [ -43.19189717575123, -21.838942872229275 ], [ -43.19189717575123, -21.829959719388082 ], [ -43.187405599330631, -21.829959719388082 ], [ -43.187405599330631, -21.838942872229275 ], [ -43.19189717575123, -21.838942872229275 ] ] ], [ [ [ -43.21435505785422, -21.83445129580868 ], [ -43.21435505785422, -21.829959719388082 ], [ -43.209863481433622, -21.829959719388082 ], [ -43.209863481433622, -21.83445129580868 ], [ -43.21435505785422, -21.83445129580868 ] ] ], [ [ [ -43.205371905013024, -21.829959719388082 ], [ -43.200880328592426, -21.829959719388082 ], [ -43.200880328592426, -21.83445129580868 ], [ -43.205371905013024, -21.83445129580868 ], [ -43.205371905013024, -21.829959719388082 ] ] ], [ [ [ -43.218846634274811, -21.825468142967484 ], [ -43.21435505785422, -21.825468142967484 ], [ -43.21435505785422, -21.829959719388082 ], [ -43.218846634274811, -21.829959719388082 ], [ -43.218846634274811, -21.825468142967484 ] ] ], [ [ [ -43.21435505785422, -21.825468142967484 ], [ -43.21435505785422, -21.820976566546886 ], [ -43.209863481433622, -21.820976566546886 ], [ -43.209863481433622, -21.825468142967484 ], [ -43.21435505785422, -21.825468142967484 ] ] ], [ [ [ -43.299695009845571, -21.816484990126288 ], [ -43.286220280583777, -21.816484990126288 ], [ -43.286220280583777, -21.820976566546886 ], [ -43.290711857004375, -21.820976566546886 ], [ -43.290711857004375, -21.825468142967484 ], [ -43.295203433424973, -21.825468142967484 ], [ -43.295203433424973, -21.820976566546886 ], [ -43.299695009845571, -21.820976566546886 ], [ -43.299695009845571, -21.816484990126288 ] ] ], [ [ [ -43.281728704163179, -21.816484990126288 ], [ -43.272745551321982, -21.816484990126288 ], [ -43.272745551321982, -21.820976566546886 ], [ -43.281728704163179, -21.820976566546886 ], [ -43.281728704163179, -21.816484990126288 ] ] ], [ [ [ -43.268253974901391, -21.816484990126288 ], [ -43.268253974901391, -21.811993413705689 ], [ -43.263762398480793, -21.811993413705689 ], [ -43.263762398480793, -21.816484990126288 ], [ -43.268253974901391, -21.816484990126288 ] ] ], [ [ [ -43.286220280583777, -21.807501837285095 ], [ -43.281728704163179, -21.807501837285095 ], [ -43.281728704163179, -21.811993413705689 ], [ -43.286220280583777, -21.811993413705689 ], [ -43.286220280583777, -21.807501837285095 ] ] ], [ [ [ -43.187405599330631, -21.807501837285095 ], [ -43.182914022910033, -21.807501837285095 ], [ -43.182914022910033, -21.811993413705689 ], [ -43.187405599330631, -21.811993413705689 ], [ -43.187405599330631, -21.807501837285095 ] ] ], [ [ [ -43.205371905013024, -21.811993413705689 ], [ -43.205371905013024, -21.807501837285095 ], [ -43.200880328592426, -21.807501837285095 ], [ -43.200880328592426, -21.811993413705689 ], [ -43.205371905013024, -21.811993413705689 ] ] ], [ [ [ -43.263762398480793, -21.811993413705689 ], [ -43.263762398480793, -21.798518684443899 ], [ -43.254779245639597, -21.798518684443899 ], [ -43.254779245639597, -21.811993413705689 ], [ -43.263762398480793, -21.811993413705689 ] ] ], [ [ [ -43.21435505785422, -21.807501837285095 ], [ -43.21435505785422, -21.798518684443899 ], [ -43.218846634274811, -21.798518684443899 ], [ -43.218846634274811, -21.7940271080233 ], [ -43.209863481433622, -21.7940271080233 ], [ -43.209863481433622, -21.798518684443899 ], [ -43.200880328592426, -21.798518684443899 ], [ -43.200880328592426, -21.803010260864497 ], [ -43.209863481433622, -21.803010260864497 ], [ -43.209863481433622, -21.807501837285095 ], [ -43.21435505785422, -21.807501837285095 ] ] ], [ [ [ -43.299695009845571, -21.7940271080233 ], [ -43.295203433424973, -21.7940271080233 ], [ -43.295203433424973, -21.798518684443899 ], [ -43.299695009845571, -21.798518684443899 ], [ -43.299695009845571, -21.7940271080233 ] ] ], [ [ [ -43.268253974901391, -21.785043955182104 ], [ -43.263762398480793, -21.785043955182104 ], [ -43.263762398480793, -21.7940271080233 ], [ -43.268253974901391, -21.7940271080233 ], [ -43.268253974901391, -21.785043955182104 ] ] ], [ [ [ -43.295203433424973, -21.789535531602702 ], [ -43.295203433424973, -21.785043955182104 ], [ -43.290711857004375, -21.785043955182104 ], [ -43.290711857004375, -21.789535531602702 ], [ -43.295203433424973, -21.789535531602702 ] ] ], [ [ [ -43.209863481433622, -21.780552378761509 ], [ -43.205371905013024, -21.780552378761509 ], [ -43.205371905013024, -21.785043955182104 ], [ -43.209863481433622, -21.785043955182104 ], [ -43.209863481433622, -21.780552378761509 ] ] ], [ [ [ -43.22333821069541, -21.780552378761509 ], [ -43.218846634274811, -21.780552378761509 ], [ -43.218846634274811, -21.785043955182104 ], [ -43.22333821069541, -21.785043955182104 ], [ -43.22333821069541, -21.780552378761509 ] ] ], [ [ [ -43.299695009845571, -21.767077649499715 ], [ -43.299695009845571, -21.785043955182104 ], [ -43.304186586266169, -21.785043955182104 ], [ -43.304186586266169, -21.776060802340911 ], [ -43.308678162686768, -21.776060802340911 ], [ -43.308678162686768, -21.767077649499715 ], [ -43.299695009845571, -21.767077649499715 ] ] ], [ [ [ -43.182914022910033, -21.771569225920313 ], [ -43.178422446489435, -21.771569225920313 ], [ -43.178422446489435, -21.776060802340911 ], [ -43.182914022910033, -21.776060802340911 ], [ -43.182914022910033, -21.771569225920313 ] ] ], [ [ [ -43.290711857004375, -21.767077649499715 ], [ -43.281728704163179, -21.767077649499715 ], [ -43.281728704163179, -21.771569225920313 ], [ -43.286220280583777, -21.771569225920313 ], [ -43.286220280583777, -21.776060802340911 ], [ -43.281728704163179, -21.776060802340911 ], [ -43.281728704163179, -21.780552378761509 ], [ -43.290711857004375, -21.780552378761509 ], [ -43.290711857004375, -21.767077649499715 ] ] ], [ [ [ -43.272745551321982, -21.776060802340911 ], [ -43.272745551321982, -21.771569225920313 ], [ -43.268253974901391, -21.771569225920313 ], [ -43.268253974901391, -21.776060802340911 ], [ -43.272745551321982, -21.776060802340911 ] ] ], [ [ [ -43.250287669218999, -21.771569225920313 ], [ -43.250287669218999, -21.767077649499715 ], [ -43.2457960927984, -21.767077649499715 ], [ -43.2457960927984, -21.771569225920313 ], [ -43.250287669218999, -21.771569225920313 ] ] ], [ [ [ -43.241304516377802, -21.771569225920313 ], [ -43.241304516377802, -21.767077649499715 ], [ -43.236812939957204, -21.767077649499715 ], [ -43.236812939957204, -21.762586073079117 ], [ -43.22333821069541, -21.762586073079117 ], [ -43.22333821069541, -21.771569225920313 ], [ -43.227829787116008, -21.771569225920313 ], [ -43.227829787116008, -21.776060802340911 ], [ -43.232321363536606, -21.776060802340911 ], [ -43.232321363536606, -21.771569225920313 ], [ -43.241304516377802, -21.771569225920313 ] ] ], [ [ [ -43.178422446489435, -21.767077649499715 ], [ -43.173930870068837, -21.767077649499715 ], [ -43.173930870068837, -21.771569225920313 ], [ -43.178422446489435, -21.771569225920313 ], [ -43.178422446489435, -21.767077649499715 ] ] ], [ [ [ -43.218846634274811, -21.758094496658519 ], [ -43.21435505785422, -21.758094496658519 ], [ -43.21435505785422, -21.762586073079117 ], [ -43.218846634274811, -21.762586073079117 ], [ -43.218846634274811, -21.758094496658519 ] ] ], [ [ [ -43.263762398480793, -21.758094496658519 ], [ -43.263762398480793, -21.749111343817326 ], [ -43.259270822060195, -21.749111343817326 ], [ -43.259270822060195, -21.753602920237924 ], [ -43.250287669218999, -21.753602920237924 ], [ -43.250287669218999, -21.767077649499715 ], [ -43.254779245639597, -21.767077649499715 ], [ -43.254779245639597, -21.758094496658519 ], [ -43.263762398480793, -21.758094496658519 ] ] ], [ [ [ -43.299695009845571, -21.749111343817326 ], [ -43.295203433424973, -21.749111343817326 ], [ -43.295203433424973, -21.758094496658519 ], [ -43.299695009845571, -21.758094496658519 ], [ -43.299695009845571, -21.749111343817326 ] ] ], [ [ [ -43.19189717575123, -21.749111343817326 ], [ -43.187405599330631, -21.749111343817326 ], [ -43.187405599330631, -21.753602920237924 ], [ -43.19189717575123, -21.753602920237924 ], [ -43.19189717575123, -21.749111343817326 ] ] ], [ [ [ -43.286220280583777, -21.699704003190753 ], [ -43.286220280583777, -21.695212426770155 ], [ -43.281728704163179, -21.695212426770155 ], [ -43.281728704163179, -21.699704003190753 ], [ -43.286220280583777, -21.699704003190753 ] ] ], [ [ [ -43.313169739107366, -21.695212426770155 ], [ -43.308678162686768, -21.695212426770155 ], [ -43.308678162686768, -21.699704003190753 ], [ -43.313169739107366, -21.699704003190753 ], [ -43.313169739107366, -21.695212426770155 ] ] ], [ [ [ -43.268253974901391, -21.695212426770155 ], [ -43.27723712774258, -21.695212426770155 ], [ -43.27723712774258, -21.690720850349557 ], [ -43.272745551321982, -21.690720850349557 ], [ -43.272745551321982, -21.686229273928959 ], [ -43.268253974901391, -21.686229273928959 ], [ -43.268253974901391, -21.695212426770155 ] ] ] ] } },
{ "type": "Feature", "properties": { "lcz": 10.0, "zcl_classe": "LCZ 10", "descricao": "Heavy industry – áreas industriais pesadas", "efeito_temp": "Alto aquecimento devido a superfícies industriais impermeáveis.", "ilha_calor": "Contribuição alta, especialmente noturna.", "intervencao": "Controlar emissões e aumentar arborização periférica.", "area_km2": 1.0087129371036711e-10 }, "geometry": { "type": "Polygon", "coordinates": [ [ [ -43.47037491382828, -21.623347204040591 ], [ -43.47037491382828, -21.632330356881788 ], [ -43.456900184566486, -21.632330356881788 ], [ -43.456900184566486, -21.62783878046119 ], [ -43.461391760987084, -21.62783878046119 ], [ -43.461391760987084, -21.623347204040591 ], [ -43.47037491382828, -21.623347204040591 ] ] ] } },
{ "type": "Feature", "properties": { "lcz": 11.0, "zcl_classe": "LCZ A", "descricao": "Dense trees – florestas urbanas densas", "efeito_temp": "Resfriamento significativo por sombreamento e evapotranspiração.", "ilha_calor": "Mitigação significativa da ilha de calor.", "intervencao": "Preservar e ampliar parques urbanos.", "area_km2": 2.8163265203927166e-08 }, "geometry": { "type": "MultiPolygon", "coordinates": [ [ [ [ -43.591647477184416, -21.924282824220629 ], [ -43.591647477184416, -21.928774400641228 ], [ -43.596139053605015, -21.928774400641228 ], [ -43.596139053605015, -21.910808094958838 ], [ -43.609613782866802, -21.910808094958838 ], [ -43.609613782866802, -21.90631651853824 ], [ -43.591647477184416, -21.90631651853824 ], [ -43.591647477184416, -21.915299671379437 ], [ -43.58266432434322, -21.915299671379437 ], [ -43.58266432434322, -21.919791247800035 ], [ -43.578172747922622, -21.919791247800035 ], [ -43.578172747922622, -21.924282824220629 ], [ -43.591647477184416, -21.924282824220629 ] ] ], [ [ [ -43.6141053592874, -21.901824942117642 ], [ -43.618596935707998, -21.901824942117642 ], [ -43.618596935707998, -21.888350212855851 ], [ -43.6141053592874, -21.888350212855851 ], [ -43.6141053592874, -21.892841789276449 ], [ -43.605122206446204, -21.892841789276449 ], [ -43.605122206446204, -21.901824942117642 ], [ -43.609613782866802, -21.901824942117642 ], [ -43.609613782866802, -21.90631651853824 ], [ -43.6141053592874, -21.90631651853824 ], [ -43.6141053592874, -21.901824942117642 ] ] ], [ [ [ -43.596139053605015, -21.892841789276449 ], [ -43.591647477184416, -21.892841789276449 ], [ -43.591647477184416, -21.901824942117642 ], [ -43.596139053605015, -21.901824942117642 ], [ -43.596139053605015, -21.892841789276449 ] ] ], [ [ [ -43.632071664969793, -21.892841789276449 ], [ -43.627580088549195, -21.892841789276449 ], [ -43.627580088549195, -21.897333365697044 ], [ -43.632071664969793, -21.897333365697044 ], [ -43.632071664969793, -21.892841789276449 ] ] ], [ [ [ -43.650037970652185, -21.892841789276449 ], [ -43.645546394231587, -21.892841789276449 ], [ -43.645546394231587, -21.897333365697044 ], [ -43.650037970652185, -21.897333365697044 ], [ -43.650037970652185, -21.892841789276449 ] ] ], [ [ [ -43.627580088549195, -21.888350212855851 ], [ -43.632071664969793, -21.888350212855851 ], [ -43.632071664969793, -21.892841789276449 ], [ -43.636563241390391, -21.892841789276449 ], [ -43.636563241390391, -21.879367060014655 ], [ -43.627580088549195, -21.879367060014655 ], [ -43.627580088549195, -21.888350212855851 ] ] ], [ [ [ -43.605122206446204, -21.879367060014655 ], [ -43.596139053605015, -21.879367060014655 ], [ -43.596139053605015, -21.888350212855851 ], [ -43.605122206446204, -21.888350212855851 ], [ -43.605122206446204, -21.879367060014655 ] ] ], [ [ [ -43.627580088549195, -21.870383907173458 ], [ -43.623088512128597, -21.870383907173458 ], [ -43.623088512128597, -21.874875483594057 ], [ -43.627580088549195, -21.874875483594057 ], [ -43.627580088549195, -21.870383907173458 ] ] ], [ [ [ -43.636563241390391, -21.861400754332266 ], [ -43.632071664969793, -21.861400754332266 ], [ -43.632071664969793, -21.865892330752864 ], [ -43.636563241390391, -21.865892330752864 ], [ -43.636563241390391, -21.861400754332266 ] ] ], [ [ [ -43.627580088549195, -21.861400754332266 ], [ -43.623088512128597, -21.861400754332266 ], [ -43.623088512128597, -21.865892330752864 ], [ -43.627580088549195, -21.865892330752864 ], [ -43.627580088549195, -21.861400754332266 ] ] ], [ [ [ -43.641054817810989, -21.865892330752864 ], [ -43.654529547072784, -21.865892330752864 ], [ -43.654529547072784, -21.861400754332266 ], [ -43.650037970652185, -21.861400754332266 ], [ -43.650037970652185, -21.856909177911668 ], [ -43.641054817810989, -21.856909177911668 ], [ -43.641054817810989, -21.865892330752864 ] ] ], [ [ [ -43.618596935707998, -21.852417601491069 ], [ -43.6141053592874, -21.852417601491069 ], [ -43.6141053592874, -21.856909177911668 ], [ -43.618596935707998, -21.856909177911668 ], [ -43.618596935707998, -21.852417601491069 ] ] ], [ [ [ -43.600630630025613, -21.83445129580868 ], [ -43.596139053605015, -21.83445129580868 ], [ -43.596139053605015, -21.852417601491069 ], [ -43.600630630025613, -21.852417601491069 ], [ -43.600630630025613, -21.83445129580868 ] ] ], [ [ [ -43.636563241390391, -21.838942872229275 ], [ -43.632071664969793, -21.838942872229275 ], [ -43.632071664969793, -21.843434448649873 ], [ -43.636563241390391, -21.843434448649873 ], [ -43.636563241390391, -21.838942872229275 ] ] ], [ [ [ -43.627580088549195, -21.820976566546886 ], [ -43.623088512128597, -21.820976566546886 ], [ -43.623088512128597, -21.825468142967484 ], [ -43.627580088549195, -21.825468142967484 ], [ -43.627580088549195, -21.820976566546886 ] ] ], [ [ [ -43.6141053592874, -21.820976566546886 ], [ -43.6141053592874, -21.816484990126288 ], [ -43.609613782866802, -21.816484990126288 ], [ -43.609613782866802, -21.820976566546886 ], [ -43.6141053592874, -21.820976566546886 ] ] ], [ [ [ -43.632071664969793, -21.807501837285095 ], [ -43.618596935707998, -21.807501837285095 ], [ -43.618596935707998, -21.811993413705689 ], [ -43.632071664969793, -21.811993413705689 ], [ -43.632071664969793, -21.807501837285095 ] ] ], [ [ [ -43.618596935707998, -21.798518684443899 ], [ -43.6141053592874, -21.798518684443899 ], [ -43.6141053592874, -21.803010260864497 ], [ -43.618596935707998, -21.803010260864497 ], [ -43.618596935707998, -21.798518684443899 ] ] ], [ [ [ -43.627580088549195, -21.798518684443899 ], [ -43.623088512128597, -21.798518684443899 ], [ -43.623088512128597, -21.803010260864497 ], [ -43.632071664969793, -21.803010260864497 ], [ -43.632071664969793, -21.7940271080233 ], [ -43.627580088549195, -21.7940271080233 ], [ -43.627580088549195, -21.798518684443899 ] ] ], [ [ [ -43.600630630025613, -21.785043955182104 ], [ -43.596139053605015, -21.785043955182104 ], [ -43.596139053605015, -21.789535531602702 ], [ -43.600630630025613, -21.789535531602702 ], [ -43.600630630025613, -21.785043955182104 ] ] ], [ [ [ -43.605122206446204, -21.780552378761509 ], [ -43.600630630025613, -21.780552378761509 ], [ -43.600630630025613, -21.785043955182104 ], [ -43.605122206446204, -21.785043955182104 ], [ -43.605122206446204, -21.780552378761509 ] ] ], [ [ [ -43.618596935707998, -21.780552378761509 ], [ -43.6141053592874, -21.780552378761509 ], [ -43.6141053592874, -21.785043955182104 ], [ -43.618596935707998, -21.785043955182104 ], [ -43.618596935707998, -21.780552378761509 ] ] ], [ [ [ -43.636563241390391, -21.767077649499715 ], [ -43.632071664969793, -21.767077649499715 ], [ -43.632071664969793, -21.771569225920313 ], [ -43.636563241390391, -21.771569225920313 ], [ -43.636563241390391, -21.767077649499715 ] ] ], [ [ [ -43.654529547072784, -21.762586073079117 ], [ -43.650037970652185, -21.762586073079117 ], [ -43.650037970652185, -21.771569225920313 ], [ -43.654529547072784, -21.771569225920313 ], [ -43.654529547072784, -21.762586073079117 ] ] ], [ [ [ -43.6141053592874, -21.762586073079117 ], [ -43.609613782866802, -21.762586073079117 ], [ -43.609613782866802, -21.767077649499715 ], [ -43.6141053592874, -21.767077649499715 ], [ -43.6141053592874, -21.762586073079117 ] ] ], [ [ [ -43.623088512128597, -21.758094496658519 ], [ -43.618596935707998, -21.758094496658519 ], [ -43.618596935707998, -21.767077649499715 ], [ -43.623088512128597, -21.767077649499715 ], [ -43.623088512128597, -21.758094496658519 ] ] ], [ [ [ -43.609613782866802, -21.753602920237924 ], [ -43.605122206446204, -21.753602920237924 ], [ -43.605122206446204, -21.758094496658519 ], [ -43.609613782866802, -21.758094496658519 ], [ -43.609613782866802, -21.753602920237924 ] ] ], [ [ [ -43.659021123493375, -21.744619767396728 ], [ -43.654529547072784, -21.744619767396728 ], [ -43.654529547072784, -21.749111343817326 ], [ -43.659021123493375, -21.749111343817326 ], [ -43.659021123493375, -21.744619767396728 ] ] ], [ [ [ -43.632071664969793, -21.744619767396728 ], [ -43.623088512128597, -21.744619767396728 ], [ -43.623088512128597, -21.749111343817326 ], [ -43.632071664969793, -21.749111343817326 ], [ -43.632071664969793, -21.744619767396728 ] ] ], [ [ [ -43.609613782866802, -21.740128190976129 ], [ -43.605122206446204, -21.740128190976129 ], [ -43.605122206446204, -21.744619767396728 ], [ -43.609613782866802, -21.744619767396728 ], [ -43.609613782866802, -21.740128190976129 ] ] ], [ [ [ -43.645546394231587, -21.731145038134933 ], [ -43.645546394231587, -21.735636614555531 ], [ -43.650037970652185, -21.735636614555531 ], [ -43.650037970652185, -21.744619767396728 ], [ -43.654529547072784, -21.744619767396728 ], [ -43.654529547072784, -21.731145038134933 ], [ -43.645546394231587, -21.731145038134933 ] ] ], [ [ [ -43.618596935707998, -21.740128190976129 ], [ -43.623088512128597, -21.740128190976129 ], [ -43.623088512128597, -21.735636614555531 ], [ -43.632071664969793, -21.735636614555531 ], [ -43.632071664969793, -21.731145038134933 ], [ -43.636563241390391, -21.731145038134933 ], [ -43.636563241390391, -21.72216188529374 ], [ -43.6141053592874, -21.72216188529374 ], [ -43.6141053592874, -21.731145038134933 ], [ -43.609613782866802, -21.731145038134933 ], [ -43.609613782866802, -21.740128190976129 ], [ -43.6141053592874, -21.740128190976129 ], [ -43.6141053592874, -21.735636614555531 ], [ -43.618596935707998, -21.735636614555531 ], [ -43.618596935707998, -21.740128190976129 ] ] ], [ [ [ -43.659021123493375, -21.726653461714339 ], [ -43.654529547072784, -21.726653461714339 ], [ -43.654529547072784, -21.731145038134933 ], [ -43.659021123493375, -21.731145038134933 ], [ -43.659021123493375, -21.726653461714339 ] ] ], [ [ [ -43.591647477184416, -21.717670308873142 ], [ -43.591647477184416, -21.72216188529374 ], [ -43.596139053605015, -21.72216188529374 ], [ -43.596139053605015, -21.717670308873142 ], [ -43.591647477184416, -21.717670308873142 ] ] ], [ [ [ -43.591647477184416, -21.717670308873142 ], [ -43.591647477184416, -21.713178732452544 ], [ -43.587155900763818, -21.713178732452544 ], [ -43.587155900763818, -21.717670308873142 ], [ -43.591647477184416, -21.717670308873142 ] ] ], [ [ [ -43.676987429175767, -21.713178732452544 ], [ -43.668004276334571, -21.713178732452544 ], [ -43.668004276334571, -21.717670308873142 ], [ -43.676987429175767, -21.717670308873142 ], [ -43.676987429175767, -21.713178732452544 ] ] ], [ [ [ -43.636563241390391, -21.717670308873142 ], [ -43.641054817810989, -21.717670308873142 ], [ -43.641054817810989, -21.713178732452544 ], [ -43.645546394231587, -21.713178732452544 ], [ -43.645546394231587, -21.708687156031946 ], [ -43.636563241390391, -21.708687156031946 ], [ -43.636563241390391, -21.717670308873142 ] ] ], [ [ [ -43.654529547072784, -21.708687156031946 ], [ -43.650037970652185, -21.708687156031946 ], [ -43.650037970652185, -21.713178732452544 ], [ -43.654529547072784, -21.713178732452544 ], [ -43.654529547072784, -21.708687156031946 ] ] ], [ [ [ -43.654529547072784, -21.699704003190753 ], [ -43.645546394231587, -21.699704003190753 ], [ -43.645546394231587, -21.704195579611348 ], [ -43.659021123493375, -21.704195579611348 ], [ -43.659021123493375, -21.695212426770155 ], [ -43.654529547072784, -21.695212426770155 ], [ -43.654529547072784, -21.699704003190753 ] ] ], [ [ [ -43.676987429175767, -21.690720850349557 ], [ -43.672495852755169, -21.690720850349557 ], [ -43.672495852755169, -21.699704003190753 ], [ -43.676987429175767, -21.699704003190753 ], [ -43.676987429175767, -21.690720850349557 ] ] ], [ [ [ -43.6141053592874, -21.686229273928959 ], [ -43.609613782866802, -21.686229273928959 ], [ -43.609613782866802, -21.690720850349557 ], [ -43.6141053592874, -21.690720850349557 ], [ -43.6141053592874, -21.686229273928959 ] ] ], [ [ [ -43.676987429175767, -21.68173769750836 ], [ -43.672495852755169, -21.68173769750836 ], [ -43.672495852755169, -21.686229273928959 ], [ -43.676987429175767, -21.686229273928959 ], [ -43.676987429175767, -21.68173769750836 ] ] ], [ [ [ -43.668004276334571, -21.68173769750836 ], [ -43.663512699913973, -21.68173769750836 ], [ -43.663512699913973, -21.686229273928959 ], [ -43.668004276334571, -21.686229273928959 ], [ -43.668004276334571, -21.68173769750836 ] ] ], [ [ [ -43.659021123493375, -21.663771391825971 ], [ -43.659021123493375, -21.672754544667164 ], [ -43.668004276334571, -21.672754544667164 ], [ -43.668004276334571, -21.668262968246569 ], [ -43.672495852755169, -21.668262968246569 ], [ -43.672495852755169, -21.650296662564177 ], [ -43.676987429175767, -21.650296662564177 ], [ -43.676987429175767, -21.654788238984775 ], [ -43.681479005596366, -21.654788238984775 ], [ -43.681479005596366, -21.636821933302386 ], [ -43.676987429175767, -21.636821933302386 ], [ -43.676987429175767, -21.641313509722984 ], [ -43.672495852755169, -21.641313509722984 ], [ -43.672495852755169, -21.636821933302386 ], [ -43.668004276334571, -21.636821933302386 ], [ -43.668004276334571, -21.650296662564177 ], [ -43.663512699913973, -21.650296662564177 ], [ -43.663512699913973, -21.654788238984775 ], [ -43.659021123493375, -21.654788238984775 ], [ -43.659021123493375, -21.650296662564177 ], [ -43.650037970652185, -21.650296662564177 ], [ -43.650037970652185, -21.645805086143579 ], [ -43.645546394231587, -21.645805086143579 ], [ -43.645546394231587, -21.636821933302386 ], [ -43.641054817810989, -21.636821933302386 ], [ -43.641054817810989, -21.645805086143579 ], [ -43.632071664969793, -21.645805086143579 ], [ -43.632071664969793, -21.650296662564177 ], [ -43.627580088549195, -21.650296662564177 ], [ -43.627580088549195, -21.641313509722984 ], [ -43.632071664969793, -21.641313509722984 ], [ -43.632071664969793, -21.636821933302386 ], [ -43.636563241390391, -21.636821933302386 ], [ -43.636563241390391, -21.632330356881788 ], [ -43.641054817810989, -21.632330356881788 ], [ -43.641054817810989, -21.623347204040591 ], [ -43.645546394231587, -21.623347204040591 ], [ -43.645546394231587, -21.6098724747788 ], [ -43.668004276334571, -21.6098724747788 ], [ -43.668004276334571, -21.605380898358202 ], [ -43.663512699913973, -21.605380898358202 ], [ -43.663512699913973, -21.600889321937604 ], [ -43.659021123493375, -21.600889321937604 ], [ -43.659021123493375, -21.596397745517006 ], [ -43.654529547072784, -21.596397745517006 ], [ -43.654529547072784, -21.600889321937604 ], [ -43.645546394231587, -21.600889321937604 ], [ -43.645546394231587, -21.605380898358202 ], [ -43.641054817810989, -21.605380898358202 ], [ -43.641054817810989, -21.6098724747788 ], [ -43.636563241390391, -21.6098724747788 ], [ -43.636563241390391, -21.614364051199399 ], [ -43.623088512128597, -21.614364051199399 ], [ -43.623088512128597, -21.623347204040591 ], [ -43.618596935707998, -21.623347204040591 ], [ -43.618596935707998, -21.632330356881788 ], [ -43.623088512128597, -21.632330356881788 ], [ -43.623088512128597, -21.636821933302386 ], [ -43.6141053592874, -21.636821933302386 ], [ -43.6141053592874, -21.641313509722984 ], [ -43.609613782866802, -21.641313509722984 ], [ -43.609613782866802, -21.636821933302386 ], [ -43.605122206446204, -21.636821933302386 ], [ -43.605122206446204, -21.632330356881788 ], [ -43.591647477184416, -21.632330356881788 ], [ -43.591647477184416, -21.650296662564177 ], [ -43.596139053605015, -21.650296662564177 ], [ -43.596139053605015, -21.654788238984775 ], [ -43.600630630025613, -21.654788238984775 ], [ -43.600630630025613, -21.668262968246569 ], [ -43.596139053605015, -21.668262968246569 ], [ -43.596139053605015, -21.672754544667164 ], [ -43.591647477184416, -21.672754544667164 ], [ -43.591647477184416, -21.677246121087762 ], [ -43.600630630025613, -21.677246121087762 ], [ -43.600630630025613, -21.68173769750836 ], [ -43.605122206446204, -21.68173769750836 ], [ -43.605122206446204, -21.677246121087762 ], [ -43.6141053592874, -21.677246121087762 ], [ -43.6141053592874, -21.686229273928959 ], [ -43.618596935707998, -21.686229273928959 ], [ -43.618596935707998, -21.695212426770155 ], [ -43.623088512128597, -21.695212426770155 ], [ -43.623088512128597, -21.699704003190753 ], [ -43.6141053592874, -21.699704003190753 ], [ -43.6141053592874, -21.695212426770155 ], [ -43.609613782866802, -21.695212426770155 ], [ -43.609613782866802, -21.690720850349557 ], [ -43.605122206446204, -21.690720850349557 ], [ -43.605122206446204, -21.695212426770155 ], [ -43.600630630025613, -21.695212426770155 ], [ -43.600630630025613, -21.699704003190753 ], [ -43.605122206446204, -21.699704003190753 ], [ -43.605122206446204, -21.704195579611348 ], [ -43.609613782866802, -21.704195579611348 ], [ -43.609613782866802, -21.708687156031946 ], [ -43.618596935707998, -21.708687156031946 ], [ -43.618596935707998, -21.704195579611348 ], [ -43.627580088549195, -21.704195579611348 ], [ -43.627580088549195, -21.695212426770155 ], [ -43.636563241390391, -21.695212426770155 ], [ -43.636563241390391, -21.699704003190753 ], [ -43.645546394231587, -21.699704003190753 ], [ -43.645546394231587, -21.690720850349557 ], [ -43.641054817810989, -21.690720850349557 ], [ -43.641054817810989, -21.686229273928959 ], [ -43.636563241390391, -21.686229273928959 ], [ -43.636563241390391, -21.672754544667164 ], [ -43.627580088549195, -21.672754544667164 ], [ -43.627580088549195, -21.663771391825971 ], [ -43.636563241390391, -21.663771391825971 ], [ -43.636563241390391, -21.668262968246569 ], [ -43.645546394231587, -21.668262968246569 ], [ -43.645546394231587, -21.659279815405373 ], [ -43.654529547072784, -21.659279815405373 ], [ -43.654529547072784, -21.663771391825971 ], [ -43.659021123493375, -21.663771391825971 ] ], [ [ -43.641054817810989, -21.614364051199399 ], [ -43.641054817810989, -21.618855627619993 ], [ -43.636563241390391, -21.618855627619993 ], [ -43.636563241390391, -21.614364051199399 ], [ -43.641054817810989, -21.614364051199399 ] ], [ [ -43.627580088549195, -21.677246121087762 ], [ -43.623088512128597, -21.677246121087762 ], [ -43.623088512128597, -21.68173769750836 ], [ -43.618596935707998, -21.68173769750836 ], [ -43.618596935707998, -21.672754544667164 ], [ -43.627580088549195, -21.672754544667164 ], [ -43.627580088549195, -21.677246121087762 ] ] ], [ [ [ -43.663512699913973, -21.641313509722984 ], [ -43.659021123493375, -21.641313509722984 ], [ -43.659021123493375, -21.645805086143579 ], [ -43.663512699913973, -21.645805086143579 ], [ -43.663512699913973, -21.641313509722984 ] ] ], [ [ [ -43.650037970652185, -21.636821933302386 ], [ -43.654529547072784, -21.636821933302386 ], [ -43.654529547072784, -21.641313509722984 ], [ -43.659021123493375, -21.641313509722984 ], [ -43.659021123493375, -21.632330356881788 ], [ -43.650037970652185, -21.632330356881788 ], [ -43.650037970652185, -21.636821933302386 ] ] ], [ [ [ -43.668004276334571, -21.632330356881788 ], [ -43.663512699913973, -21.632330356881788 ], [ -43.663512699913973, -21.636821933302386 ], [ -43.668004276334571, -21.636821933302386 ], [ -43.668004276334571, -21.632330356881788 ] ] ], [ [ [ -43.668004276334571, -21.62783878046119 ], [ -43.668004276334571, -21.632330356881788 ], [ -43.676987429175767, -21.632330356881788 ], [ -43.676987429175767, -21.623347204040591 ], [ -43.672495852755169, -21.623347204040591 ], [ -43.672495852755169, -21.62783878046119 ], [ -43.668004276334571, -21.62783878046119 ] ] ], [ [ [ -43.654529547072784, -21.62783878046119 ], [ -43.654529547072784, -21.623347204040591 ], [ -43.672495852755169, -21.623347204040591 ], [ -43.672495852755169, -21.614364051199399 ], [ -43.654529547072784, -21.614364051199399 ], [ -43.654529547072784, -21.618855627619993 ], [ -43.650037970652185, -21.618855627619993 ], [ -43.650037970652185, -21.623347204040591 ], [ -43.645546394231587, -21.623347204040591 ], [ -43.645546394231587, -21.62783878046119 ], [ -43.654529547072784, -21.62783878046119 ] ] ], [ [ [ -43.587155900763818, -21.973690164847206 ], [ -43.587155900763818, -21.9781817412678 ], [ -43.58266432434322, -21.9781817412678 ], [ -43.58266432434322, -21.991656470529595 ], [ -43.587155900763818, -21.991656470529595 ], [ -43.587155900763818, -21.982673317688398 ], [ -43.596139053605015, -21.982673317688398 ], [ -43.596139053605015, -21.9781817412678 ], [ -43.591647477184416, -21.9781817412678 ], [ -43.591647477184416, -21.973690164847206 ], [ -43.587155900763818, -21.973690164847206 ] ] ], [ [ [ -43.58266432434322, -21.9781817412678 ], [ -43.58266432434322, -21.973690164847206 ], [ -43.578172747922622, -21.973690164847206 ], [ -43.578172747922622, -21.9781817412678 ], [ -43.58266432434322, -21.9781817412678 ] ] ], [ [ [ -43.564698018660827, -21.969198588426607 ], [ -43.560206442240229, -21.969198588426607 ], [ -43.560206442240229, -21.973690164847206 ], [ -43.564698018660827, -21.973690164847206 ], [ -43.564698018660827, -21.969198588426607 ] ] ], [ [ [ -43.573681171502024, -21.964707012006009 ], [ -43.569189595081426, -21.964707012006009 ], [ -43.569189595081426, -21.969198588426607 ], [ -43.573681171502024, -21.969198588426607 ], [ -43.573681171502024, -21.964707012006009 ] ] ], [ [ [ -43.537748560137246, -21.960215435585411 ], [ -43.533256983716647, -21.960215435585411 ], [ -43.533256983716647, -21.964707012006009 ], [ -43.537748560137246, -21.964707012006009 ], [ -43.537748560137246, -21.960215435585411 ] ] ], [ [ [ -43.555714865819631, -21.960215435585411 ], [ -43.560206442240229, -21.960215435585411 ], [ -43.560206442240229, -21.964707012006009 ], [ -43.564698018660827, -21.964707012006009 ], [ -43.564698018660827, -21.955723859164813 ], [ -43.573681171502024, -21.955723859164813 ], [ -43.573681171502024, -21.960215435585411 ], [ -43.578172747922622, -21.960215435585411 ], [ -43.578172747922622, -21.951232282744215 ], [ -43.569189595081426, -21.951232282744215 ], [ -43.569189595081426, -21.94674070632362 ], [ -43.573681171502024, -21.94674070632362 ], [ -43.573681171502024, -21.942249129903022 ], [ -43.58266432434322, -21.942249129903022 ], [ -43.58266432434322, -21.937757553482424 ], [ -43.578172747922622, -21.937757553482424 ], [ -43.578172747922622, -21.928774400641228 ], [ -43.573681171502024, -21.928774400641228 ], [ -43.573681171502024, -21.933265977061826 ], [ -43.569189595081426, -21.933265977061826 ], [ -43.569189595081426, -21.937757553482424 ], [ -43.564698018660827, -21.937757553482424 ], [ -43.564698018660827, -21.94674070632362 ], [ -43.555714865819631, -21.94674070632362 ], [ -43.555714865819631, -21.960215435585411 ] ] ], [ [ [ -43.555714865819631, -21.933265977061826 ], [ -43.546731712978442, -21.933265977061826 ], [ -43.546731712978442, -21.937757553482424 ], [ -43.542240136557844, -21.937757553482424 ], [ -43.542240136557844, -21.942249129903022 ], [ -43.551223289399033, -21.942249129903022 ], [ -43.551223289399033, -21.937757553482424 ], [ -43.555714865819631, -21.937757553482424 ], [ -43.555714865819631, -21.933265977061826 ] ] ], [ [ [ -43.564698018660827, -21.915299671379437 ], [ -43.569189595081426, -21.915299671379437 ], [ -43.569189595081426, -21.910808094958838 ], [ -43.573681171502024, -21.910808094958838 ], [ -43.573681171502024, -21.90631651853824 ], [ -43.564698018660827, -21.90631651853824 ], [ -43.564698018660827, -21.915299671379437 ] ] ], [ [ [ -43.578172747922622, -21.90631651853824 ], [ -43.58266432434322, -21.90631651853824 ], [ -43.58266432434322, -21.910808094958838 ], [ -43.587155900763818, -21.910808094958838 ], [ -43.587155900763818, -21.901824942117642 ], [ -43.578172747922622, -21.901824942117642 ], [ -43.578172747922622, -21.90631651853824 ] ] ], [ [ [ -43.515290678034255, -21.883858636435253 ], [ -43.506307525193058, -21.883858636435253 ], [ -43.506307525193058, -21.892841789276449 ], [ -43.515290678034255, -21.892841789276449 ], [ -43.515290678034255, -21.888350212855851 ], [ -43.519782254454853, -21.888350212855851 ], [ -43.519782254454853, -21.883858636435253 ], [ -43.528765407296049, -21.883858636435253 ], [ -43.528765407296049, -21.888350212855851 ], [ -43.524273830875451, -21.888350212855851 ], [ -43.524273830875451, -21.892841789276449 ], [ -43.528765407296049, -21.892841789276449 ], [ -43.528765407296049, -21.901824942117642 ], [ -43.524273830875451, -21.901824942117642 ], [ -43.524273830875451, -21.90631651853824 ], [ -43.533256983716647, -21.90631651853824 ], [ -43.533256983716647, -21.910808094958838 ], [ -43.528765407296049, -21.910808094958838 ], [ -43.528765407296049, -21.915299671379437 ], [ -43.537748560137246, -21.915299671379437 ], [ -43.537748560137246, -21.910808094958838 ], [ -43.555714865819631, -21.910808094958838 ], [ -43.555714865819631, -21.90631651853824 ], [ -43.560206442240229, -21.90631651853824 ], [ -43.560206442240229, -21.897333365697044 ], [ -43.551223289399033, -21.897333365697044 ], [ -43.551223289399033, -21.892841789276449 ], [ -43.533256983716647, -21.892841789276449 ], [ -43.533256983716647, -21.879367060014655 ], [ -43.537748560137246, -21.879367060014655 ], [ -43.537748560137246, -21.888350212855851 ], [ -43.551223289399033, -21.888350212855851 ], [ -43.551223289399033, -21.883858636435253 ], [ -43.555714865819631, -21.883858636435253 ], [ -43.555714865819631, -21.879367060014655 ], [ -43.542240136557844, -21.879367060014655 ], [ -43.542240136557844, -21.874875483594057 ], [ -43.537748560137246, -21.874875483594057 ], [ -43.537748560137246, -21.865892330752864 ], [ -43.533256983716647, -21.865892330752864 ], [ -43.533256983716647, -21.870383907173458 ], [ -43.515290678034255, -21.870383907173458 ], [ -43.515290678034255, -21.865892330752864 ], [ -43.50181594877246, -21.865892330752864 ], [ -43.50181594877246, -21.874875483594057 ], [ -43.515290678034255, -21.874875483594057 ], [ -43.515290678034255, -21.883858636435253 ] ], [ [ -43.551223289399033, -21.901824942117642 ], [ -43.551223289399033, -21.90631651853824 ], [ -43.542240136557844, -21.90631651853824 ], [ -43.542240136557844, -21.897333365697044 ], [ -43.546731712978442, -21.897333365697044 ], [ -43.546731712978442, -21.901824942117642 ], [ -43.551223289399033, -21.901824942117642 ] ] ], [ [ [ -43.555714865819631, -21.870383907173458 ], [ -43.546731712978442, -21.870383907173458 ], [ -43.546731712978442, -21.874875483594057 ], [ -43.555714865819631, -21.874875483594057 ], [ -43.555714865819631, -21.870383907173458 ] ] ], [ [ [ -43.564698018660827, -21.865892330752864 ], [ -43.560206442240229, -21.865892330752864 ], [ -43.560206442240229, -21.870383907173458 ], [ -43.573681171502024, -21.870383907173458 ], [ -43.573681171502024, -21.861400754332266 ], [ -43.564698018660827, -21.861400754332266 ], [ -43.564698018660827, -21.865892330752864 ] ] ], [ [ [ -43.560206442240229, -21.865892330752864 ], [ -43.560206442240229, -21.856909177911668 ], [ -43.555714865819631, -21.856909177911668 ], [ -43.555714865819631, -21.852417601491069 ], [ -43.551223289399033, -21.852417601491069 ], [ -43.551223289399033, -21.847926025070471 ], [ -43.542240136557844, -21.847926025070471 ], [ -43.542240136557844, -21.856909177911668 ], [ -43.546731712978442, -21.856909177911668 ], [ -43.546731712978442, -21.861400754332266 ], [ -43.551223289399033, -21.861400754332266 ], [ -43.551223289399033, -21.865892330752864 ], [ -43.560206442240229, -21.865892330752864 ] ] ], [ [ [ -43.533256983716647, -21.852417601491069 ], [ -43.528765407296049, -21.852417601491069 ], [ -43.528765407296049, -21.856909177911668 ], [ -43.533256983716647, -21.856909177911668 ], [ -43.533256983716647, -21.852417601491069 ] ] ], [ [ [ -43.519782254454853, -21.838942872229275 ], [ -43.515290678034255, -21.838942872229275 ], [ -43.515290678034255, -21.847926025070471 ], [ -43.510799101613657, -21.847926025070471 ], [ -43.510799101613657, -21.852417601491069 ], [ -43.524273830875451, -21.852417601491069 ], [ -43.524273830875451, -21.847926025070471 ], [ -43.519782254454853, -21.847926025070471 ], [ -43.519782254454853, -21.838942872229275 ] ] ], [ [ [ -43.551223289399033, -21.843434448649873 ], [ -43.560206442240229, -21.843434448649873 ], [ -43.560206442240229, -21.847926025070471 ], [ -43.564698018660827, -21.847926025070471 ], [ -43.564698018660827, -21.843434448649873 ], [ -43.569189595081426, -21.843434448649873 ], [ -43.569189595081426, -21.829959719388082 ], [ -43.551223289399033, -21.829959719388082 ], [ -43.551223289399033, -21.825468142967484 ], [ -43.546731712978442, -21.825468142967484 ], [ -43.546731712978442, -21.829959719388082 ], [ -43.542240136557844, -21.829959719388082 ], [ -43.542240136557844, -21.843434448649873 ], [ -43.546731712978442, -21.843434448649873 ], [ -43.546731712978442, -21.83445129580868 ], [ -43.551223289399033, -21.83445129580868 ], [ -43.551223289399033, -21.843434448649873 ] ] ], [ [ [ -43.578172747922622, -21.825468142967484 ], [ -43.573681171502024, -21.825468142967484 ], [ -43.573681171502024, -21.829959719388082 ], [ -43.578172747922622, -21.829959719388082 ], [ -43.578172747922622, -21.825468142967484 ] ] ], [ [ [ -43.537748560137246, -21.820976566546886 ], [ -43.546731712978442, -21.820976566546886 ], [ -43.546731712978442, -21.811993413705689 ], [ -43.533256983716647, -21.811993413705689 ], [ -43.533256983716647, -21.820976566546886 ], [ -43.524273830875451, -21.820976566546886 ], [ -43.524273830875451, -21.829959719388082 ], [ -43.528765407296049, -21.829959719388082 ], [ -43.528765407296049, -21.825468142967484 ], [ -43.537748560137246, -21.825468142967484 ], [ -43.537748560137246, -21.820976566546886 ] ] ], [ [ [ -43.528765407296049, -21.803010260864497 ], [ -43.524273830875451, -21.803010260864497 ], [ -43.524273830875451, -21.816484990126288 ], [ -43.528765407296049, -21.816484990126288 ], [ -43.528765407296049, -21.803010260864497 ] ] ], [ [ [ -43.569189595081426, -21.803010260864497 ], [ -43.564698018660827, -21.803010260864497 ], [ -43.564698018660827, -21.807501837285095 ], [ -43.569189595081426, -21.807501837285095 ], [ -43.569189595081426, -21.803010260864497 ] ] ], [ [ [ -43.546731712978442, -21.803010260864497 ], [ -43.537748560137246, -21.803010260864497 ], [ -43.537748560137246, -21.807501837285095 ], [ -43.546731712978442, -21.807501837285095 ], [ -43.546731712978442, -21.803010260864497 ] ] ], [ [ [ -43.537748560137246, -21.798518684443899 ], [ -43.533256983716647, -21.798518684443899 ], [ -43.533256983716647, -21.803010260864497 ], [ -43.537748560137246, -21.803010260864497 ], [ -43.537748560137246, -21.798518684443899 ] ] ], [ [ [ -43.555714865819631, -21.798518684443899 ], [ -43.551223289399033, -21.798518684443899 ], [ -43.551223289399033, -21.803010260864497 ], [ -43.555714865819631, -21.803010260864497 ], [ -43.555714865819631, -21.798518684443899 ] ] ], [ [ [ -43.578172747922622, -21.803010260864497 ], [ -43.587155900763818, -21.803010260864497 ], [ -43.587155900763818, -21.798518684443899 ], [ -43.58266432434322, -21.798518684443899 ], [ -43.58266432434322, -21.7940271080233 ], [ -43.578172747922622, -21.7940271080233 ], [ -43.578172747922622, -21.803010260864497 ] ] ], [ [ [ -43.573681171502024, -21.789535531602702 ], [ -43.569189595081426, -21.789535531602702 ], [ -43.569189595081426, -21.7940271080233 ], [ -43.573681171502024, -21.7940271080233 ], [ -43.573681171502024, -21.789535531602702 ] ] ], [ [ [ -43.537748560137246, -21.776060802340911 ], [ -43.533256983716647, -21.776060802340911 ], [ -43.533256983716647, -21.780552378761509 ], [ -43.537748560137246, -21.780552378761509 ], [ -43.537748560137246, -21.776060802340911 ] ] ], [ [ [ -43.551223289399033, -21.789535531602702 ], [ -43.560206442240229, -21.789535531602702 ], [ -43.560206442240229, -21.780552378761509 ], [ -43.573681171502024, -21.780552378761509 ], [ -43.573681171502024, -21.776060802340911 ], [ -43.578172747922622, -21.776060802340911 ], [ -43.578172747922622, -21.767077649499715 ], [ -43.573681171502024, -21.767077649499715 ], [ -43.573681171502024, -21.771569225920313 ], [ -43.560206442240229, -21.771569225920313 ], [ -43.560206442240229, -21.776060802340911 ], [ -43.555714865819631, -21.776060802340911 ], [ -43.555714865819631, -21.785043955182104 ], [ -43.551223289399033, -21.785043955182104 ], [ -43.551223289399033, -21.789535531602702 ] ] ], [ [ [ -43.555714865819631, -21.776060802340911 ], [ -43.555714865819631, -21.771569225920313 ], [ -43.551223289399033, -21.771569225920313 ], [ -43.551223289399033, -21.776060802340911 ], [ -43.555714865819631, -21.776060802340911 ] ] ], [ [ [ -43.569189595081426, -21.762586073079117 ], [ -43.564698018660827, -21.762586073079117 ], [ -43.564698018660827, -21.767077649499715 ], [ -43.569189595081426, -21.767077649499715 ], [ -43.569189595081426, -21.762586073079117 ] ] ], [ [ [ -43.578172747922622, -21.758094496658519 ], [ -43.573681171502024, -21.758094496658519 ], [ -43.573681171502024, -21.762586073079117 ], [ -43.578172747922622, -21.762586073079117 ], [ -43.578172747922622, -21.758094496658519 ] ] ], [ [ [ -43.542240136557844, -21.744619767396728 ], [ -43.533256983716647, -21.744619767396728 ], [ -43.533256983716647, -21.749111343817326 ], [ -43.528765407296049, -21.749111343817326 ], [ -43.528765407296049, -21.762586073079117 ], [ -43.537748560137246, -21.762586073079117 ], [ -43.537748560137246, -21.758094496658519 ], [ -43.542240136557844, -21.758094496658519 ], [ -43.542240136557844, -21.744619767396728 ] ] ], [ [ [ -43.58266432434322, -21.749111343817326 ], [ -43.587155900763818, -21.749111343817326 ], [ -43.587155900763818, -21.753602920237924 ], [ -43.591647477184416, -21.753602920237924 ], [ -43.591647477184416, -21.744619767396728 ], [ -43.58266432434322, -21.744619767396728 ], [ -43.58266432434322, -21.749111343817326 ] ] ], [ [ [ -43.569189595081426, -21.72216188529374 ], [ -43.560206442240229, -21.72216188529374 ], [ -43.560206442240229, -21.726653461714339 ], [ -43.555714865819631, -21.726653461714339 ], [ -43.555714865819631, -21.735636614555531 ], [ -43.564698018660827, -21.735636614555531 ], [ -43.564698018660827, -21.740128190976129 ], [ -43.569189595081426, -21.740128190976129 ], [ -43.569189595081426, -21.72216188529374 ] ] ], [ [ [ -43.551223289399033, -21.72216188529374 ], [ -43.546731712978442, -21.72216188529374 ], [ -43.546731712978442, -21.726653461714339 ], [ -43.551223289399033, -21.726653461714339 ], [ -43.551223289399033, -21.72216188529374 ] ] ], [ [ [ -43.528765407296049, -21.704195579611348 ], [ -43.546731712978442, -21.704195579611348 ], [ -43.546731712978442, -21.708687156031946 ], [ -43.551223289399033, -21.708687156031946 ], [ -43.551223289399033, -21.704195579611348 ], [ -43.569189595081426, -21.704195579611348 ], [ -43.569189595081426, -21.713178732452544 ], [ -43.573681171502024, -21.713178732452544 ], [ -43.573681171502024, -21.717670308873142 ], [ -43.58266432434322, -21.717670308873142 ], [ -43.58266432434322, -21.695212426770155 ], [ -43.578172747922622, -21.695212426770155 ], [ -43.578172747922622, -21.704195579611348 ], [ -43.573681171502024, -21.704195579611348 ], [ -43.573681171502024, -21.695212426770155 ], [ -43.564698018660827, -21.695212426770155 ], [ -43.564698018660827, -21.699704003190753 ], [ -43.542240136557844, -21.699704003190753 ], [ -43.542240136557844, -21.695212426770155 ], [ -43.537748560137246, -21.695212426770155 ], [ -43.537748560137246, -21.686229273928959 ], [ -43.528765407296049, -21.686229273928959 ], [ -43.528765407296049, -21.695212426770155 ], [ -43.533256983716647, -21.695212426770155 ], [ -43.533256983716647, -21.699704003190753 ], [ -43.528765407296049, -21.699704003190753 ], [ -43.528765407296049, -21.704195579611348 ] ] ], [ [ [ -43.542240136557844, -21.695212426770155 ], [ -43.551223289399033, -21.695212426770155 ], [ -43.551223289399033, -21.686229273928959 ], [ -43.542240136557844, -21.686229273928959 ], [ -43.542240136557844, -21.695212426770155 ] ] ], [ [ [ -43.587155900763818, -21.686229273928959 ], [ -43.58266432434322, -21.686229273928959 ], [ -43.58266432434322, -21.690720850349557 ], [ -43.587155900763818, -21.690720850349557 ], [ -43.587155900763818, -21.686229273928959 ] ] ], [ [ [ -43.560206442240229, -21.686229273928959 ], [ -43.555714865819631, -21.686229273928959 ], [ -43.555714865819631, -21.690720850349557 ], [ -43.560206442240229, -21.690720850349557 ], [ -43.560206442240229, -21.686229273928959 ] ] ], [ [ [ -43.528765407296049, -21.677246121087762 ], [ -43.524273830875451, -21.677246121087762 ], [ -43.524273830875451, -21.68173769750836 ], [ -43.528765407296049, -21.68173769750836 ], [ -43.528765407296049, -21.677246121087762 ] ] ], [ [ [ -43.528765407296049, -21.677246121087762 ], [ -43.533256983716647, -21.677246121087762 ], [ -43.533256983716647, -21.672754544667164 ], [ -43.528765407296049, -21.672754544667164 ], [ -43.528765407296049, -21.677246121087762 ] ] ], [ [ [ -43.519782254454853, -21.659279815405373 ], [ -43.515290678034255, -21.659279815405373 ], [ -43.515290678034255, -21.663771391825971 ], [ -43.524273830875451, -21.663771391825971 ], [ -43.524273830875451, -21.668262968246569 ], [ -43.542240136557844, -21.668262968246569 ], [ -43.542240136557844, -21.663771391825971 ], [ -43.551223289399033, -21.663771391825971 ], [ -43.551223289399033, -21.659279815405373 ], [ -43.564698018660827, -21.659279815405373 ], [ -43.564698018660827, -21.654788238984775 ], [ -43.573681171502024, -21.654788238984775 ], [ -43.573681171502024, -21.659279815405373 ], [ -43.569189595081426, -21.659279815405373 ], [ -43.569189595081426, -21.672754544667164 ], [ -43.564698018660827, -21.672754544667164 ], [ -43.564698018660827, -21.677246121087762 ], [ -43.560206442240229, -21.677246121087762 ], [ -43.560206442240229, -21.686229273928959 ], [ -43.564698018660827, -21.686229273928959 ], [ -43.564698018660827, -21.68173769750836 ], [ -43.569189595081426, -21.68173769750836 ], [ -43.569189595081426, -21.677246121087762 ], [ -43.573681171502024, -21.677246121087762 ], [ -43.573681171502024, -21.672754544667164 ], [ -43.578172747922622, -21.672754544667164 ], [ -43.578172747922622, -21.668262968246569 ], [ -43.58266432434322, -21.668262968246569 ], [ -43.58266432434322, -21.677246121087762 ], [ -43.587155900763818, -21.677246121087762 ], [ -43.587155900763818, -21.659279815405373 ], [ -43.591647477184416, -21.659279815405373 ], [ -43.591647477184416, -21.650296662564177 ], [ -43.58266432434322, -21.650296662564177 ], [ -43.58266432434322, -21.645805086143579 ], [ -43.573681171502024, -21.645805086143579 ], [ -43.573681171502024, -21.641313509722984 ], [ -43.569189595081426, -21.641313509722984 ], [ -43.569189595081426, -21.636821933302386 ], [ -43.560206442240229, -21.636821933302386 ], [ -43.560206442240229, -21.641313509722984 ], [ -43.564698018660827, -21.641313509722984 ], [ -43.564698018660827, -21.650296662564177 ], [ -43.528765407296049, -21.650296662564177 ], [ -43.528765407296049, -21.654788238984775 ], [ -43.519782254454853, -21.654788238984775 ], [ -43.519782254454853, -21.659279815405373 ] ] ], [ [ [ -43.533256983716647, -21.641313509722984 ], [ -43.533256983716647, -21.645805086143579 ], [ -43.542240136557844, -21.645805086143579 ], [ -43.542240136557844, -21.641313509722984 ], [ -43.537748560137246, -21.641313509722984 ], [ -43.537748560137246, -21.62783878046119 ], [ -43.528765407296049, -21.62783878046119 ], [ -43.528765407296049, -21.618855627619993 ], [ -43.533256983716647, -21.618855627619993 ], [ -43.533256983716647, -21.614364051199399 ], [ -43.524273830875451, -21.614364051199399 ], [ -43.524273830875451, -21.6098724747788 ], [ -43.519782254454853, -21.6098724747788 ], [ -43.519782254454853, -21.614364051199399 ], [ -43.515290678034255, -21.614364051199399 ], [ -43.515290678034255, -21.618855627619993 ], [ -43.506307525193058, -21.618855627619993 ], [ -43.506307525193058, -21.623347204040591 ], [ -43.497324372351862, -21.623347204040591 ], [ -43.497324372351862, -21.632330356881788 ], [ -43.506307525193058, -21.632330356881788 ], [ -43.506307525193058, -21.636821933302386 ], [ -43.50181594877246, -21.636821933302386 ], [ -43.50181594877246, -21.641313509722984 ], [ -43.497324372351862, -21.641313509722984 ], [ -43.497324372351862, -21.650296662564177 ], [ -43.515290678034255, -21.650296662564177 ], [ -43.515290678034255, -21.641313509722984 ], [ -43.533256983716647, -21.641313509722984 ] ], [ [ -43.506307525193058, -21.62783878046119 ], [ -43.510799101613657, -21.62783878046119 ], [ -43.510799101613657, -21.623347204040591 ], [ -43.519782254454853, -21.623347204040591 ], [ -43.519782254454853, -21.636821933302386 ], [ -43.515290678034255, -21.636821933302386 ], [ -43.515290678034255, -21.632330356881788 ], [ -43.506307525193058, -21.632330356881788 ], [ -43.506307525193058, -21.62783878046119 ] ], [ [ -43.510799101613657, -21.641313509722984 ], [ -43.510799101613657, -21.645805086143579 ], [ -43.506307525193058, -21.645805086143579 ], [ -43.506307525193058, -21.641313509722984 ], [ -43.510799101613657, -21.641313509722984 ] ] ], [ [ [ -43.58266432434322, -21.632330356881788 ], [ -43.58266432434322, -21.62783878046119 ], [ -43.573681171502024, -21.62783878046119 ], [ -43.573681171502024, -21.632330356881788 ], [ -43.58266432434322, -21.632330356881788 ] ] ], [ [ [ -43.564698018660827, -21.618855627619993 ], [ -43.560206442240229, -21.618855627619993 ], [ -43.560206442240229, -21.632330356881788 ], [ -43.564698018660827, -21.632330356881788 ], [ -43.564698018660827, -21.618855627619993 ] ] ], [ [ [ -43.537748560137246, -21.62783878046119 ], [ -43.546731712978442, -21.62783878046119 ], [ -43.546731712978442, -21.623347204040591 ], [ -43.551223289399033, -21.623347204040591 ], [ -43.551223289399033, -21.618855627619993 ], [ -43.537748560137246, -21.618855627619993 ], [ -43.537748560137246, -21.62783878046119 ] ] ], [ [ [ -43.58266432434322, -21.618855627619993 ], [ -43.578172747922622, -21.618855627619993 ], [ -43.578172747922622, -21.623347204040591 ], [ -43.58266432434322, -21.623347204040591 ], [ -43.58266432434322, -21.618855627619993 ] ] ], [ [ [ -43.587155900763818, -21.623347204040591 ], [ -43.596139053605015, -21.623347204040591 ], [ -43.596139053605015, -21.614364051199399 ], [ -43.58266432434322, -21.614364051199399 ], [ -43.58266432434322, -21.618855627619993 ], [ -43.587155900763818, -21.618855627619993 ], [ -43.587155900763818, -21.623347204040591 ] ] ], [ [ [ -43.555714865819631, -21.614364051199399 ], [ -43.551223289399033, -21.614364051199399 ], [ -43.551223289399033, -21.618855627619993 ], [ -43.555714865819631, -21.618855627619993 ], [ -43.555714865819631, -21.614364051199399 ] ] ], [ [ [ -43.537748560137246, -21.6098724747788 ], [ -43.533256983716647, -21.6098724747788 ], [ -43.533256983716647, -21.614364051199399 ], [ -43.537748560137246, -21.614364051199399 ], [ -43.537748560137246, -21.6098724747788 ] ] ], [ [ [ -43.515290678034255, -21.94674070632362 ], [ -43.510799101613657, -21.94674070632362 ], [ -43.510799101613657, -21.951232282744215 ], [ -43.515290678034255, -21.951232282744215 ], [ -43.515290678034255, -21.94674070632362 ] ] ], [ [ [ -43.510799101613657, -21.919791247800035 ], [ -43.506307525193058, -21.919791247800035 ], [ -43.506307525193058, -21.924282824220629 ], [ -43.510799101613657, -21.924282824220629 ], [ -43.510799101613657, -21.919791247800035 ] ] ], [ [ [ -43.506307525193058, -21.90631651853824 ], [ -43.506307525193058, -21.910808094958838 ], [ -43.510799101613657, -21.910808094958838 ], [ -43.510799101613657, -21.90631651853824 ], [ -43.506307525193058, -21.90631651853824 ] ] ], [ [ [ -43.506307525193058, -21.90631651853824 ], [ -43.506307525193058, -21.901824942117642 ], [ -43.50181594877246, -21.901824942117642 ], [ -43.50181594877246, -21.90631651853824 ], [ -43.506307525193058, -21.90631651853824 ] ] ], [ [ [ -43.510799101613657, -21.90631651853824 ], [ -43.515290678034255, -21.90631651853824 ], [ -43.515290678034255, -21.901824942117642 ], [ -43.519782254454853, -21.901824942117642 ], [ -43.519782254454853, -21.897333365697044 ], [ -43.510799101613657, -21.897333365697044 ], [ -43.510799101613657, -21.90631651853824 ] ] ], [ [ [ -43.474866490248878, -21.883858636435253 ], [ -43.47037491382828, -21.883858636435253 ], [ -43.47037491382828, -21.892841789276449 ], [ -43.474866490248878, -21.892841789276449 ], [ -43.474866490248878, -21.883858636435253 ] ] ], [ [ [ -43.497324372351862, -21.883858636435253 ], [ -43.492832795931264, -21.883858636435253 ], [ -43.492832795931264, -21.888350212855851 ], [ -43.497324372351862, -21.888350212855851 ], [ -43.497324372351862, -21.883858636435253 ] ] ], [ [ [ -43.488341219510673, -21.879367060014655 ], [ -43.483849643090075, -21.879367060014655 ], [ -43.483849643090075, -21.883858636435253 ], [ -43.488341219510673, -21.883858636435253 ], [ -43.488341219510673, -21.879367060014655 ] ] ], [ [ [ -43.497324372351862, -21.874875483594057 ], [ -43.492832795931264, -21.874875483594057 ], [ -43.492832795931264, -21.879367060014655 ], [ -43.497324372351862, -21.879367060014655 ], [ -43.497324372351862, -21.874875483594057 ] ] ], [ [ [ -43.492832795931264, -21.856909177911668 ], [ -43.488341219510673, -21.856909177911668 ], [ -43.488341219510673, -21.861400754332266 ], [ -43.492832795931264, -21.861400754332266 ], [ -43.492832795931264, -21.856909177911668 ] ] ], [ [ [ -43.506307525193058, -21.847926025070471 ], [ -43.50181594877246, -21.847926025070471 ], [ -43.50181594877246, -21.852417601491069 ], [ -43.506307525193058, -21.852417601491069 ], [ -43.506307525193058, -21.847926025070471 ] ] ], [ [ [ -43.420967573201708, -21.852417601491069 ], [ -43.429950726042904, -21.852417601491069 ], [ -43.429950726042904, -21.847926025070471 ], [ -43.443425455304691, -21.847926025070471 ], [ -43.443425455304691, -21.852417601491069 ], [ -43.438933878884093, -21.852417601491069 ], [ -43.438933878884093, -21.856909177911668 ], [ -43.447917031725289, -21.856909177911668 ], [ -43.447917031725289, -21.861400754332266 ], [ -43.452408608145888, -21.861400754332266 ], [ -43.452408608145888, -21.865892330752864 ], [ -43.456900184566486, -21.865892330752864 ], [ -43.456900184566486, -21.870383907173458 ], [ -43.47037491382828, -21.870383907173458 ], [ -43.47037491382828, -21.861400754332266 ], [ -43.474866490248878, -21.861400754332266 ], [ -43.474866490248878, -21.879367060014655 ], [ -43.483849643090075, -21.879367060014655 ], [ -43.483849643090075, -21.874875483594057 ], [ -43.488341219510673, -21.874875483594057 ], [ -43.488341219510673, -21.870383907173458 ], [ -43.483849643090075, -21.870383907173458 ], [ -43.483849643090075, -21.865892330752864 ], [ -43.488341219510673, -21.865892330752864 ], [ -43.488341219510673, -21.861400754332266 ], [ -43.483849643090075, -21.861400754332266 ], [ -43.483849643090075, -21.856909177911668 ], [ -43.479358066669477, -21.856909177911668 ], [ -43.479358066669477, -21.847926025070471 ], [ -43.492832795931264, -21.847926025070471 ], [ -43.492832795931264, -21.838942872229275 ], [ -43.483849643090075, -21.838942872229275 ], [ -43.483849643090075, -21.843434448649873 ], [ -43.474866490248878, -21.843434448649873 ], [ -43.474866490248878, -21.847926025070471 ], [ -43.465883337407682, -21.847926025070471 ], [ -43.465883337407682, -21.843434448649873 ], [ -43.452408608145888, -21.843434448649873 ], [ -43.452408608145888, -21.838942872229275 ], [ -43.456900184566486, -21.838942872229275 ], [ -43.456900184566486, -21.83445129580868 ], [ -43.461391760987084, -21.83445129580868 ], [ -43.461391760987084, -21.825468142967484 ], [ -43.443425455304691, -21.825468142967484 ], [ -43.443425455304691, -21.820976566546886 ], [ -43.438933878884093, -21.820976566546886 ], [ -43.438933878884093, -21.83445129580868 ], [ -43.425459149622306, -21.83445129580868 ], [ -43.425459149622306, -21.838942872229275 ], [ -43.429950726042904, -21.838942872229275 ], [ -43.429950726042904, -21.843434448649873 ], [ -43.420967573201708, -21.843434448649873 ], [ -43.420967573201708, -21.852417601491069 ] ], [ [ -43.452408608145888, -21.852417601491069 ], [ -43.452408608145888, -21.847926025070471 ], [ -43.461391760987084, -21.847926025070471 ], [ -43.461391760987084, -21.852417601491069 ], [ -43.465883337407682, -21.852417601491069 ], [ -43.465883337407682, -21.861400754332266 ], [ -43.461391760987084, -21.861400754332266 ], [ -43.461391760987084, -21.856909177911668 ], [ -43.456900184566486, -21.856909177911668 ], [ -43.456900184566486, -21.852417601491069 ], [ -43.452408608145888, -21.852417601491069 ] ] ], [ [ [ -43.50181594877246, -21.843434448649873 ], [ -43.497324372351862, -21.843434448649873 ], [ -43.497324372351862, -21.847926025070471 ], [ -43.50181594877246, -21.847926025070471 ], [ -43.50181594877246, -21.843434448649873 ] ] ], [ [ [ -43.479358066669477, -21.820976566546886 ], [ -43.474866490248878, -21.820976566546886 ], [ -43.474866490248878, -21.829959719388082 ], [ -43.483849643090075, -21.829959719388082 ], [ -43.483849643090075, -21.83445129580868 ], [ -43.488341219510673, -21.83445129580868 ], [ -43.488341219510673, -21.825468142967484 ], [ -43.479358066669477, -21.825468142967484 ], [ -43.479358066669477, -21.820976566546886 ] ] ], [ [ [ -43.465883337407682, -21.816484990126288 ], [ -43.461391760987084, -21.816484990126288 ], [ -43.461391760987084, -21.820976566546886 ], [ -43.465883337407682, -21.820976566546886 ], [ -43.465883337407682, -21.816484990126288 ] ] ], [ [ [ -43.506307525193058, -21.811993413705689 ], [ -43.50181594877246, -21.811993413705689 ], [ -43.50181594877246, -21.816484990126288 ], [ -43.506307525193058, -21.816484990126288 ], [ -43.506307525193058, -21.811993413705689 ] ] ], [ [ [ -43.456900184566486, -21.807501837285095 ], [ -43.447917031725289, -21.807501837285095 ], [ -43.447917031725289, -21.811993413705689 ], [ -43.452408608145888, -21.811993413705689 ], [ -43.452408608145888, -21.816484990126288 ], [ -43.461391760987084, -21.816484990126288 ], [ -43.461391760987084, -21.811993413705689 ], [ -43.456900184566486, -21.811993413705689 ], [ -43.456900184566486, -21.807501837285095 ] ] ], [ [ [ -43.519782254454853, -21.803010260864497 ], [ -43.515290678034255, -21.803010260864497 ], [ -43.515290678034255, -21.807501837285095 ], [ -43.519782254454853, -21.807501837285095 ], [ -43.519782254454853, -21.803010260864497 ] ] ], [ [ [ -43.492832795931264, -21.803010260864497 ], [ -43.488341219510673, -21.803010260864497 ], [ -43.488341219510673, -21.807501837285095 ], [ -43.492832795931264, -21.807501837285095 ], [ -43.492832795931264, -21.803010260864497 ] ] ], [ [ [ -43.515290678034255, -21.7940271080233 ], [ -43.50181594877246, -21.7940271080233 ], [ -43.50181594877246, -21.798518684443899 ], [ -43.515290678034255, -21.798518684443899 ], [ -43.515290678034255, -21.7940271080233 ] ] ], [ [ [ -43.456900184566486, -21.7940271080233 ], [ -43.452408608145888, -21.7940271080233 ], [ -43.452408608145888, -21.798518684443899 ], [ -43.456900184566486, -21.798518684443899 ], [ -43.456900184566486, -21.7940271080233 ] ] ], [ [ [ -43.488341219510673, -21.7940271080233 ], [ -43.492832795931264, -21.7940271080233 ], [ -43.492832795931264, -21.789535531602702 ], [ -43.488341219510673, -21.789535531602702 ], [ -43.488341219510673, -21.785043955182104 ], [ -43.479358066669477, -21.785043955182104 ], [ -43.479358066669477, -21.7940271080233 ], [ -43.465883337407682, -21.7940271080233 ], [ -43.465883337407682, -21.803010260864497 ], [ -43.474866490248878, -21.803010260864497 ], [ -43.474866490248878, -21.798518684443899 ], [ -43.488341219510673, -21.798518684443899 ], [ -43.488341219510673, -21.7940271080233 ] ] ], [ [ [ -43.465883337407682, -21.789535531602702 ], [ -43.461391760987084, -21.789535531602702 ], [ -43.461391760987084, -21.7940271080233 ], [ -43.465883337407682, -21.7940271080233 ], [ -43.465883337407682, -21.789535531602702 ] ] ], [ [ [ -43.461391760987084, -21.762586073079117 ], [ -43.456900184566486, -21.762586073079117 ], [ -43.456900184566486, -21.767077649499715 ], [ -43.461391760987084, -21.767077649499715 ], [ -43.461391760987084, -21.762586073079117 ] ] ], [ [ [ -43.465883337407682, -21.753602920237924 ], [ -43.465883337407682, -21.762586073079117 ], [ -43.47037491382828, -21.762586073079117 ], [ -43.47037491382828, -21.767077649499715 ], [ -43.474866490248878, -21.767077649499715 ], [ -43.474866490248878, -21.753602920237924 ], [ -43.465883337407682, -21.753602920237924 ] ] ], [ [ [ -43.510799101613657, -21.740128190976129 ], [ -43.506307525193058, -21.740128190976129 ], [ -43.506307525193058, -21.744619767396728 ], [ -43.510799101613657, -21.744619767396728 ], [ -43.510799101613657, -21.740128190976129 ] ] ], [ [ [ -43.474866490248878, -21.735636614555531 ], [ -43.47037491382828, -21.735636614555531 ], [ -43.47037491382828, -21.740128190976129 ], [ -43.474866490248878, -21.740128190976129 ], [ -43.474866490248878, -21.735636614555531 ] ] ], [ [ [ -43.515290678034255, -21.731145038134933 ], [ -43.510799101613657, -21.731145038134933 ], [ -43.510799101613657, -21.735636614555531 ], [ -43.515290678034255, -21.735636614555531 ], [ -43.515290678034255, -21.731145038134933 ] ] ], [ [ [ -43.47037491382828, -21.726653461714339 ], [ -43.465883337407682, -21.726653461714339 ], [ -43.465883337407682, -21.731145038134933 ], [ -43.47037491382828, -21.731145038134933 ], [ -43.47037491382828, -21.726653461714339 ] ] ], [ [ [ -43.47037491382828, -21.717670308873142 ], [ -43.465883337407682, -21.717670308873142 ], [ -43.465883337407682, -21.72216188529374 ], [ -43.474866490248878, -21.72216188529374 ], [ -43.474866490248878, -21.713178732452544 ], [ -43.47037491382828, -21.713178732452544 ], [ -43.47037491382828, -21.717670308873142 ] ] ], [ [ [ -43.510799101613657, -21.713178732452544 ], [ -43.506307525193058, -21.713178732452544 ], [ -43.506307525193058, -21.717670308873142 ], [ -43.510799101613657, -21.717670308873142 ], [ -43.510799101613657, -21.713178732452544 ] ] ], [ [ [ -43.510799101613657, -21.686229273928959 ], [ -43.506307525193058, -21.686229273928959 ], [ -43.506307525193058, -21.690720850349557 ], [ -43.510799101613657, -21.690720850349557 ], [ -43.510799101613657, -21.686229273928959 ] ] ], [ [ [ -43.515290678034255, -21.677246121087762 ], [ -43.506307525193058, -21.677246121087762 ], [ -43.506307525193058, -21.68173769750836 ], [ -43.510799101613657, -21.68173769750836 ], [ -43.510799101613657, -21.686229273928959 ], [ -43.515290678034255, -21.686229273928959 ], [ -43.515290678034255, -21.690720850349557 ], [ -43.519782254454853, -21.690720850349557 ], [ -43.519782254454853, -21.677246121087762 ], [ -43.524273830875451, -21.677246121087762 ], [ -43.524273830875451, -21.672754544667164 ], [ -43.515290678034255, -21.672754544667164 ], [ -43.515290678034255, -21.677246121087762 ] ] ], [ [ [ -43.488341219510673, -21.650296662564177 ], [ -43.488341219510673, -21.659279815405373 ], [ -43.492832795931264, -21.659279815405373 ], [ -43.492832795931264, -21.650296662564177 ], [ -43.488341219510673, -21.650296662564177 ] ] ], [ [ [ -43.479358066669477, -21.645805086143579 ], [ -43.479358066669477, -21.650296662564177 ], [ -43.488341219510673, -21.650296662564177 ], [ -43.488341219510673, -21.645805086143579 ], [ -43.483849643090075, -21.645805086143579 ], [ -43.483849643090075, -21.641313509722984 ], [ -43.461391760987084, -21.641313509722984 ], [ -43.461391760987084, -21.659279815405373 ], [ -43.474866490248878, -21.659279815405373 ], [ -43.474866490248878, -21.645805086143579 ], [ -43.479358066669477, -21.645805086143579 ] ], [ [ -43.47037491382828, -21.645805086143579 ], [ -43.47037491382828, -21.650296662564177 ], [ -43.465883337407682, -21.650296662564177 ], [ -43.465883337407682, -21.645805086143579 ], [ -43.47037491382828, -21.645805086143579 ] ] ], [ [ [ -43.488341219510673, -21.636821933302386 ], [ -43.483849643090075, -21.636821933302386 ], [ -43.483849643090075, -21.641313509722984 ], [ -43.488341219510673, -21.641313509722984 ], [ -43.488341219510673, -21.636821933302386 ] ] ], [ [ [ -43.443425455304691, -21.645805086143579 ], [ -43.438933878884093, -21.645805086143579 ], [ -43.438933878884093, -21.650296662564177 ], [ -43.443425455304691, -21.650296662564177 ], [ -43.443425455304691, -21.654788238984775 ], [ -43.447917031725289, -21.654788238984775 ], [ -43.447917031725289, -21.650296662564177 ], [ -43.452408608145888, -21.650296662564177 ], [ -43.452408608145888, -21.636821933302386 ], [ -43.456900184566486, -21.636821933302386 ], [ -43.456900184566486, -21.641313509722984 ], [ -43.461391760987084, -21.641313509722984 ], [ -43.461391760987084, -21.636821933302386 ], [ -43.465883337407682, -21.636821933302386 ], [ -43.465883337407682, -21.632330356881788 ], [ -43.456900184566486, -21.632330356881788 ], [ -43.456900184566486, -21.62783878046119 ], [ -43.452408608145888, -21.62783878046119 ], [ -43.452408608145888, -21.623347204040591 ], [ -43.447917031725289, -21.623347204040591 ], [ -43.447917031725289, -21.62783878046119 ], [ -43.443425455304691, -21.62783878046119 ], [ -43.443425455304691, -21.632330356881788 ], [ -43.438933878884093, -21.632330356881788 ], [ -43.438933878884093, -21.636821933302386 ], [ -43.443425455304691, -21.636821933302386 ], [ -43.443425455304691, -21.645805086143579 ] ] ], [ [ [ -43.515290678034255, -21.605380898358202 ], [ -43.506307525193058, -21.605380898358202 ], [ -43.506307525193058, -21.6098724747788 ], [ -43.515290678034255, -21.6098724747788 ], [ -43.515290678034255, -21.605380898358202 ] ] ], [ [ [ -43.483849643090075, -21.6098724747788 ], [ -43.47037491382828, -21.6098724747788 ], [ -43.47037491382828, -21.605380898358202 ], [ -43.465883337407682, -21.605380898358202 ], [ -43.465883337407682, -21.600889321937604 ], [ -43.47037491382828, -21.600889321937604 ], [ -43.47037491382828, -21.596397745517006 ], [ -43.474866490248878, -21.596397745517006 ], [ -43.474866490248878, -21.591906169096408 ], [ -43.479358066669477, -21.591906169096408 ], [ -43.479358066669477, -21.587414592675813 ], [ -43.474866490248878, -21.587414592675813 ], [ -43.474866490248878, -21.582923016255215 ], [ -43.47037491382828, -21.582923016255215 ], [ -43.47037491382828, -21.591906169096408 ], [ -43.456900184566486, -21.591906169096408 ], [ -43.456900184566486, -21.596397745517006 ], [ -43.447917031725289, -21.596397745517006 ], [ -43.447917031725289, -21.600889321937604 ], [ -43.443425455304691, -21.600889321937604 ], [ -43.443425455304691, -21.605380898358202 ], [ -43.452408608145888, -21.605380898358202 ], [ -43.452408608145888, -21.600889321937604 ], [ -43.456900184566486, -21.600889321937604 ], [ -43.456900184566486, -21.614364051199399 ], [ -43.452408608145888, -21.614364051199399 ], [ -43.452408608145888, -21.623347204040591 ], [ -43.47037491382828, -21.623347204040591 ], [ -43.47037491382828, -21.632330356881788 ], [ -43.474866490248878, -21.632330356881788 ], [ -43.474866490248878, -21.62783878046119 ], [ -43.483849643090075, -21.62783878046119 ], [ -43.483849643090075, -21.623347204040591 ], [ -43.492832795931264, -21.623347204040591 ], [ -43.492832795931264, -21.618855627619993 ], [ -43.497324372351862, -21.618855627619993 ], [ -43.497324372351862, -21.614364051199399 ], [ -43.50181594877246, -21.614364051199399 ], [ -43.50181594877246, -21.605380898358202 ], [ -43.492832795931264, -21.605380898358202 ], [ -43.492832795931264, -21.600889321937604 ], [ -43.488341219510673, -21.600889321937604 ], [ -43.488341219510673, -21.605380898358202 ], [ -43.483849643090075, -21.605380898358202 ], [ -43.483849643090075, -21.6098724747788 ] ], [ [ -43.488341219510673, -21.614364051199399 ], [ -43.488341219510673, -21.6098724747788 ], [ -43.497324372351862, -21.6098724747788 ], [ -43.497324372351862, -21.614364051199399 ], [ -43.488341219510673, -21.614364051199399 ] ] ], [ [ [ -43.506307525193058, -21.605380898358202 ], [ -43.506307525193058, -21.600889321937604 ], [ -43.50181594877246, -21.600889321937604 ], [ -43.50181594877246, -21.605380898358202 ], [ -43.506307525193058, -21.605380898358202 ] ] ], [ [ [ -43.497324372351862, -21.587414592675813 ], [ -43.492832795931264, -21.587414592675813 ], [ -43.492832795931264, -21.591906169096408 ], [ -43.488341219510673, -21.591906169096408 ], [ -43.488341219510673, -21.596397745517006 ], [ -43.50181594877246, -21.596397745517006 ], [ -43.50181594877246, -21.591906169096408 ], [ -43.497324372351862, -21.591906169096408 ], [ -43.497324372351862, -21.587414592675813 ] ] ], [ [ [ -43.506307525193058, -21.578431439834617 ], [ -43.50181594877246, -21.578431439834617 ], [ -43.50181594877246, -21.582923016255215 ], [ -43.506307525193058, -21.582923016255215 ], [ -43.506307525193058, -21.578431439834617 ] ] ], [ [ [ -43.506307525193058, -21.569448286993421 ], [ -43.50181594877246, -21.569448286993421 ], [ -43.50181594877246, -21.573939863414019 ], [ -43.506307525193058, -21.573939863414019 ], [ -43.506307525193058, -21.569448286993421 ] ] ], [ [ [ -43.488341219510673, -21.564956710572822 ], [ -43.483849643090075, -21.564956710572822 ], [ -43.483849643090075, -21.569448286993421 ], [ -43.488341219510673, -21.569448286993421 ], [ -43.488341219510673, -21.564956710572822 ] ] ], [ [ [ -43.506307525193058, -21.564956710572822 ], [ -43.506307525193058, -21.569448286993421 ], [ -43.510799101613657, -21.569448286993421 ], [ -43.510799101613657, -21.573939863414019 ], [ -43.515290678034255, -21.573939863414019 ], [ -43.515290678034255, -21.564956710572822 ], [ -43.510799101613657, -21.564956710572822 ], [ -43.510799101613657, -21.560465134152228 ], [ -43.50181594877246, -21.560465134152228 ], [ -43.50181594877246, -21.55597355773163 ], [ -43.492832795931264, -21.55597355773163 ], [ -43.492832795931264, -21.560465134152228 ], [ -43.488341219510673, -21.560465134152228 ], [ -43.488341219510673, -21.564956710572822 ], [ -43.497324372351862, -21.564956710572822 ], [ -43.497324372351862, -21.569448286993421 ], [ -43.50181594877246, -21.569448286993421 ], [ -43.50181594877246, -21.564956710572822 ], [ -43.506307525193058, -21.564956710572822 ] ] ], [ [ [ -43.492832795931264, -21.55597355773163 ], [ -43.492832795931264, -21.542498828469835 ], [ -43.488341219510673, -21.542498828469835 ], [ -43.488341219510673, -21.55597355773163 ], [ -43.492832795931264, -21.55597355773163 ] ] ], [ [ [ -43.474866490248878, -21.55597355773163 ], [ -43.47037491382828, -21.55597355773163 ], [ -43.47037491382828, -21.560465134152228 ], [ -43.483849643090075, -21.560465134152228 ], [ -43.483849643090075, -21.542498828469835 ], [ -43.474866490248878, -21.542498828469835 ], [ -43.474866490248878, -21.538007252049237 ], [ -43.47037491382828, -21.538007252049237 ], [ -43.47037491382828, -21.542498828469835 ], [ -43.465883337407682, -21.542498828469835 ], [ -43.465883337407682, -21.546990404890433 ], [ -43.474866490248878, -21.546990404890433 ], [ -43.474866490248878, -21.55597355773163 ] ] ], [ [ [ -43.483849643090075, -21.542498828469835 ], [ -43.488341219510673, -21.542498828469835 ], [ -43.488341219510673, -21.533515675628642 ], [ -43.483849643090075, -21.533515675628642 ], [ -43.483849643090075, -21.542498828469835 ] ] ], [ [ [ -43.474866490248878, -21.529024099208044 ], [ -43.47037491382828, -21.529024099208044 ], [ -43.47037491382828, -21.533515675628642 ], [ -43.474866490248878, -21.533515675628642 ], [ -43.474866490248878, -21.529024099208044 ] ] ], [ [ [ -43.425459149622306, -21.879367060014655 ], [ -43.416475996781109, -21.879367060014655 ], [ -43.416475996781109, -21.888350212855851 ], [ -43.425459149622306, -21.888350212855851 ], [ -43.425459149622306, -21.879367060014655 ] ] ], [ [ [ -43.385034961836922, -21.879367060014655 ], [ -43.380543385416331, -21.879367060014655 ], [ -43.380543385416331, -21.883858636435253 ], [ -43.385034961836922, -21.883858636435253 ], [ -43.385034961836922, -21.879367060014655 ] ] ], [ [ [ -43.420967573201708, -21.861400754332266 ], [ -43.416475996781109, -21.861400754332266 ], [ -43.416475996781109, -21.874875483594057 ], [ -43.420967573201708, -21.874875483594057 ], [ -43.420967573201708, -21.861400754332266 ] ] ], [ [ [ -43.394018114678119, -21.856909177911668 ], [ -43.394018114678119, -21.861400754332266 ], [ -43.385034961836922, -21.861400754332266 ], [ -43.385034961836922, -21.865892330752864 ], [ -43.398509691098717, -21.865892330752864 ], [ -43.398509691098717, -21.870383907173458 ], [ -43.403001267519315, -21.870383907173458 ], [ -43.403001267519315, -21.865892330752864 ], [ -43.407492843939913, -21.865892330752864 ], [ -43.407492843939913, -21.861400754332266 ], [ -43.398509691098717, -21.861400754332266 ], [ -43.398509691098717, -21.852417601491069 ], [ -43.403001267519315, -21.852417601491069 ], [ -43.403001267519315, -21.843434448649873 ], [ -43.407492843939913, -21.843434448649873 ], [ -43.407492843939913, -21.838942872229275 ], [ -43.411984420360511, -21.838942872229275 ], [ -43.411984420360511, -21.83445129580868 ], [ -43.416475996781109, -21.83445129580868 ], [ -43.416475996781109, -21.829959719388082 ], [ -43.420967573201708, -21.829959719388082 ], [ -43.420967573201708, -21.83445129580868 ], [ -43.425459149622306, -21.83445129580868 ], [ -43.425459149622306, -21.825468142967484 ], [ -43.429950726042904, -21.825468142967484 ], [ -43.429950726042904, -21.816484990126288 ], [ -43.425459149622306, -21.816484990126288 ], [ -43.425459149622306, -21.807501837285095 ], [ -43.434442302463502, -21.807501837285095 ], [ -43.434442302463502, -21.811993413705689 ], [ -43.443425455304691, -21.811993413705689 ], [ -43.443425455304691, -21.798518684443899 ], [ -43.438933878884093, -21.798518684443899 ], [ -43.438933878884093, -21.803010260864497 ], [ -43.420967573201708, -21.803010260864497 ], [ -43.420967573201708, -21.798518684443899 ], [ -43.416475996781109, -21.798518684443899 ], [ -43.416475996781109, -21.803010260864497 ], [ -43.411984420360511, -21.803010260864497 ], [ -43.411984420360511, -21.7940271080233 ], [ -43.407492843939913, -21.7940271080233 ], [ -43.407492843939913, -21.785043955182104 ], [ -43.398509691098717, -21.785043955182104 ], [ -43.398509691098717, -21.7940271080233 ], [ -43.403001267519315, -21.7940271080233 ], [ -43.403001267519315, -21.811993413705689 ], [ -43.407492843939913, -21.811993413705689 ], [ -43.407492843939913, -21.807501837285095 ], [ -43.416475996781109, -21.807501837285095 ], [ -43.416475996781109, -21.820976566546886 ], [ -43.411984420360511, -21.820976566546886 ], [ -43.411984420360511, -21.825468142967484 ], [ -43.407492843939913, -21.825468142967484 ], [ -43.407492843939913, -21.829959719388082 ], [ -43.403001267519315, -21.829959719388082 ], [ -43.403001267519315, -21.83445129580868 ], [ -43.394018114678119, -21.83445129580868 ], [ -43.394018114678119, -21.843434448649873 ], [ -43.38952653825752, -21.843434448649873 ], [ -43.38952653825752, -21.856909177911668 ], [ -43.394018114678119, -21.856909177911668 ] ] ], [ [ [ -43.380543385416331, -21.820976566546886 ], [ -43.385034961836922, -21.820976566546886 ], [ -43.385034961836922, -21.825468142967484 ], [ -43.38952653825752, -21.825468142967484 ], [ -43.38952653825752, -21.816484990126288 ], [ -43.398509691098717, -21.816484990126288 ], [ -43.398509691098717, -21.820976566546886 ], [ -43.403001267519315, -21.820976566546886 ], [ -43.403001267519315, -21.825468142967484 ], [ -43.407492843939913, -21.825468142967484 ], [ -43.407492843939913, -21.816484990126288 ], [ -43.403001267519315, -21.816484990126288 ], [ -43.403001267519315, -21.811993413705689 ], [ -43.398509691098717, -21.811993413705689 ], [ -43.398509691098717, -21.807501837285095 ], [ -43.394018114678119, -21.807501837285095 ], [ -43.394018114678119, -21.811993413705689 ], [ -43.385034961836922, -21.811993413705689 ], [ -43.385034961836922, -21.816484990126288 ], [ -43.380543385416331, -21.816484990126288 ], [ -43.380543385416331, -21.820976566546886 ] ] ], [ [ [ -43.371560232575135, -21.816484990126288 ], [ -43.371560232575135, -21.807501837285095 ], [ -43.367068656154537, -21.807501837285095 ], [ -43.367068656154537, -21.816484990126288 ], [ -43.371560232575135, -21.816484990126288 ] ] ], [ [ [ -43.394018114678119, -21.803010260864497 ], [ -43.38952653825752, -21.803010260864497 ], [ -43.38952653825752, -21.807501837285095 ], [ -43.394018114678119, -21.807501837285095 ], [ -43.394018114678119, -21.803010260864497 ] ] ], [ [ [ -43.385034961836922, -21.798518684443899 ], [ -43.371560232575135, -21.798518684443899 ], [ -43.371560232575135, -21.803010260864497 ], [ -43.385034961836922, -21.803010260864497 ], [ -43.385034961836922, -21.798518684443899 ] ] ], [ [ [ -43.367068656154537, -21.798518684443899 ], [ -43.371560232575135, -21.798518684443899 ], [ -43.371560232575135, -21.7940271080233 ], [ -43.385034961836922, -21.7940271080233 ], [ -43.385034961836922, -21.789535531602702 ], [ -43.367068656154537, -21.789535531602702 ], [ -43.367068656154537, -21.798518684443899 ] ] ], [ [ [ -43.438933878884093, -21.780552378761509 ], [ -43.434442302463502, -21.780552378761509 ], [ -43.434442302463502, -21.789535531602702 ], [ -43.438933878884093, -21.789535531602702 ], [ -43.438933878884093, -21.780552378761509 ] ] ], [ [ [ -43.371560232575135, -21.776060802340911 ], [ -43.367068656154537, -21.776060802340911 ], [ -43.367068656154537, -21.780552378761509 ], [ -43.371560232575135, -21.780552378761509 ], [ -43.371560232575135, -21.776060802340911 ] ] ], [ [ [ -43.411984420360511, -21.771569225920313 ], [ -43.403001267519315, -21.771569225920313 ], [ -43.403001267519315, -21.776060802340911 ], [ -43.411984420360511, -21.776060802340911 ], [ -43.411984420360511, -21.771569225920313 ] ] ], [ [ [ -43.452408608145888, -21.767077649499715 ], [ -43.447917031725289, -21.767077649499715 ], [ -43.447917031725289, -21.771569225920313 ], [ -43.452408608145888, -21.771569225920313 ], [ -43.452408608145888, -21.767077649499715 ] ] ], [ [ [ -43.362577079733938, -21.762586073079117 ], [ -43.35808550331334, -21.762586073079117 ], [ -43.35808550331334, -21.771569225920313 ], [ -43.362577079733938, -21.771569225920313 ], [ -43.362577079733938, -21.762586073079117 ] ] ], [ [ [ -43.398509691098717, -21.753602920237924 ], [ -43.394018114678119, -21.753602920237924 ], [ -43.394018114678119, -21.776060802340911 ], [ -43.398509691098717, -21.776060802340911 ], [ -43.398509691098717, -21.771569225920313 ], [ -43.403001267519315, -21.771569225920313 ], [ -43.403001267519315, -21.758094496658519 ], [ -43.398509691098717, -21.758094496658519 ], [ -43.398509691098717, -21.753602920237924 ] ] ], [ [ [ -43.429950726042904, -21.758094496658519 ], [ -43.425459149622306, -21.758094496658519 ], [ -43.425459149622306, -21.762586073079117 ], [ -43.429950726042904, -21.762586073079117 ], [ -43.429950726042904, -21.758094496658519 ] ] ], [ [ [ -43.367068656154537, -21.753602920237924 ], [ -43.362577079733938, -21.753602920237924 ], [ -43.362577079733938, -21.758094496658519 ], [ -43.371560232575135, -21.758094496658519 ], [ -43.371560232575135, -21.749111343817326 ], [ -43.367068656154537, -21.749111343817326 ], [ -43.367068656154537, -21.753602920237924 ] ] ], [ [ [ -43.452408608145888, -21.749111343817326 ], [ -43.443425455304691, -21.749111343817326 ], [ -43.443425455304691, -21.758094496658519 ], [ -43.452408608145888, -21.758094496658519 ], [ -43.452408608145888, -21.749111343817326 ] ] ], [ [ [ -43.376051808995733, -21.744619767396728 ], [ -43.371560232575135, -21.744619767396728 ], [ -43.371560232575135, -21.749111343817326 ], [ -43.376051808995733, -21.749111343817326 ], [ -43.376051808995733, -21.744619767396728 ] ] ], [ [ [ -43.443425455304691, -21.735636614555531 ], [ -43.429950726042904, -21.735636614555531 ], [ -43.429950726042904, -21.749111343817326 ], [ -43.443425455304691, -21.749111343817326 ], [ -43.443425455304691, -21.735636614555531 ] ] ], [ [ [ -43.452408608145888, -21.726653461714339 ], [ -43.447917031725289, -21.726653461714339 ], [ -43.447917031725289, -21.735636614555531 ], [ -43.452408608145888, -21.735636614555531 ], [ -43.452408608145888, -21.726653461714339 ] ] ], [ [ [ -43.420967573201708, -21.72216188529374 ], [ -43.416475996781109, -21.72216188529374 ], [ -43.416475996781109, -21.731145038134933 ], [ -43.425459149622306, -21.731145038134933 ], [ -43.425459149622306, -21.735636614555531 ], [ -43.429950726042904, -21.735636614555531 ], [ -43.429950726042904, -21.726653461714339 ], [ -43.420967573201708, -21.726653461714339 ], [ -43.420967573201708, -21.72216188529374 ] ] ], [ [ [ -43.411984420360511, -21.726653461714339 ], [ -43.407492843939913, -21.726653461714339 ], [ -43.407492843939913, -21.731145038134933 ], [ -43.411984420360511, -21.731145038134933 ], [ -43.411984420360511, -21.726653461714339 ] ] ], [ [ [ -43.367068656154537, -21.735636614555531 ], [ -43.38952653825752, -21.735636614555531 ], [ -43.38952653825752, -21.731145038134933 ], [ -43.394018114678119, -21.731145038134933 ], [ -43.394018114678119, -21.72216188529374 ], [ -43.38952653825752, -21.72216188529374 ], [ -43.38952653825752, -21.713178732452544 ], [ -43.398509691098717, -21.713178732452544 ], [ -43.398509691098717, -21.708687156031946 ], [ -43.403001267519315, -21.708687156031946 ], [ -43.403001267519315, -21.704195579611348 ], [ -43.398509691098717, -21.704195579611348 ], [ -43.398509691098717, -21.699704003190753 ], [ -43.394018114678119, -21.699704003190753 ], [ -43.394018114678119, -21.695212426770155 ], [ -43.380543385416331, -21.695212426770155 ], [ -43.380543385416331, -21.704195579611348 ], [ -43.371560232575135, -21.704195579611348 ], [ -43.371560232575135, -21.713178732452544 ], [ -43.376051808995733, -21.713178732452544 ], [ -43.376051808995733, -21.726653461714339 ], [ -43.367068656154537, -21.726653461714339 ], [ -43.367068656154537, -21.735636614555531 ] ] ], [ [ [ -43.362577079733938, -21.690720850349557 ], [ -43.353593926892742, -21.690720850349557 ], [ -43.353593926892742, -21.695212426770155 ], [ -43.35808550331334, -21.695212426770155 ], [ -43.35808550331334, -21.704195579611348 ], [ -43.367068656154537, -21.704195579611348 ], [ -43.367068656154537, -21.699704003190753 ], [ -43.362577079733938, -21.699704003190753 ], [ -43.362577079733938, -21.690720850349557 ] ] ], [ [ [ -43.425459149622306, -21.690720850349557 ], [ -43.411984420360511, -21.690720850349557 ], [ -43.411984420360511, -21.695212426770155 ], [ -43.425459149622306, -21.695212426770155 ], [ -43.425459149622306, -21.690720850349557 ] ] ], [ [ [ -43.407492843939913, -21.686229273928959 ], [ -43.403001267519315, -21.686229273928959 ], [ -43.403001267519315, -21.68173769750836 ], [ -43.385034961836922, -21.68173769750836 ], [ -43.385034961836922, -21.690720850349557 ], [ -43.394018114678119, -21.690720850349557 ], [ -43.394018114678119, -21.686229273928959 ], [ -43.398509691098717, -21.686229273928959 ], [ -43.398509691098717, -21.690720850349557 ], [ -43.407492843939913, -21.690720850349557 ], [ -43.407492843939913, -21.686229273928959 ] ] ], [ [ [ -43.452408608145888, -21.68173769750836 ], [ -43.447917031725289, -21.68173769750836 ], [ -43.447917031725289, -21.686229273928959 ], [ -43.452408608145888, -21.686229273928959 ], [ -43.452408608145888, -21.68173769750836 ] ] ], [ [ [ -43.420967573201708, -21.68173769750836 ], [ -43.416475996781109, -21.68173769750836 ], [ -43.416475996781109, -21.686229273928959 ], [ -43.420967573201708, -21.686229273928959 ], [ -43.420967573201708, -21.68173769750836 ] ] ], [ [ [ -43.461391760987084, -21.659279815405373 ], [ -43.456900184566486, -21.659279815405373 ], [ -43.456900184566486, -21.663771391825971 ], [ -43.443425455304691, -21.663771391825971 ], [ -43.443425455304691, -21.672754544667164 ], [ -43.447917031725289, -21.672754544667164 ], [ -43.447917031725289, -21.668262968246569 ], [ -43.461391760987084, -21.668262968246569 ], [ -43.461391760987084, -21.659279815405373 ] ] ], [ [ [ -43.429950726042904, -21.650296662564177 ], [ -43.425459149622306, -21.650296662564177 ], [ -43.425459149622306, -21.654788238984775 ], [ -43.429950726042904, -21.654788238984775 ], [ -43.429950726042904, -21.650296662564177 ] ] ], [ [ [ -43.398509691098717, -21.636821933302386 ], [ -43.394018114678119, -21.636821933302386 ], [ -43.394018114678119, -21.641313509722984 ], [ -43.398509691098717, -21.641313509722984 ], [ -43.398509691098717, -21.636821933302386 ] ] ], [ [ [ -43.434442302463502, -21.62783878046119 ], [ -43.429950726042904, -21.62783878046119 ], [ -43.429950726042904, -21.632330356881788 ], [ -43.434442302463502, -21.632330356881788 ], [ -43.434442302463502, -21.62783878046119 ] ] ], [ [ [ -43.420967573201708, -21.623347204040591 ], [ -43.411984420360511, -21.623347204040591 ], [ -43.411984420360511, -21.62783878046119 ], [ -43.425459149622306, -21.62783878046119 ], [ -43.425459149622306, -21.618855627619993 ], [ -43.420967573201708, -21.618855627619993 ], [ -43.420967573201708, -21.623347204040591 ] ] ], [ [ [ -43.443425455304691, -21.618855627619993 ], [ -43.438933878884093, -21.618855627619993 ], [ -43.438933878884093, -21.6098724747788 ], [ -43.434442302463502, -21.6098724747788 ], [ -43.434442302463502, -21.605380898358202 ], [ -43.429950726042904, -21.605380898358202 ], [ -43.429950726042904, -21.614364051199399 ], [ -43.434442302463502, -21.614364051199399 ], [ -43.434442302463502, -21.623347204040591 ], [ -43.447917031725289, -21.623347204040591 ], [ -43.447917031725289, -21.614364051199399 ], [ -43.443425455304691, -21.614364051199399 ], [ -43.443425455304691, -21.618855627619993 ] ] ], [ [ [ -43.420967573201708, -21.600889321937604 ], [ -43.416475996781109, -21.600889321937604 ], [ -43.416475996781109, -21.605380898358202 ], [ -43.420967573201708, -21.605380898358202 ], [ -43.420967573201708, -21.600889321937604 ] ] ], [ [ [ -43.443425455304691, -21.600889321937604 ], [ -43.443425455304691, -21.596397745517006 ], [ -43.438933878884093, -21.596397745517006 ], [ -43.438933878884093, -21.600889321937604 ], [ -43.443425455304691, -21.600889321937604 ] ] ], [ [ [ -43.416475996781109, -21.591906169096408 ], [ -43.411984420360511, -21.591906169096408 ], [ -43.411984420360511, -21.596397745517006 ], [ -43.416475996781109, -21.596397745517006 ], [ -43.416475996781109, -21.591906169096408 ] ] ], [ [ [ -43.429950726042904, -21.578431439834617 ], [ -43.420967573201708, -21.578431439834617 ], [ -43.420967573201708, -21.582923016255215 ], [ -43.429950726042904, -21.582923016255215 ], [ -43.429950726042904, -21.578431439834617 ] ] ], [ [ [ -43.438933878884093, -21.573939863414019 ], [ -43.434442302463502, -21.573939863414019 ], [ -43.434442302463502, -21.578431439834617 ], [ -43.438933878884093, -21.578431439834617 ], [ -43.438933878884093, -21.573939863414019 ] ] ], [ [ [ -43.452408608145888, -21.564956710572822 ], [ -43.443425455304691, -21.564956710572822 ], [ -43.443425455304691, -21.569448286993421 ], [ -43.452408608145888, -21.569448286993421 ], [ -43.452408608145888, -21.564956710572822 ] ] ], [ [ [ -43.407492843939913, -21.569448286993421 ], [ -43.411984420360511, -21.569448286993421 ], [ -43.411984420360511, -21.564956710572822 ], [ -43.416475996781109, -21.564956710572822 ], [ -43.416475996781109, -21.560465134152228 ], [ -43.407492843939913, -21.560465134152228 ], [ -43.407492843939913, -21.569448286993421 ] ] ], [ [ [ -43.403001267519315, -21.560465134152228 ], [ -43.398509691098717, -21.560465134152228 ], [ -43.398509691098717, -21.564956710572822 ], [ -43.403001267519315, -21.564956710572822 ], [ -43.403001267519315, -21.560465134152228 ] ] ], [ [ [ -43.385034961836922, -21.560465134152228 ], [ -43.376051808995733, -21.560465134152228 ], [ -43.376051808995733, -21.564956710572822 ], [ -43.38952653825752, -21.564956710572822 ], [ -43.38952653825752, -21.55597355773163 ], [ -43.385034961836922, -21.55597355773163 ], [ -43.385034961836922, -21.560465134152228 ] ] ], [ [ [ -43.443425455304691, -21.546990404890433 ], [ -43.438933878884093, -21.546990404890433 ], [ -43.438933878884093, -21.551481981311031 ], [ -43.443425455304691, -21.551481981311031 ], [ -43.443425455304691, -21.546990404890433 ] ] ], [ [ [ -43.416475996781109, -21.546990404890433 ], [ -43.416475996781109, -21.551481981311031 ], [ -43.425459149622306, -21.551481981311031 ], [ -43.425459149622306, -21.546990404890433 ], [ -43.429950726042904, -21.546990404890433 ], [ -43.429950726042904, -21.542498828469835 ], [ -43.420967573201708, -21.542498828469835 ], [ -43.420967573201708, -21.546990404890433 ], [ -43.416475996781109, -21.546990404890433 ] ] ], [ [ [ -43.416475996781109, -21.546990404890433 ], [ -43.416475996781109, -21.542498828469835 ], [ -43.411984420360511, -21.542498828469835 ], [ -43.411984420360511, -21.546990404890433 ], [ -43.416475996781109, -21.546990404890433 ] ] ], [ [ [ -43.425459149622306, -21.533515675628642 ], [ -43.416475996781109, -21.533515675628642 ], [ -43.416475996781109, -21.538007252049237 ], [ -43.425459149622306, -21.538007252049237 ], [ -43.425459149622306, -21.533515675628642 ] ] ], [ [ [ -43.443425455304691, -21.524532522787446 ], [ -43.438933878884093, -21.524532522787446 ], [ -43.438933878884093, -21.529024099208044 ], [ -43.443425455304691, -21.529024099208044 ], [ -43.443425455304691, -21.524532522787446 ] ] ], [ [ [ -43.22333821069541, -21.847926025070471 ], [ -43.22333821069541, -21.852417601491069 ], [ -43.227829787116008, -21.852417601491069 ], [ -43.227829787116008, -21.847926025070471 ], [ -43.22333821069541, -21.847926025070471 ] ] ], [ [ [ -43.22333821069541, -21.847926025070471 ], [ -43.22333821069541, -21.843434448649873 ], [ -43.218846634274811, -21.843434448649873 ], [ -43.218846634274811, -21.847926025070471 ], [ -43.22333821069541, -21.847926025070471 ] ] ], [ [ [ -43.19189717575123, -21.843434448649873 ], [ -43.19189717575123, -21.838942872229275 ], [ -43.187405599330631, -21.838942872229275 ], [ -43.187405599330631, -21.843434448649873 ], [ -43.19189717575123, -21.843434448649873 ] ] ], [ [ [ -43.22333821069541, -21.83445129580868 ], [ -43.22333821069541, -21.838942872229275 ], [ -43.232321363536606, -21.838942872229275 ], [ -43.232321363536606, -21.829959719388082 ], [ -43.227829787116008, -21.829959719388082 ], [ -43.227829787116008, -21.83445129580868 ], [ -43.22333821069541, -21.83445129580868 ] ] ], [ [ [ -43.227829787116008, -21.829959719388082 ], [ -43.227829787116008, -21.825468142967484 ], [ -43.218846634274811, -21.825468142967484 ], [ -43.218846634274811, -21.829959719388082 ], [ -43.227829787116008, -21.829959719388082 ] ] ], [ [ [ -43.259270822060195, -21.820976566546886 ], [ -43.254779245639597, -21.820976566546886 ], [ -43.254779245639597, -21.816484990126288 ], [ -43.250287669218999, -21.816484990126288 ], [ -43.250287669218999, -21.829959719388082 ], [ -43.259270822060195, -21.829959719388082 ], [ -43.259270822060195, -21.83445129580868 ], [ -43.263762398480793, -21.83445129580868 ], [ -43.263762398480793, -21.825468142967484 ], [ -43.259270822060195, -21.825468142967484 ], [ -43.259270822060195, -21.820976566546886 ] ] ], [ [ [ -43.182914022910033, -21.816484990126288 ], [ -43.178422446489435, -21.816484990126288 ], [ -43.178422446489435, -21.820976566546886 ], [ -43.182914022910033, -21.820976566546886 ], [ -43.182914022910033, -21.816484990126288 ] ] ], [ [ [ -43.169439293648239, -21.825468142967484 ], [ -43.173930870068837, -21.825468142967484 ], [ -43.173930870068837, -21.816484990126288 ], [ -43.178422446489435, -21.816484990126288 ], [ -43.178422446489435, -21.811993413705689 ], [ -43.173930870068837, -21.811993413705689 ], [ -43.173930870068837, -21.807501837285095 ], [ -43.160456140807042, -21.807501837285095 ], [ -43.160456140807042, -21.811993413705689 ], [ -43.169439293648239, -21.811993413705689 ], [ -43.169439293648239, -21.816484990126288 ], [ -43.160456140807042, -21.816484990126288 ], [ -43.160456140807042, -21.820976566546886 ], [ -43.169439293648239, -21.820976566546886 ], [ -43.169439293648239, -21.825468142967484 ] ] ], [ [ [ -43.155964564386451, -21.811993413705689 ], [ -43.151472987965853, -21.811993413705689 ], [ -43.151472987965853, -21.816484990126288 ], [ -43.155964564386451, -21.816484990126288 ], [ -43.155964564386451, -21.811993413705689 ] ] ], [ [ [ -43.299695009845571, -21.807501837285095 ], [ -43.290711857004375, -21.807501837285095 ], [ -43.290711857004375, -21.816484990126288 ], [ -43.299695009845571, -21.816484990126288 ], [ -43.299695009845571, -21.807501837285095 ] ] ], [ [ [ -43.35808550331334, -21.807501837285095 ], [ -43.349102350472144, -21.807501837285095 ], [ -43.349102350472144, -21.811993413705689 ], [ -43.35808550331334, -21.811993413705689 ], [ -43.35808550331334, -21.807501837285095 ] ] ], [ [ [ -43.317661315527964, -21.803010260864497 ], [ -43.308678162686768, -21.803010260864497 ], [ -43.308678162686768, -21.816484990126288 ], [ -43.317661315527964, -21.816484990126288 ], [ -43.317661315527964, -21.811993413705689 ], [ -43.313169739107366, -21.811993413705689 ], [ -43.313169739107366, -21.807501837285095 ], [ -43.317661315527964, -21.807501837285095 ], [ -43.317661315527964, -21.803010260864497 ] ] ], [ [ [ -43.353593926892742, -21.798518684443899 ], [ -43.349102350472144, -21.798518684443899 ], [ -43.349102350472144, -21.803010260864497 ], [ -43.353593926892742, -21.803010260864497 ], [ -43.353593926892742, -21.798518684443899 ] ] ], [ [ [ -43.27723712774258, -21.798518684443899 ], [ -43.281728704163179, -21.798518684443899 ], [ -43.281728704163179, -21.803010260864497 ], [ -43.286220280583777, -21.803010260864497 ], [ -43.286220280583777, -21.7940271080233 ], [ -43.27723712774258, -21.7940271080233 ], [ -43.27723712774258, -21.798518684443899 ] ] ], [ [ [ -43.313169739107366, -21.7940271080233 ], [ -43.326644468369153, -21.7940271080233 ], [ -43.326644468369153, -21.811993413705689 ], [ -43.331136044789751, -21.811993413705689 ], [ -43.331136044789751, -21.798518684443899 ], [ -43.33562762121035, -21.798518684443899 ], [ -43.33562762121035, -21.785043955182104 ], [ -43.326644468369153, -21.785043955182104 ], [ -43.326644468369153, -21.789535531602702 ], [ -43.322152891948562, -21.789535531602702 ], [ -43.322152891948562, -21.785043955182104 ], [ -43.317661315527964, -21.785043955182104 ], [ -43.317661315527964, -21.780552378761509 ], [ -43.313169739107366, -21.780552378761509 ], [ -43.313169739107366, -21.785043955182104 ], [ -43.308678162686768, -21.785043955182104 ], [ -43.308678162686768, -21.7940271080233 ], [ -43.304186586266169, -21.7940271080233 ], [ -43.304186586266169, -21.798518684443899 ], [ -43.313169739107366, -21.798518684443899 ], [ -43.313169739107366, -21.7940271080233 ] ] ], [ [ [ -43.241304516377802, -21.7940271080233 ], [ -43.236812939957204, -21.7940271080233 ], [ -43.236812939957204, -21.798518684443899 ], [ -43.241304516377802, -21.798518684443899 ], [ -43.241304516377802, -21.7940271080233 ] ] ], [ [ [ -43.227829787116008, -21.789535531602702 ], [ -43.218846634274811, -21.789535531602702 ], [ -43.218846634274811, -21.7940271080233 ], [ -43.22333821069541, -21.7940271080233 ], [ -43.22333821069541, -21.798518684443899 ], [ -43.232321363536606, -21.798518684443899 ], [ -43.232321363536606, -21.7940271080233 ], [ -43.227829787116008, -21.7940271080233 ], [ -43.227829787116008, -21.789535531602702 ] ] ], [ [ [ -43.236812939957204, -21.7940271080233 ], [ -43.236812939957204, -21.789535531602702 ], [ -43.232321363536606, -21.789535531602702 ], [ -43.232321363536606, -21.7940271080233 ], [ -43.236812939957204, -21.7940271080233 ] ] ], [ [ [ -43.263762398480793, -21.785043955182104 ], [ -43.259270822060195, -21.785043955182104 ], [ -43.259270822060195, -21.789535531602702 ], [ -43.263762398480793, -21.789535531602702 ], [ -43.263762398480793, -21.785043955182104 ] ] ], [ [ [ -43.286220280583777, -21.785043955182104 ], [ -43.281728704163179, -21.785043955182104 ], [ -43.281728704163179, -21.789535531602702 ], [ -43.286220280583777, -21.789535531602702 ], [ -43.286220280583777, -21.785043955182104 ] ] ], [ [ [ -43.304186586266169, -21.785043955182104 ], [ -43.299695009845571, -21.785043955182104 ], [ -43.299695009845571, -21.789535531602702 ], [ -43.304186586266169, -21.789535531602702 ], [ -43.304186586266169, -21.785043955182104 ] ] ], [ [ [ -43.2457960927984, -21.776060802340911 ], [ -43.250287669218999, -21.776060802340911 ], [ -43.250287669218999, -21.780552378761509 ], [ -43.259270822060195, -21.780552378761509 ], [ -43.259270822060195, -21.771569225920313 ], [ -43.263762398480793, -21.771569225920313 ], [ -43.263762398480793, -21.767077649499715 ], [ -43.272745551321982, -21.767077649499715 ], [ -43.272745551321982, -21.758094496658519 ], [ -43.268253974901391, -21.758094496658519 ], [ -43.268253974901391, -21.762586073079117 ], [ -43.259270822060195, -21.762586073079117 ], [ -43.259270822060195, -21.767077649499715 ], [ -43.250287669218999, -21.767077649499715 ], [ -43.250287669218999, -21.771569225920313 ], [ -43.2457960927984, -21.771569225920313 ], [ -43.2457960927984, -21.776060802340911 ] ] ], [ [ [ -43.19189717575123, -21.767077649499715 ], [ -43.182914022910033, -21.767077649499715 ], [ -43.182914022910033, -21.771569225920313 ], [ -43.19189717575123, -21.771569225920313 ], [ -43.19189717575123, -21.767077649499715 ] ] ], [ [ [ -43.295203433424973, -21.753602920237924 ], [ -43.281728704163179, -21.753602920237924 ], [ -43.281728704163179, -21.749111343817326 ], [ -43.268253974901391, -21.749111343817326 ], [ -43.268253974901391, -21.753602920237924 ], [ -43.27723712774258, -21.753602920237924 ], [ -43.27723712774258, -21.767077649499715 ], [ -43.286220280583777, -21.767077649499715 ], [ -43.286220280583777, -21.762586073079117 ], [ -43.299695009845571, -21.762586073079117 ], [ -43.299695009845571, -21.767077649499715 ], [ -43.304186586266169, -21.767077649499715 ], [ -43.304186586266169, -21.762586073079117 ], [ -43.308678162686768, -21.762586073079117 ], [ -43.308678162686768, -21.758094496658519 ], [ -43.295203433424973, -21.758094496658519 ], [ -43.295203433424973, -21.753602920237924 ] ], [ [ -43.281728704163179, -21.762586073079117 ], [ -43.281728704163179, -21.758094496658519 ], [ -43.286220280583777, -21.758094496658519 ], [ -43.286220280583777, -21.762586073079117 ], [ -43.281728704163179, -21.762586073079117 ] ] ], [ [ [ -43.362577079733938, -21.744619767396728 ], [ -43.35808550331334, -21.744619767396728 ], [ -43.35808550331334, -21.749111343817326 ], [ -43.362577079733938, -21.749111343817326 ], [ -43.362577079733938, -21.744619767396728 ] ] ], [ [ [ -43.27723712774258, -21.740128190976129 ], [ -43.286220280583777, -21.740128190976129 ], [ -43.286220280583777, -21.744619767396728 ], [ -43.290711857004375, -21.744619767396728 ], [ -43.290711857004375, -21.749111343817326 ], [ -43.299695009845571, -21.749111343817326 ], [ -43.299695009845571, -21.744619767396728 ], [ -43.308678162686768, -21.744619767396728 ], [ -43.308678162686768, -21.758094496658519 ], [ -43.313169739107366, -21.758094496658519 ], [ -43.313169739107366, -21.767077649499715 ], [ -43.322152891948562, -21.767077649499715 ], [ -43.322152891948562, -21.762586073079117 ], [ -43.326644468369153, -21.762586073079117 ], [ -43.326644468369153, -21.740128190976129 ], [ -43.313169739107366, -21.740128190976129 ], [ -43.313169739107366, -21.735636614555531 ], [ -43.299695009845571, -21.735636614555531 ], [ -43.299695009845571, -21.731145038134933 ], [ -43.290711857004375, -21.731145038134933 ], [ -43.290711857004375, -21.726653461714339 ], [ -43.286220280583777, -21.726653461714339 ], [ -43.286220280583777, -21.72216188529374 ], [ -43.281728704163179, -21.72216188529374 ], [ -43.281728704163179, -21.717670308873142 ], [ -43.295203433424973, -21.717670308873142 ], [ -43.295203433424973, -21.713178732452544 ], [ -43.286220280583777, -21.713178732452544 ], [ -43.286220280583777, -21.708687156031946 ], [ -43.290711857004375, -21.708687156031946 ], [ -43.290711857004375, -21.704195579611348 ], [ -43.281728704163179, -21.704195579611348 ], [ -43.281728704163179, -21.713178732452544 ], [ -43.27723712774258, -21.713178732452544 ], [ -43.27723712774258, -21.731145038134933 ], [ -43.286220280583777, -21.731145038134933 ], [ -43.286220280583777, -21.735636614555531 ], [ -43.27723712774258, -21.735636614555531 ], [ -43.27723712774258, -21.740128190976129 ] ] ], [ [ [ -43.27723712774258, -21.731145038134933 ], [ -43.268253974901391, -21.731145038134933 ], [ -43.268253974901391, -21.735636614555531 ], [ -43.27723712774258, -21.735636614555531 ], [ -43.27723712774258, -21.731145038134933 ] ] ], [ [ [ -43.268253974901391, -21.72216188529374 ], [ -43.263762398480793, -21.72216188529374 ], [ -43.263762398480793, -21.726653461714339 ], [ -43.268253974901391, -21.726653461714339 ], [ -43.268253974901391, -21.72216188529374 ] ] ], [ [ [ -43.349102350472144, -21.72216188529374 ], [ -43.344610774051546, -21.72216188529374 ], [ -43.344610774051546, -21.726653461714339 ], [ -43.349102350472144, -21.726653461714339 ], [ -43.349102350472144, -21.72216188529374 ] ] ], [ [ [ -43.263762398480793, -21.717670308873142 ], [ -43.259270822060195, -21.717670308873142 ], [ -43.259270822060195, -21.72216188529374 ], [ -43.263762398480793, -21.72216188529374 ], [ -43.263762398480793, -21.717670308873142 ] ] ], [ [ [ -43.344610774051546, -21.713178732452544 ], [ -43.340119197630948, -21.713178732452544 ], [ -43.340119197630948, -21.717670308873142 ], [ -43.349102350472144, -21.717670308873142 ], [ -43.349102350472144, -21.708687156031946 ], [ -43.344610774051546, -21.708687156031946 ], [ -43.344610774051546, -21.713178732452544 ] ] ], [ [ [ -43.308678162686768, -21.708687156031946 ], [ -43.304186586266169, -21.708687156031946 ], [ -43.304186586266169, -21.713178732452544 ], [ -43.308678162686768, -21.713178732452544 ], [ -43.308678162686768, -21.708687156031946 ] ] ], [ [ [ -43.268253974901391, -21.704195579611348 ], [ -43.263762398480793, -21.704195579611348 ], [ -43.263762398480793, -21.708687156031946 ], [ -43.268253974901391, -21.708687156031946 ], [ -43.268253974901391, -21.704195579611348 ] ] ], [ [ [ -43.313169739107366, -21.704195579611348 ], [ -43.308678162686768, -21.704195579611348 ], [ -43.308678162686768, -21.708687156031946 ], [ -43.313169739107366, -21.708687156031946 ], [ -43.313169739107366, -21.704195579611348 ] ] ], [ [ [ -43.340119197630948, -21.699704003190753 ], [ -43.326644468369153, -21.699704003190753 ], [ -43.326644468369153, -21.704195579611348 ], [ -43.340119197630948, -21.704195579611348 ], [ -43.340119197630948, -21.699704003190753 ] ] ], [ [ [ -43.353593926892742, -21.699704003190753 ], [ -43.349102350472144, -21.699704003190753 ], [ -43.349102350472144, -21.704195579611348 ], [ -43.353593926892742, -21.704195579611348 ], [ -43.353593926892742, -21.699704003190753 ] ] ], [ [ [ -43.317661315527964, -21.695212426770155 ], [ -43.317661315527964, -21.699704003190753 ], [ -43.326644468369153, -21.699704003190753 ], [ -43.326644468369153, -21.695212426770155 ], [ -43.317661315527964, -21.695212426770155 ] ] ], [ [ [ -43.304186586266169, -21.704195579611348 ], [ -43.304186586266169, -21.699704003190753 ], [ -43.308678162686768, -21.699704003190753 ], [ -43.308678162686768, -21.695212426770155 ], [ -43.317661315527964, -21.695212426770155 ], [ -43.317661315527964, -21.690720850349557 ], [ -43.304186586266169, -21.690720850349557 ], [ -43.304186586266169, -21.686229273928959 ], [ -43.295203433424973, -21.686229273928959 ], [ -43.295203433424973, -21.690720850349557 ], [ -43.299695009845571, -21.690720850349557 ], [ -43.299695009845571, -21.704195579611348 ], [ -43.304186586266169, -21.704195579611348 ] ] ], [ [ [ -43.340119197630948, -21.690720850349557 ], [ -43.33562762121035, -21.690720850349557 ], [ -43.33562762121035, -21.695212426770155 ], [ -43.340119197630948, -21.695212426770155 ], [ -43.340119197630948, -21.690720850349557 ] ] ], [ [ [ -43.340119197630948, -21.690720850349557 ], [ -43.344610774051546, -21.690720850349557 ], [ -43.344610774051546, -21.686229273928959 ], [ -43.340119197630948, -21.686229273928959 ], [ -43.340119197630948, -21.690720850349557 ] ] ], [ [ [ -43.272745551321982, -21.68173769750836 ], [ -43.259270822060195, -21.68173769750836 ], [ -43.259270822060195, -21.686229273928959 ], [ -43.272745551321982, -21.686229273928959 ], [ -43.272745551321982, -21.68173769750836 ] ] ], [ [ [ -43.340119197630948, -21.68173769750836 ], [ -43.33562762121035, -21.68173769750836 ], [ -43.33562762121035, -21.686229273928959 ], [ -43.340119197630948, -21.686229273928959 ], [ -43.340119197630948, -21.68173769750836 ] ] ], [ [ [ -43.295203433424973, -21.677246121087762 ], [ -43.286220280583777, -21.677246121087762 ], [ -43.286220280583777, -21.68173769750836 ], [ -43.295203433424973, -21.68173769750836 ], [ -43.295203433424973, -21.677246121087762 ] ] ], [ [ [ -43.308678162686768, -21.668262968246569 ], [ -43.304186586266169, -21.668262968246569 ], [ -43.304186586266169, -21.672754544667164 ], [ -43.308678162686768, -21.672754544667164 ], [ -43.308678162686768, -21.668262968246569 ] ] ], [ [ [ -43.344610774051546, -21.663771391825971 ], [ -43.340119197630948, -21.663771391825971 ], [ -43.340119197630948, -21.672754544667164 ], [ -43.344610774051546, -21.672754544667164 ], [ -43.344610774051546, -21.663771391825971 ] ] ], [ [ [ -43.322152891948562, -21.663771391825971 ], [ -43.313169739107366, -21.663771391825971 ], [ -43.313169739107366, -21.668262968246569 ], [ -43.317661315527964, -21.668262968246569 ], [ -43.317661315527964, -21.672754544667164 ], [ -43.326644468369153, -21.672754544667164 ], [ -43.326644468369153, -21.668262968246569 ], [ -43.322152891948562, -21.668262968246569 ], [ -43.322152891948562, -21.663771391825971 ] ] ], [ [ [ -43.295203433424973, -21.663771391825971 ], [ -43.290711857004375, -21.663771391825971 ], [ -43.290711857004375, -21.668262968246569 ], [ -43.295203433424973, -21.668262968246569 ], [ -43.295203433424973, -21.663771391825971 ] ] ], [ [ [ -43.340119197630948, -21.654788238984775 ], [ -43.33562762121035, -21.654788238984775 ], [ -43.33562762121035, -21.659279815405373 ], [ -43.340119197630948, -21.659279815405373 ], [ -43.340119197630948, -21.654788238984775 ] ] ] ] } },
{ "type": "Feature", "properties": { "lcz": 12.0, "zcl_classe": "LCZ B", "descricao": "Scattered trees – árvores dispersas", "efeito_temp": "Redução moderada da temperatura, com ventilação importante.", "ilha_calor": "Mitigação moderada.", "intervencao": "Aumentar densidade arbórea e conectar corredores verdes.", "area_km2": 6.9096836191583858e-08 }, "geometry": { "type": "MultiPolygon", "coordinates": [ [ [ [ -43.58266432434322, -21.9781817412678 ], [ -43.587155900763818, -21.9781817412678 ], [ -43.587155900763818, -21.973690164847206 ], [ -43.58266432434322, -21.973690164847206 ], [ -43.58266432434322, -21.9781817412678 ] ] ], [ [ [ -43.510799101613657, -21.919791247800035 ], [ -43.510799101613657, -21.915299671379437 ], [ -43.506307525193058, -21.915299671379437 ], [ -43.506307525193058, -21.919791247800035 ], [ -43.510799101613657, -21.919791247800035 ] ] ], [ [ [ -43.609613782866802, -21.915299671379437 ], [ -43.609613782866802, -21.910808094958838 ], [ -43.596139053605015, -21.910808094958838 ], [ -43.596139053605015, -21.924282824220629 ], [ -43.600630630025613, -21.924282824220629 ], [ -43.600630630025613, -21.919791247800035 ], [ -43.605122206446204, -21.919791247800035 ], [ -43.605122206446204, -21.915299671379437 ], [ -43.609613782866802, -21.915299671379437 ] ] ], [ [ [ -43.542240136557844, -21.897333365697044 ], [ -43.542240136557844, -21.90631651853824 ], [ -43.551223289399033, -21.90631651853824 ], [ -43.551223289399033, -21.901824942117642 ], [ -43.546731712978442, -21.901824942117642 ], [ -43.546731712978442, -21.897333365697044 ], [ -43.542240136557844, -21.897333365697044 ] ] ], [ [ [ -43.58266432434322, -21.623347204040591 ], [ -43.578172747922622, -21.623347204040591 ], [ -43.578172747922622, -21.618855627619993 ], [ -43.573681171502024, -21.618855627619993 ], [ -43.573681171502024, -21.614364051199399 ], [ -43.564698018660827, -21.614364051199399 ], [ -43.564698018660827, -21.632330356881788 ], [ -43.560206442240229, -21.632330356881788 ], [ -43.560206442240229, -21.618855627619993 ], [ -43.551223289399033, -21.618855627619993 ], [ -43.551223289399033, -21.623347204040591 ], [ -43.546731712978442, -21.623347204040591 ], [ -43.546731712978442, -21.62783878046119 ], [ -43.537748560137246, -21.62783878046119 ], [ -43.537748560137246, -21.641313509722984 ], [ -43.542240136557844, -21.641313509722984 ], [ -43.542240136557844, -21.645805086143579 ], [ -43.533256983716647, -21.645805086143579 ], [ -43.533256983716647, -21.641313509722984 ], [ -43.515290678034255, -21.641313509722984 ], [ -43.515290678034255, -21.650296662564177 ], [ -43.510799101613657, -21.650296662564177 ], [ -43.510799101613657, -21.659279815405373 ], [ -43.506307525193058, -21.659279815405373 ], [ -43.506307525193058, -21.663771391825971 ], [ -43.50181594877246, -21.663771391825971 ], [ -43.50181594877246, -21.668262968246569 ], [ -43.497324372351862, -21.668262968246569 ], [ -43.497324372351862, -21.654788238984775 ], [ -43.506307525193058, -21.654788238984775 ], [ -43.506307525193058, -21.650296662564177 ], [ -43.492832795931264, -21.650296662564177 ], [ -43.492832795931264, -21.659279815405373 ], [ -43.488341219510673, -21.659279815405373 ], [ -43.488341219510673, -21.650296662564177 ], [ -43.479358066669477, -21.650296662564177 ], [ -43.479358066669477, -21.645805086143579 ], [ -43.474866490248878, -21.645805086143579 ], [ -43.474866490248878, -21.659279815405373 ], [ -43.461391760987084, -21.659279815405373 ], [ -43.461391760987084, -21.668262968246569 ], [ -43.452408608145888, -21.668262968246569 ], [ -43.452408608145888, -21.672754544667164 ], [ -43.447917031725289, -21.672754544667164 ], [ -43.447917031725289, -21.677246121087762 ], [ -43.47037491382828, -21.677246121087762 ], [ -43.47037491382828, -21.686229273928959 ], [ -43.474866490248878, -21.686229273928959 ], [ -43.474866490248878, -21.690720850349557 ], [ -43.483849643090075, -21.690720850349557 ], [ -43.483849643090075, -21.695212426770155 ], [ -43.474866490248878, -21.695212426770155 ], [ -43.474866490248878, -21.699704003190753 ], [ -43.483849643090075, -21.699704003190753 ], [ -43.483849643090075, -21.704195579611348 ], [ -43.488341219510673, -21.704195579611348 ], [ -43.488341219510673, -21.695212426770155 ], [ -43.50181594877246, -21.695212426770155 ], [ -43.50181594877246, -21.690720850349557 ], [ -43.506307525193058, -21.690720850349557 ], [ -43.506307525193058, -21.699704003190753 ], [ -43.497324372351862, -21.699704003190753 ], [ -43.497324372351862, -21.708687156031946 ], [ -43.492832795931264, -21.708687156031946 ], [ -43.492832795931264, -21.72216188529374 ], [ -43.497324372351862, -21.72216188529374 ], [ -43.497324372351862, -21.726653461714339 ], [ -43.50181594877246, -21.726653461714339 ], [ -43.50181594877246, -21.731145038134933 ], [ -43.506307525193058, -21.731145038134933 ], [ -43.506307525193058, -21.740128190976129 ], [ -43.497324372351862, -21.740128190976129 ], [ -43.497324372351862, -21.731145038134933 ], [ -43.488341219510673, -21.731145038134933 ], [ -43.488341219510673, -21.735636614555531 ], [ -43.492832795931264, -21.735636614555531 ], [ -43.492832795931264, -21.740128190976129 ], [ -43.479358066669477, -21.740128190976129 ], [ -43.479358066669477, -21.749111343817326 ], [ -43.47037491382828, -21.749111343817326 ], [ -43.47037491382828, -21.744619767396728 ], [ -43.474866490248878, -21.744619767396728 ], [ -43.474866490248878, -21.740128190976129 ], [ -43.47037491382828, -21.740128190976129 ], [ -43.47037491382828, -21.731145038134933 ], [ -43.465883337407682, -21.731145038134933 ], [ -43.465883337407682, -21.726653461714339 ], [ -43.456900184566486, -21.726653461714339 ], [ -43.456900184566486, -21.717670308873142 ], [ -43.461391760987084, -21.717670308873142 ], [ -43.461391760987084, -21.713178732452544 ], [ -43.447917031725289, -21.713178732452544 ], [ -43.447917031725289, -21.726653461714339 ], [ -43.452408608145888, -21.726653461714339 ], [ -43.452408608145888, -21.735636614555531 ], [ -43.447917031725289, -21.735636614555531 ], [ -43.447917031725289, -21.740128190976129 ], [ -43.452408608145888, -21.740128190976129 ], [ -43.452408608145888, -21.753602920237924 ], [ -43.456900184566486, -21.753602920237924 ], [ -43.456900184566486, -21.758094496658519 ], [ -43.438933878884093, -21.758094496658519 ], [ -43.438933878884093, -21.749111343817326 ], [ -43.429950726042904, -21.749111343817326 ], [ -43.429950726042904, -21.735636614555531 ], [ -43.425459149622306, -21.735636614555531 ], [ -43.425459149622306, -21.740128190976129 ], [ -43.416475996781109, -21.740128190976129 ], [ -43.416475996781109, -21.744619767396728 ], [ -43.420967573201708, -21.744619767396728 ], [ -43.420967573201708, -21.749111343817326 ], [ -43.425459149622306, -21.749111343817326 ], [ -43.425459149622306, -21.753602920237924 ], [ -43.416475996781109, -21.753602920237924 ], [ -43.416475996781109, -21.749111343817326 ], [ -43.411984420360511, -21.749111343817326 ], [ -43.411984420360511, -21.758094496658519 ], [ -43.416475996781109, -21.758094496658519 ], [ -43.416475996781109, -21.762586073079117 ], [ -43.425459149622306, -21.762586073079117 ], [ -43.425459149622306, -21.758094496658519 ], [ -43.429950726042904, -21.758094496658519 ], [ -43.429950726042904, -21.762586073079117 ], [ -43.438933878884093, -21.762586073079117 ], [ -43.438933878884093, -21.767077649499715 ], [ -43.443425455304691, -21.767077649499715 ], [ -43.443425455304691, -21.771569225920313 ], [ -43.438933878884093, -21.771569225920313 ], [ -43.438933878884093, -21.776060802340911 ], [ -43.443425455304691, -21.776060802340911 ], [ -43.443425455304691, -21.780552378761509 ], [ -43.438933878884093, -21.780552378761509 ], [ -43.438933878884093, -21.789535531602702 ], [ -43.434442302463502, -21.789535531602702 ], [ -43.434442302463502, -21.780552378761509 ], [ -43.420967573201708, -21.780552378761509 ], [ -43.420967573201708, -21.785043955182104 ], [ -43.425459149622306, -21.785043955182104 ], [ -43.425459149622306, -21.789535531602702 ], [ -43.420967573201708, -21.789535531602702 ], [ -43.420967573201708, -21.7940271080233 ], [ -43.425459149622306, -21.7940271080233 ], [ -43.425459149622306, -21.798518684443899 ], [ -43.420967573201708, -21.798518684443899 ], [ -43.420967573201708, -21.803010260864497 ], [ -43.438933878884093, -21.803010260864497 ], [ -43.438933878884093, -21.798518684443899 ], [ -43.443425455304691, -21.798518684443899 ], [ -43.443425455304691, -21.811993413705689 ], [ -43.434442302463502, -21.811993413705689 ], [ -43.434442302463502, -21.807501837285095 ], [ -43.425459149622306, -21.807501837285095 ], [ -43.425459149622306, -21.816484990126288 ], [ -43.429950726042904, -21.816484990126288 ], [ -43.429950726042904, -21.825468142967484 ], [ -43.425459149622306, -21.825468142967484 ], [ -43.425459149622306, -21.83445129580868 ], [ -43.438933878884093, -21.83445129580868 ], [ -43.438933878884093, -21.820976566546886 ], [ -43.443425455304691, -21.820976566546886 ], [ -43.443425455304691, -21.825468142967484 ], [ -43.461391760987084, -21.825468142967484 ], [ -43.461391760987084, -21.83445129580868 ], [ -43.456900184566486, -21.83445129580868 ], [ -43.456900184566486, -21.838942872229275 ], [ -43.452408608145888, -21.838942872229275 ], [ -43.452408608145888, -21.843434448649873 ], [ -43.465883337407682, -21.843434448649873 ], [ -43.465883337407682, -21.847926025070471 ], [ -43.474866490248878, -21.847926025070471 ], [ -43.474866490248878, -21.843434448649873 ], [ -43.483849643090075, -21.843434448649873 ], [ -43.483849643090075, -21.838942872229275 ], [ -43.492832795931264, -21.838942872229275 ], [ -43.492832795931264, -21.847926025070471 ], [ -43.479358066669477, -21.847926025070471 ], [ -43.479358066669477, -21.856909177911668 ], [ -43.483849643090075, -21.856909177911668 ], [ -43.483849643090075, -21.861400754332266 ], [ -43.488341219510673, -21.861400754332266 ], [ -43.488341219510673, -21.865892330752864 ], [ -43.483849643090075, -21.865892330752864 ], [ -43.483849643090075, -21.870383907173458 ], [ -43.488341219510673, -21.870383907173458 ], [ -43.488341219510673, -21.874875483594057 ], [ -43.483849643090075, -21.874875483594057 ], [ -43.483849643090075, -21.879367060014655 ], [ -43.492832795931264, -21.879367060014655 ], [ -43.492832795931264, -21.874875483594057 ], [ -43.497324372351862, -21.874875483594057 ], [ -43.497324372351862, -21.90631651853824 ], [ -43.488341219510673, -21.90631651853824 ], [ -43.488341219510673, -21.910808094958838 ], [ -43.50181594877246, -21.910808094958838 ], [ -43.50181594877246, -21.915299671379437 ], [ -43.506307525193058, -21.915299671379437 ], [ -43.506307525193058, -21.90631651853824 ], [ -43.510799101613657, -21.90631651853824 ], [ -43.510799101613657, -21.910808094958838 ], [ -43.515290678034255, -21.910808094958838 ], [ -43.515290678034255, -21.915299671379437 ], [ -43.524273830875451, -21.915299671379437 ], [ -43.524273830875451, -21.919791247800035 ], [ -43.528765407296049, -21.919791247800035 ], [ -43.528765407296049, -21.924282824220629 ], [ -43.533256983716647, -21.924282824220629 ], [ -43.533256983716647, -21.928774400641228 ], [ -43.524273830875451, -21.928774400641228 ], [ -43.524273830875451, -21.933265977061826 ], [ -43.519782254454853, -21.933265977061826 ], [ -43.519782254454853, -21.919791247800035 ], [ -43.510799101613657, -21.919791247800035 ], [ -43.510799101613657, -21.924282824220629 ], [ -43.50181594877246, -21.924282824220629 ], [ -43.50181594877246, -21.919791247800035 ], [ -43.497324372351862, -21.919791247800035 ], [ -43.497324372351862, -21.928774400641228 ], [ -43.492832795931264, -21.928774400641228 ], [ -43.492832795931264, -21.937757553482424 ], [ -43.497324372351862, -21.937757553482424 ], [ -43.497324372351862, -21.942249129903022 ], [ -43.50181594877246, -21.942249129903022 ], [ -43.50181594877246, -21.94674070632362 ], [ -43.515290678034255, -21.94674070632362 ], [ -43.515290678034255, -21.951232282744215 ], [ -43.519782254454853, -21.951232282744215 ], [ -43.519782254454853, -21.955723859164813 ], [ -43.524273830875451, -21.955723859164813 ], [ -43.524273830875451, -21.960215435585411 ], [ -43.537748560137246, -21.960215435585411 ], [ -43.537748560137246, -21.969198588426607 ], [ -43.542240136557844, -21.969198588426607 ], [ -43.542240136557844, -21.964707012006009 ], [ -43.551223289399033, -21.964707012006009 ], [ -43.551223289399033, -21.9781817412678 ], [ -43.555714865819631, -21.9781817412678 ], [ -43.555714865819631, -21.982673317688398 ], [ -43.564698018660827, -21.982673317688398 ], [ -43.564698018660827, -21.987164894108997 ], [ -43.569189595081426, -21.987164894108997 ], [ -43.569189595081426, -21.991656470529595 ], [ -43.573681171502024, -21.991656470529595 ], [ -43.573681171502024, -21.987164894108997 ], [ -43.578172747922622, -21.987164894108997 ], [ -43.578172747922622, -21.996148046950193 ], [ -43.587155900763818, -21.996148046950193 ], [ -43.587155900763818, -21.991656470529595 ], [ -43.58266432434322, -21.991656470529595 ], [ -43.58266432434322, -21.9781817412678 ], [ -43.578172747922622, -21.9781817412678 ], [ -43.578172747922622, -21.973690164847206 ], [ -43.58266432434322, -21.973690164847206 ], [ -43.58266432434322, -21.969198588426607 ], [ -43.578172747922622, -21.969198588426607 ], [ -43.578172747922622, -21.960215435585411 ], [ -43.573681171502024, -21.960215435585411 ], [ -43.573681171502024, -21.955723859164813 ], [ -43.564698018660827, -21.955723859164813 ], [ -43.564698018660827, -21.964707012006009 ], [ -43.560206442240229, -21.964707012006009 ], [ -43.560206442240229, -21.960215435585411 ], [ -43.555714865819631, -21.960215435585411 ], [ -43.555714865819631, -21.94674070632362 ], [ -43.564698018660827, -21.94674070632362 ], [ -43.564698018660827, -21.937757553482424 ], [ -43.569189595081426, -21.937757553482424 ], [ -43.569189595081426, -21.933265977061826 ], [ -43.573681171502024, -21.933265977061826 ], [ -43.573681171502024, -21.928774400641228 ], [ -43.578172747922622, -21.928774400641228 ], [ -43.578172747922622, -21.937757553482424 ], [ -43.58266432434322, -21.937757553482424 ], [ -43.58266432434322, -21.942249129903022 ], [ -43.573681171502024, -21.942249129903022 ], [ -43.573681171502024, -21.94674070632362 ], [ -43.569189595081426, -21.94674070632362 ], [ -43.569189595081426, -21.951232282744215 ], [ -43.58266432434322, -21.951232282744215 ], [ -43.58266432434322, -21.94674070632362 ], [ -43.587155900763818, -21.94674070632362 ], [ -43.587155900763818, -21.942249129903022 ], [ -43.591647477184416, -21.942249129903022 ], [ -43.591647477184416, -21.937757553482424 ], [ -43.596139053605015, -21.937757553482424 ], [ -43.596139053605015, -21.928774400641228 ], [ -43.591647477184416, -21.928774400641228 ], [ -43.591647477184416, -21.924282824220629 ], [ -43.578172747922622, -21.924282824220629 ], [ -43.578172747922622, -21.919791247800035 ], [ -43.58266432434322, -21.919791247800035 ], [ -43.58266432434322, -21.915299671379437 ], [ -43.591647477184416, -21.915299671379437 ], [ -43.591647477184416, -21.90631651853824 ], [ -43.609613782866802, -21.90631651853824 ], [ -43.609613782866802, -21.901824942117642 ], [ -43.605122206446204, -21.901824942117642 ], [ -43.605122206446204, -21.892841789276449 ], [ -43.6141053592874, -21.892841789276449 ], [ -43.6141053592874, -21.888350212855851 ], [ -43.618596935707998, -21.888350212855851 ], [ -43.618596935707998, -21.90631651853824 ], [ -43.623088512128597, -21.90631651853824 ], [ -43.623088512128597, -21.901824942117642 ], [ -43.627580088549195, -21.901824942117642 ], [ -43.627580088549195, -21.910808094958838 ], [ -43.632071664969793, -21.910808094958838 ], [ -43.632071664969793, -21.90631651853824 ], [ -43.636563241390391, -21.90631651853824 ], [ -43.636563241390391, -21.910808094958838 ], [ -43.645546394231587, -21.910808094958838 ], [ -43.645546394231587, -21.90631651853824 ], [ -43.641054817810989, -21.90631651853824 ], [ -43.641054817810989, -21.901824942117642 ], [ -43.650037970652185, -21.901824942117642 ], [ -43.650037970652185, -21.897333365697044 ], [ -43.645546394231587, -21.897333365697044 ], [ -43.645546394231587, -21.892841789276449 ], [ -43.632071664969793, -21.892841789276449 ], [ -43.632071664969793, -21.888350212855851 ], [ -43.627580088549195, -21.888350212855851 ], [ -43.627580088549195, -21.879367060014655 ], [ -43.641054817810989, -21.879367060014655 ], [ -43.641054817810989, -21.870383907173458 ], [ -43.645546394231587, -21.870383907173458 ], [ -43.645546394231587, -21.865892330752864 ], [ -43.641054817810989, -21.865892330752864 ], [ -43.641054817810989, -21.856909177911668 ], [ -43.650037970652185, -21.856909177911668 ], [ -43.650037970652185, -21.861400754332266 ], [ -43.659021123493375, -21.861400754332266 ], [ -43.659021123493375, -21.856909177911668 ], [ -43.663512699913973, -21.856909177911668 ], [ -43.663512699913973, -21.847926025070471 ], [ -43.659021123493375, -21.847926025070471 ], [ -43.659021123493375, -21.843434448649873 ], [ -43.654529547072784, -21.843434448649873 ], [ -43.654529547072784, -21.83445129580868 ], [ -43.650037970652185, -21.83445129580868 ], [ -43.650037970652185, -21.829959719388082 ], [ -43.641054817810989, -21.829959719388082 ], [ -43.641054817810989, -21.820976566546886 ], [ -43.636563241390391, -21.820976566546886 ], [ -43.636563241390391, -21.816484990126288 ], [ -43.632071664969793, -21.816484990126288 ], [ -43.632071664969793, -21.811993413705689 ], [ -43.618596935707998, -21.811993413705689 ], [ -43.618596935707998, -21.807501837285095 ], [ -43.636563241390391, -21.807501837285095 ], [ -43.636563241390391, -21.789535531602702 ], [ -43.641054817810989, -21.789535531602702 ], [ -43.641054817810989, -21.7940271080233 ], [ -43.645546394231587, -21.7940271080233 ], [ -43.645546394231587, -21.785043955182104 ], [ -43.650037970652185, -21.785043955182104 ], [ -43.650037970652185, -21.776060802340911 ], [ -43.654529547072784, -21.776060802340911 ], [ -43.654529547072784, -21.771569225920313 ], [ -43.650037970652185, -21.771569225920313 ], [ -43.650037970652185, -21.762586073079117 ], [ -43.654529547072784, -21.762586073079117 ], [ -43.654529547072784, -21.767077649499715 ], [ -43.659021123493375, -21.767077649499715 ], [ -43.659021123493375, -21.758094496658519 ], [ -43.663512699913973, -21.758094496658519 ], [ -43.663512699913973, -21.753602920237924 ], [ -43.668004276334571, -21.753602920237924 ], [ -43.668004276334571, -21.735636614555531 ], [ -43.663512699913973, -21.735636614555531 ], [ -43.663512699913973, -21.731145038134933 ], [ -43.654529547072784, -21.731145038134933 ], [ -43.654529547072784, -21.726653461714339 ], [ -43.659021123493375, -21.726653461714339 ], [ -43.659021123493375, -21.72216188529374 ], [ -43.663512699913973, -21.72216188529374 ], [ -43.663512699913973, -21.726653461714339 ], [ -43.668004276334571, -21.726653461714339 ], [ -43.668004276334571, -21.72216188529374 ], [ -43.672495852755169, -21.72216188529374 ], [ -43.672495852755169, -21.717670308873142 ], [ -43.668004276334571, -21.717670308873142 ], [ -43.668004276334571, -21.713178732452544 ], [ -43.672495852755169, -21.713178732452544 ], [ -43.672495852755169, -21.704195579611348 ], [ -43.681479005596366, -21.704195579611348 ], [ -43.681479005596366, -21.699704003190753 ], [ -43.672495852755169, -21.699704003190753 ], [ -43.672495852755169, -21.690720850349557 ], [ -43.676987429175767, -21.690720850349557 ], [ -43.676987429175767, -21.695212426770155 ], [ -43.681479005596366, -21.695212426770155 ], [ -43.681479005596366, -21.686229273928959 ], [ -43.672495852755169, -21.686229273928959 ], [ -43.672495852755169, -21.672754544667164 ], [ -43.663512699913973, -21.672754544667164 ], [ -43.663512699913973, -21.68173769750836 ], [ -43.659021123493375, -21.68173769750836 ], [ -43.659021123493375, -21.663771391825971 ], [ -43.654529547072784, -21.663771391825971 ], [ -43.654529547072784, -21.659279815405373 ], [ -43.645546394231587, -21.659279815405373 ], [ -43.645546394231587, -21.677246121087762 ], [ -43.650037970652185, -21.677246121087762 ], [ -43.650037970652185, -21.686229273928959 ], [ -43.645546394231587, -21.686229273928959 ], [ -43.645546394231587, -21.68173769750836 ], [ -43.641054817810989, -21.68173769750836 ], [ -43.641054817810989, -21.677246121087762 ], [ -43.636563241390391, -21.677246121087762 ], [ -43.636563241390391, -21.686229273928959 ], [ -43.641054817810989, -21.686229273928959 ], [ -43.641054817810989, -21.690720850349557 ], [ -43.645546394231587, -21.690720850349557 ], [ -43.645546394231587, -21.699704003190753 ], [ -43.636563241390391, -21.699704003190753 ], [ -43.636563241390391, -21.695212426770155 ], [ -43.627580088549195, -21.695212426770155 ], [ -43.627580088549195, -21.704195579611348 ], [ -43.623088512128597, -21.704195579611348 ], [ -43.623088512128597, -21.708687156031946 ], [ -43.609613782866802, -21.708687156031946 ], [ -43.609613782866802, -21.704195579611348 ], [ -43.605122206446204, -21.704195579611348 ], [ -43.605122206446204, -21.699704003190753 ], [ -43.600630630025613, -21.699704003190753 ], [ -43.600630630025613, -21.695212426770155 ], [ -43.605122206446204, -21.695212426770155 ], [ -43.605122206446204, -21.690720850349557 ], [ -43.600630630025613, -21.690720850349557 ], [ -43.600630630025613, -21.686229273928959 ], [ -43.596139053605015, -21.686229273928959 ], [ -43.596139053605015, -21.68173769750836 ], [ -43.600630630025613, -21.68173769750836 ], [ -43.600630630025613, -21.677246121087762 ], [ -43.591647477184416, -21.677246121087762 ], [ -43.591647477184416, -21.672754544667164 ], [ -43.596139053605015, -21.672754544667164 ], [ -43.596139053605015, -21.668262968246569 ], [ -43.600630630025613, -21.668262968246569 ], [ -43.600630630025613, -21.654788238984775 ], [ -43.596139053605015, -21.654788238984775 ], [ -43.596139053605015, -21.650296662564177 ], [ -43.591647477184416, -21.650296662564177 ], [ -43.591647477184416, -21.632330356881788 ], [ -43.600630630025613, -21.632330356881788 ], [ -43.600630630025613, -21.623347204040591 ], [ -43.587155900763818, -21.623347204040591 ], [ -43.587155900763818, -21.618855627619993 ], [ -43.58266432434322, -21.618855627619993 ], [ -43.58266432434322, -21.623347204040591 ] ], [ [ -43.47037491382828, -21.663771391825971 ], [ -43.479358066669477, -21.663771391825971 ], [ -43.479358066669477, -21.668262968246569 ], [ -43.474866490248878, -21.668262968246569 ], [ -43.474866490248878, -21.677246121087762 ], [ -43.47037491382828, -21.677246121087762 ], [ -43.47037491382828, -21.663771391825971 ] ], [ [ -43.483849643090075, -21.668262968246569 ], [ -43.483849643090075, -21.663771391825971 ], [ -43.492832795931264, -21.663771391825971 ], [ -43.492832795931264, -21.677246121087762 ], [ -43.488341219510673, -21.677246121087762 ], [ -43.488341219510673, -21.68173769750836 ], [ -43.483849643090075, -21.68173769750836 ], [ -43.483849643090075, -21.677246121087762 ], [ -43.479358066669477, -21.677246121087762 ], [ -43.479358066669477, -21.668262968246569 ], [ -43.483849643090075, -21.668262968246569 ] ], [ [ -43.506307525193058, -21.686229273928959 ], [ -43.510799101613657, -21.686229273928959 ], [ -43.510799101613657, -21.68173769750836 ], [ -43.506307525193058, -21.68173769750836 ], [ -43.506307525193058, -21.677246121087762 ], [ -43.515290678034255, -21.677246121087762 ], [ -43.515290678034255, -21.672754544667164 ], [ -43.524273830875451, -21.672754544667164 ], [ -43.524273830875451, -21.677246121087762 ], [ -43.519782254454853, -21.677246121087762 ], [ -43.519782254454853, -21.695212426770155 ], [ -43.524273830875451, -21.695212426770155 ], [ -43.524273830875451, -21.699704003190753 ], [ -43.519782254454853, -21.699704003190753 ], [ -43.519782254454853, -21.704195579611348 ], [ -43.524273830875451, -21.704195579611348 ], [ -43.524273830875451, -21.713178732452544 ], [ -43.528765407296049, -21.713178732452544 ], [ -43.528765407296049, -21.726653461714339 ], [ -43.533256983716647, -21.726653461714339 ], [ -43.533256983716647, -21.731145038134933 ], [ -43.537748560137246, -21.731145038134933 ], [ -43.537748560137246, -21.740128190976129 ], [ -43.533256983716647, -21.740128190976129 ], [ -43.533256983716647, -21.735636614555531 ], [ -43.524273830875451, -21.735636614555531 ], [ -43.524273830875451, -21.731145038134933 ], [ -43.519782254454853, -21.731145038134933 ], [ -43.519782254454853, -21.713178732452544 ], [ -43.515290678034255, -21.713178732452544 ], [ -43.515290678034255, -21.708687156031946 ], [ -43.510799101613657, -21.708687156031946 ], [ -43.510799101613657, -21.690720850349557 ], [ -43.506307525193058, -21.690720850349557 ], [ -43.506307525193058, -21.686229273928959 ] ], [ [ -43.50181594877246, -21.677246121087762 ], [ -43.50181594877246, -21.672754544667164 ], [ -43.506307525193058, -21.672754544667164 ], [ -43.506307525193058, -21.677246121087762 ], [ -43.50181594877246, -21.677246121087762 ] ], [ [ -43.50181594877246, -21.686229273928959 ], [ -43.497324372351862, -21.686229273928959 ], [ -43.497324372351862, -21.677246121087762 ], [ -43.50181594877246, -21.677246121087762 ], [ -43.50181594877246, -21.686229273928959 ] ], [ [ -43.528765407296049, -21.677246121087762 ], [ -43.528765407296049, -21.68173769750836 ], [ -43.524273830875451, -21.68173769750836 ], [ -43.524273830875451, -21.677246121087762 ], [ -43.528765407296049, -21.677246121087762 ] ], [ [ -43.528765407296049, -21.672754544667164 ], [ -43.533256983716647, -21.672754544667164 ], [ -43.533256983716647, -21.677246121087762 ], [ -43.528765407296049, -21.677246121087762 ], [ -43.528765407296049, -21.672754544667164 ] ], [ [ -43.519782254454853, -21.735636614555531 ], [ -43.510799101613657, -21.735636614555531 ], [ -43.510799101613657, -21.731145038134933 ], [ -43.519782254454853, -21.731145038134933 ], [ -43.519782254454853, -21.735636614555531 ] ], [ [ -43.510799101613657, -21.740128190976129 ], [ -43.510799101613657, -21.744619767396728 ], [ -43.506307525193058, -21.744619767396728 ], [ -43.506307525193058, -21.740128190976129 ], [ -43.510799101613657, -21.740128190976129 ] ], [ [ -43.488341219510673, -21.749111343817326 ], [ -43.488341219510673, -21.762586073079117 ], [ -43.492832795931264, -21.762586073079117 ], [ -43.492832795931264, -21.758094496658519 ], [ -43.497324372351862, -21.758094496658519 ], [ -43.497324372351862, -21.771569225920313 ], [ -43.492832795931264, -21.771569225920313 ], [ -43.492832795931264, -21.776060802340911 ], [ -43.488341219510673, -21.776060802340911 ], [ -43.488341219510673, -21.771569225920313 ], [ -43.483849643090075, -21.771569225920313 ], [ -43.483849643090075, -21.767077649499715 ], [ -43.479358066669477, -21.767077649499715 ], [ -43.479358066669477, -21.749111343817326 ], [ -43.488341219510673, -21.749111343817326 ] ], [ [ -43.488341219510673, -21.856909177911668 ], [ -43.492832795931264, -21.856909177911668 ], [ -43.492832795931264, -21.861400754332266 ], [ -43.488341219510673, -21.861400754332266 ], [ -43.488341219510673, -21.856909177911668 ] ], [ [ -43.50181594877246, -21.90631651853824 ], [ -43.50181594877246, -21.901824942117642 ], [ -43.506307525193058, -21.901824942117642 ], [ -43.506307525193058, -21.90631651853824 ], [ -43.50181594877246, -21.90631651853824 ] ], [ [ -43.510799101613657, -21.897333365697044 ], [ -43.519782254454853, -21.897333365697044 ], [ -43.519782254454853, -21.901824942117642 ], [ -43.515290678034255, -21.901824942117642 ], [ -43.515290678034255, -21.90631651853824 ], [ -43.510799101613657, -21.90631651853824 ], [ -43.510799101613657, -21.897333365697044 ] ], [ [ -43.632071664969793, -21.897333365697044 ], [ -43.627580088549195, -21.897333365697044 ], [ -43.627580088549195, -21.892841789276449 ], [ -43.632071664969793, -21.892841789276449 ], [ -43.632071664969793, -21.897333365697044 ] ], [ [ -43.654529547072784, -21.744619767396728 ], [ -43.650037970652185, -21.744619767396728 ], [ -43.650037970652185, -21.735636614555531 ], [ -43.645546394231587, -21.735636614555531 ], [ -43.645546394231587, -21.731145038134933 ], [ -43.654529547072784, -21.731145038134933 ], [ -43.654529547072784, -21.744619767396728 ] ], [ [ -43.659021123493375, -21.744619767396728 ], [ -43.659021123493375, -21.749111343817326 ], [ -43.654529547072784, -21.749111343817326 ], [ -43.654529547072784, -21.744619767396728 ], [ -43.659021123493375, -21.744619767396728 ] ], [ [ -43.668004276334571, -21.68173769750836 ], [ -43.668004276334571, -21.686229273928959 ], [ -43.663512699913973, -21.686229273928959 ], [ -43.663512699913973, -21.68173769750836 ], [ -43.668004276334571, -21.68173769750836 ] ], [ [ -43.654529547072784, -21.672754544667164 ], [ -43.650037970652185, -21.672754544667164 ], [ -43.650037970652185, -21.663771391825971 ], [ -43.654529547072784, -21.663771391825971 ], [ -43.654529547072784, -21.672754544667164 ] ], [ [ -43.654529547072784, -21.699704003190753 ], [ -43.654529547072784, -21.695212426770155 ], [ -43.659021123493375, -21.695212426770155 ], [ -43.659021123493375, -21.704195579611348 ], [ -43.645546394231587, -21.704195579611348 ], [ -43.645546394231587, -21.699704003190753 ], [ -43.654529547072784, -21.699704003190753 ] ], [ [ -43.668004276334571, -21.704195579611348 ], [ -43.668004276334571, -21.708687156031946 ], [ -43.663512699913973, -21.708687156031946 ], [ -43.663512699913973, -21.713178732452544 ], [ -43.659021123493375, -21.713178732452544 ], [ -43.659021123493375, -21.704195579611348 ], [ -43.668004276334571, -21.704195579611348 ] ], [ [ -43.591647477184416, -21.659279815405373 ], [ -43.587155900763818, -21.659279815405373 ], [ -43.587155900763818, -21.677246121087762 ], [ -43.58266432434322, -21.677246121087762 ], [ -43.58266432434322, -21.668262968246569 ], [ -43.578172747922622, -21.668262968246569 ], [ -43.578172747922622, -21.68173769750836 ], [ -43.573681171502024, -21.68173769750836 ], [ -43.573681171502024, -21.677246121087762 ], [ -43.569189595081426, -21.677246121087762 ], [ -43.569189595081426, -21.686229273928959 ], [ -43.573681171502024, -21.686229273928959 ], [ -43.573681171502024, -21.690720850349557 ], [ -43.564698018660827, -21.690720850349557 ], [ -43.564698018660827, -21.686229273928959 ], [ -43.560206442240229, -21.686229273928959 ], [ -43.560206442240229, -21.677246121087762 ], [ -43.564698018660827, -21.677246121087762 ], [ -43.564698018660827, -21.672754544667164 ], [ -43.569189595081426, -21.672754544667164 ], [ -43.569189595081426, -21.659279815405373 ], [ -43.573681171502024, -21.659279815405373 ], [ -43.573681171502024, -21.654788238984775 ], [ -43.564698018660827, -21.654788238984775 ], [ -43.564698018660827, -21.659279815405373 ], [ -43.551223289399033, -21.659279815405373 ], [ -43.551223289399033, -21.663771391825971 ], [ -43.542240136557844, -21.663771391825971 ], [ -43.542240136557844, -21.668262968246569 ], [ -43.524273830875451, -21.668262968246569 ], [ -43.524273830875451, -21.663771391825971 ], [ -43.515290678034255, -21.663771391825971 ], [ -43.515290678034255, -21.659279815405373 ], [ -43.519782254454853, -21.659279815405373 ], [ -43.519782254454853, -21.654788238984775 ], [ -43.528765407296049, -21.654788238984775 ], [ -43.528765407296049, -21.650296662564177 ], [ -43.564698018660827, -21.650296662564177 ], [ -43.564698018660827, -21.641313509722984 ], [ -43.560206442240229, -21.641313509722984 ], [ -43.560206442240229, -21.636821933302386 ], [ -43.569189595081426, -21.636821933302386 ], [ -43.569189595081426, -21.641313509722984 ], [ -43.573681171502024, -21.641313509722984 ], [ -43.573681171502024, -21.645805086143579 ], [ -43.58266432434322, -21.645805086143579 ], [ -43.58266432434322, -21.650296662564177 ], [ -43.591647477184416, -21.650296662564177 ], [ -43.591647477184416, -21.659279815405373 ] ], [ [ -43.578172747922622, -21.690720850349557 ], [ -43.578172747922622, -21.695212426770155 ], [ -43.58266432434322, -21.695212426770155 ], [ -43.58266432434322, -21.717670308873142 ], [ -43.578172747922622, -21.717670308873142 ], [ -43.578172747922622, -21.72216188529374 ], [ -43.573681171502024, -21.72216188529374 ], [ -43.573681171502024, -21.713178732452544 ], [ -43.569189595081426, -21.713178732452544 ], [ -43.569189595081426, -21.740128190976129 ], [ -43.564698018660827, -21.740128190976129 ], [ -43.564698018660827, -21.735636614555531 ], [ -43.555714865819631, -21.735636614555531 ], [ -43.555714865819631, -21.744619767396728 ], [ -43.560206442240229, -21.744619767396728 ], [ -43.560206442240229, -21.749111343817326 ], [ -43.555714865819631, -21.749111343817326 ], [ -43.555714865819631, -21.753602920237924 ], [ -43.551223289399033, -21.753602920237924 ], [ -43.551223289399033, -21.749111343817326 ], [ -43.546731712978442, -21.749111343817326 ], [ -43.546731712978442, -21.735636614555531 ], [ -43.551223289399033, -21.735636614555531 ], [ -43.551223289399033, -21.731145038134933 ], [ -43.555714865819631, -21.731145038134933 ], [ -43.555714865819631, -21.726653461714339 ], [ -43.560206442240229, -21.726653461714339 ], [ -43.560206442240229, -21.72216188529374 ], [ -43.564698018660827, -21.72216188529374 ], [ -43.564698018660827, -21.717670308873142 ], [ -43.560206442240229, -21.717670308873142 ], [ -43.560206442240229, -21.713178732452544 ], [ -43.564698018660827, -21.713178732452544 ], [ -43.564698018660827, -21.708687156031946 ], [ -43.569189595081426, -21.708687156031946 ], [ -43.569189595081426, -21.704195579611348 ], [ -43.551223289399033, -21.704195579611348 ], [ -43.551223289399033, -21.708687156031946 ], [ -43.546731712978442, -21.708687156031946 ], [ -43.546731712978442, -21.704195579611348 ], [ -43.528765407296049, -21.704195579611348 ], [ -43.528765407296049, -21.699704003190753 ], [ -43.533256983716647, -21.699704003190753 ], [ -43.533256983716647, -21.695212426770155 ], [ -43.528765407296049, -21.695212426770155 ], [ -43.528765407296049, -21.686229273928959 ], [ -43.537748560137246, -21.686229273928959 ], [ -43.537748560137246, -21.695212426770155 ], [ -43.542240136557844, -21.695212426770155 ], [ -43.542240136557844, -21.699704003190753 ], [ -43.564698018660827, -21.699704003190753 ], [ -43.564698018660827, -21.695212426770155 ], [ -43.573681171502024, -21.695212426770155 ], [ -43.573681171502024, -21.690720850349557 ], [ -43.578172747922622, -21.690720850349557 ] ], [ [ -43.560206442240229, -21.753602920237924 ], [ -43.560206442240229, -21.758094496658519 ], [ -43.555714865819631, -21.758094496658519 ], [ -43.555714865819631, -21.753602920237924 ], [ -43.560206442240229, -21.753602920237924 ] ], [ [ -43.555714865819631, -21.708687156031946 ], [ -43.555714865819631, -21.713178732452544 ], [ -43.551223289399033, -21.713178732452544 ], [ -43.551223289399033, -21.708687156031946 ], [ -43.555714865819631, -21.708687156031946 ] ], [ [ -43.542240136557844, -21.686229273928959 ], [ -43.551223289399033, -21.686229273928959 ], [ -43.551223289399033, -21.695212426770155 ], [ -43.542240136557844, -21.695212426770155 ], [ -43.542240136557844, -21.686229273928959 ] ], [ [ -43.560206442240229, -21.690720850349557 ], [ -43.555714865819631, -21.690720850349557 ], [ -43.555714865819631, -21.686229273928959 ], [ -43.560206442240229, -21.686229273928959 ], [ -43.560206442240229, -21.690720850349557 ] ], [ [ -43.555714865819631, -21.677246121087762 ], [ -43.555714865819631, -21.672754544667164 ], [ -43.560206442240229, -21.672754544667164 ], [ -43.560206442240229, -21.677246121087762 ], [ -43.555714865819631, -21.677246121087762 ] ], [ [ -43.515290678034255, -21.668262968246569 ], [ -43.510799101613657, -21.668262968246569 ], [ -43.510799101613657, -21.663771391825971 ], [ -43.515290678034255, -21.663771391825971 ], [ -43.515290678034255, -21.668262968246569 ] ], [ [ -43.560206442240229, -21.645805086143579 ], [ -43.555714865819631, -21.645805086143579 ], [ -43.555714865819631, -21.641313509722984 ], [ -43.560206442240229, -21.641313509722984 ], [ -43.560206442240229, -21.645805086143579 ] ], [ [ -43.573681171502024, -21.62783878046119 ], [ -43.58266432434322, -21.62783878046119 ], [ -43.58266432434322, -21.632330356881788 ], [ -43.578172747922622, -21.632330356881788 ], [ -43.578172747922622, -21.641313509722984 ], [ -43.573681171502024, -21.641313509722984 ], [ -43.573681171502024, -21.62783878046119 ] ], [ [ -43.519782254454853, -21.645805086143579 ], [ -43.524273830875451, -21.645805086143579 ], [ -43.524273830875451, -21.650296662564177 ], [ -43.519782254454853, -21.650296662564177 ], [ -43.519782254454853, -21.645805086143579 ] ], [ [ -43.560206442240229, -21.663771391825971 ], [ -43.564698018660827, -21.663771391825971 ], [ -43.564698018660827, -21.668262968246569 ], [ -43.560206442240229, -21.668262968246569 ], [ -43.560206442240229, -21.663771391825971 ] ], [ [ -43.58266432434322, -21.686229273928959 ], [ -43.587155900763818, -21.686229273928959 ], [ -43.587155900763818, -21.690720850349557 ], [ -43.58266432434322, -21.690720850349557 ], [ -43.58266432434322, -21.686229273928959 ] ], [ [ -43.650037970652185, -21.708687156031946 ], [ -43.654529547072784, -21.708687156031946 ], [ -43.654529547072784, -21.713178732452544 ], [ -43.650037970652185, -21.713178732452544 ], [ -43.650037970652185, -21.708687156031946 ] ], [ [ -43.645546394231587, -21.713178732452544 ], [ -43.641054817810989, -21.713178732452544 ], [ -43.641054817810989, -21.717670308873142 ], [ -43.636563241390391, -21.717670308873142 ], [ -43.636563241390391, -21.708687156031946 ], [ -43.645546394231587, -21.708687156031946 ], [ -43.645546394231587, -21.713178732452544 ] ], [ [ -43.591647477184416, -21.713178732452544 ], [ -43.591647477184416, -21.717670308873142 ], [ -43.587155900763818, -21.717670308873142 ], [ -43.587155900763818, -21.713178732452544 ], [ -43.591647477184416, -21.713178732452544 ] ], [ [ -43.596139053605015, -21.717670308873142 ], [ -43.596139053605015, -21.72216188529374 ], [ -43.591647477184416, -21.72216188529374 ], [ -43.591647477184416, -21.717670308873142 ], [ -43.596139053605015, -21.717670308873142 ] ], [ [ -43.506307525193058, -21.713178732452544 ], [ -43.510799101613657, -21.713178732452544 ], [ -43.510799101613657, -21.717670308873142 ], [ -43.506307525193058, -21.717670308873142 ], [ -43.506307525193058, -21.713178732452544 ] ], [ [ -43.555714865819631, -21.72216188529374 ], [ -43.551223289399033, -21.72216188529374 ], [ -43.551223289399033, -21.717670308873142 ], [ -43.555714865819631, -21.717670308873142 ], [ -43.555714865819631, -21.72216188529374 ] ], [ [ -43.551223289399033, -21.726653461714339 ], [ -43.546731712978442, -21.726653461714339 ], [ -43.546731712978442, -21.72216188529374 ], [ -43.551223289399033, -21.72216188529374 ], [ -43.551223289399033, -21.726653461714339 ] ], [ [ -43.632071664969793, -21.735636614555531 ], [ -43.623088512128597, -21.735636614555531 ], [ -43.623088512128597, -21.740128190976129 ], [ -43.618596935707998, -21.740128190976129 ], [ -43.618596935707998, -21.735636614555531 ], [ -43.6141053592874, -21.735636614555531 ], [ -43.6141053592874, -21.740128190976129 ], [ -43.609613782866802, -21.740128190976129 ], [ -43.609613782866802, -21.731145038134933 ], [ -43.6141053592874, -21.731145038134933 ], [ -43.6141053592874, -21.72216188529374 ], [ -43.636563241390391, -21.72216188529374 ], [ -43.636563241390391, -21.731145038134933 ], [ -43.632071664969793, -21.731145038134933 ], [ -43.632071664969793, -21.735636614555531 ] ], [ [ -43.609613782866802, -21.744619767396728 ], [ -43.605122206446204, -21.744619767396728 ], [ -43.605122206446204, -21.740128190976129 ], [ -43.609613782866802, -21.740128190976129 ], [ -43.609613782866802, -21.744619767396728 ] ], [ [ -43.573681171502024, -21.726653461714339 ], [ -43.58266432434322, -21.726653461714339 ], [ -43.58266432434322, -21.731145038134933 ], [ -43.573681171502024, -21.731145038134933 ], [ -43.573681171502024, -21.726653461714339 ] ], [ [ -43.600630630025613, -21.740128190976129 ], [ -43.596139053605015, -21.740128190976129 ], [ -43.596139053605015, -21.735636614555531 ], [ -43.600630630025613, -21.735636614555531 ], [ -43.600630630025613, -21.740128190976129 ] ], [ [ -43.596139053605015, -21.744619767396728 ], [ -43.591647477184416, -21.744619767396728 ], [ -43.591647477184416, -21.740128190976129 ], [ -43.596139053605015, -21.740128190976129 ], [ -43.596139053605015, -21.744619767396728 ] ], [ [ -43.591647477184416, -21.753602920237924 ], [ -43.587155900763818, -21.753602920237924 ], [ -43.587155900763818, -21.749111343817326 ], [ -43.58266432434322, -21.749111343817326 ], [ -43.58266432434322, -21.744619767396728 ], [ -43.591647477184416, -21.744619767396728 ], [ -43.591647477184416, -21.753602920237924 ] ], [ [ -43.623088512128597, -21.744619767396728 ], [ -43.632071664969793, -21.744619767396728 ], [ -43.632071664969793, -21.749111343817326 ], [ -43.623088512128597, -21.749111343817326 ], [ -43.623088512128597, -21.744619767396728 ] ], [ [ -43.564698018660827, -21.744619767396728 ], [ -43.569189595081426, -21.744619767396728 ], [ -43.569189595081426, -21.749111343817326 ], [ -43.564698018660827, -21.749111343817326 ], [ -43.564698018660827, -21.744619767396728 ] ], [ [ -43.533256983716647, -21.744619767396728 ], [ -43.542240136557844, -21.744619767396728 ], [ -43.542240136557844, -21.758094496658519 ], [ -43.537748560137246, -21.758094496658519 ], [ -43.537748560137246, -21.762586073079117 ], [ -43.528765407296049, -21.762586073079117 ], [ -43.528765407296049, -21.749111343817326 ], [ -43.533256983716647, -21.749111343817326 ], [ -43.533256983716647, -21.744619767396728 ] ], [ [ -43.492832795931264, -21.744619767396728 ], [ -43.497324372351862, -21.744619767396728 ], [ -43.497324372351862, -21.749111343817326 ], [ -43.492832795931264, -21.749111343817326 ], [ -43.492832795931264, -21.744619767396728 ] ], [ [ -43.609613782866802, -21.758094496658519 ], [ -43.605122206446204, -21.758094496658519 ], [ -43.605122206446204, -21.753602920237924 ], [ -43.609613782866802, -21.753602920237924 ], [ -43.609613782866802, -21.758094496658519 ] ], [ [ -43.605122206446204, -21.767077649499715 ], [ -43.596139053605015, -21.767077649499715 ], [ -43.596139053605015, -21.753602920237924 ], [ -43.600630630025613, -21.753602920237924 ], [ -43.600630630025613, -21.758094496658519 ], [ -43.605122206446204, -21.758094496658519 ], [ -43.605122206446204, -21.767077649499715 ] ], [ [ -43.515290678034255, -21.762586073079117 ], [ -43.506307525193058, -21.762586073079117 ], [ -43.506307525193058, -21.758094496658519 ], [ -43.510799101613657, -21.758094496658519 ], [ -43.510799101613657, -21.753602920237924 ], [ -43.515290678034255, -21.753602920237924 ], [ -43.515290678034255, -21.762586073079117 ] ], [ [ -43.474866490248878, -21.767077649499715 ], [ -43.47037491382828, -21.767077649499715 ], [ -43.47037491382828, -21.762586073079117 ], [ -43.465883337407682, -21.762586073079117 ], [ -43.465883337407682, -21.753602920237924 ], [ -43.474866490248878, -21.753602920237924 ], [ -43.474866490248878, -21.767077649499715 ] ], [ [ -43.632071664969793, -21.758094496658519 ], [ -43.636563241390391, -21.758094496658519 ], [ -43.636563241390391, -21.762586073079117 ], [ -43.632071664969793, -21.762586073079117 ], [ -43.632071664969793, -21.758094496658519 ] ], [ [ -43.605122206446204, -21.780552378761509 ], [ -43.605122206446204, -21.771569225920313 ], [ -43.6141053592874, -21.771569225920313 ], [ -43.6141053592874, -21.767077649499715 ], [ -43.618596935707998, -21.767077649499715 ], [ -43.618596935707998, -21.758094496658519 ], [ -43.623088512128597, -21.758094496658519 ], [ -43.623088512128597, -21.776060802340911 ], [ -43.6141053592874, -21.776060802340911 ], [ -43.6141053592874, -21.780552378761509 ], [ -43.605122206446204, -21.780552378761509 ] ], [ [ -43.605122206446204, -21.785043955182104 ], [ -43.600630630025613, -21.785043955182104 ], [ -43.600630630025613, -21.780552378761509 ], [ -43.605122206446204, -21.780552378761509 ], [ -43.605122206446204, -21.785043955182104 ] ], [ [ -43.600630630025613, -21.789535531602702 ], [ -43.596139053605015, -21.789535531602702 ], [ -43.596139053605015, -21.785043955182104 ], [ -43.600630630025613, -21.785043955182104 ], [ -43.600630630025613, -21.789535531602702 ] ], [ [ -43.609613782866802, -21.767077649499715 ], [ -43.609613782866802, -21.762586073079117 ], [ -43.6141053592874, -21.762586073079117 ], [ -43.6141053592874, -21.767077649499715 ], [ -43.609613782866802, -21.767077649499715 ] ], [ [ -43.627580088549195, -21.776060802340911 ], [ -43.627580088549195, -21.780552378761509 ], [ -43.623088512128597, -21.780552378761509 ], [ -43.623088512128597, -21.776060802340911 ], [ -43.627580088549195, -21.776060802340911 ] ], [ [ -43.618596935707998, -21.780552378761509 ], [ -43.618596935707998, -21.785043955182104 ], [ -43.6141053592874, -21.785043955182104 ], [ -43.6141053592874, -21.780552378761509 ], [ -43.618596935707998, -21.780552378761509 ] ], [ [ -43.578172747922622, -21.758094496658519 ], [ -43.578172747922622, -21.762586073079117 ], [ -43.573681171502024, -21.762586073079117 ], [ -43.573681171502024, -21.758094496658519 ], [ -43.578172747922622, -21.758094496658519 ] ], [ [ -43.58266432434322, -21.762586073079117 ], [ -43.58266432434322, -21.767077649499715 ], [ -43.578172747922622, -21.767077649499715 ], [ -43.578172747922622, -21.762586073079117 ], [ -43.58266432434322, -21.762586073079117 ] ], [ [ -43.587155900763818, -21.767077649499715 ], [ -43.587155900763818, -21.771569225920313 ], [ -43.58266432434322, -21.771569225920313 ], [ -43.58266432434322, -21.767077649499715 ], [ -43.587155900763818, -21.767077649499715 ] ], [ [ -43.591647477184416, -21.771569225920313 ], [ -43.591647477184416, -21.776060802340911 ], [ -43.587155900763818, -21.776060802340911 ], [ -43.587155900763818, -21.771569225920313 ], [ -43.591647477184416, -21.771569225920313 ] ], [ [ -43.578172747922622, -21.776060802340911 ], [ -43.573681171502024, -21.776060802340911 ], [ -43.573681171502024, -21.780552378761509 ], [ -43.560206442240229, -21.780552378761509 ], [ -43.560206442240229, -21.789535531602702 ], [ -43.551223289399033, -21.789535531602702 ], [ -43.551223289399033, -21.785043955182104 ], [ -43.555714865819631, -21.785043955182104 ], [ -43.555714865819631, -21.776060802340911 ], [ -43.560206442240229, -21.776060802340911 ], [ -43.560206442240229, -21.771569225920313 ], [ -43.573681171502024, -21.771569225920313 ], [ -43.573681171502024, -21.767077649499715 ], [ -43.578172747922622, -21.767077649499715 ], [ -43.578172747922622, -21.776060802340911 ] ], [ [ -43.578172747922622, -21.780552378761509 ], [ -43.578172747922622, -21.785043955182104 ], [ -43.58266432434322, -21.785043955182104 ], [ -43.58266432434322, -21.789535531602702 ], [ -43.573681171502024, -21.789535531602702 ], [ -43.573681171502024, -21.780552378761509 ], [ -43.578172747922622, -21.780552378761509 ] ], [ [ -43.573681171502024, -21.7940271080233 ], [ -43.569189595081426, -21.7940271080233 ], [ -43.569189595081426, -21.789535531602702 ], [ -43.573681171502024, -21.789535531602702 ], [ -43.573681171502024, -21.7940271080233 ] ], [ [ -43.551223289399033, -21.776060802340911 ], [ -43.551223289399033, -21.771569225920313 ], [ -43.555714865819631, -21.771569225920313 ], [ -43.555714865819631, -21.776060802340911 ], [ -43.551223289399033, -21.776060802340911 ] ], [ [ -43.564698018660827, -21.762586073079117 ], [ -43.569189595081426, -21.762586073079117 ], [ -43.569189595081426, -21.767077649499715 ], [ -43.564698018660827, -21.767077649499715 ], [ -43.564698018660827, -21.762586073079117 ] ], [ [ -43.519782254454853, -21.762586073079117 ], [ -43.524273830875451, -21.762586073079117 ], [ -43.524273830875451, -21.767077649499715 ], [ -43.519782254454853, -21.767077649499715 ], [ -43.519782254454853, -21.762586073079117 ] ], [ [ -43.456900184566486, -21.762586073079117 ], [ -43.461391760987084, -21.762586073079117 ], [ -43.461391760987084, -21.767077649499715 ], [ -43.456900184566486, -21.767077649499715 ], [ -43.456900184566486, -21.762586073079117 ] ], [ [ -43.632071664969793, -21.767077649499715 ], [ -43.636563241390391, -21.767077649499715 ], [ -43.636563241390391, -21.771569225920313 ], [ -43.632071664969793, -21.771569225920313 ], [ -43.632071664969793, -21.767077649499715 ] ], [ [ -43.447917031725289, -21.767077649499715 ], [ -43.452408608145888, -21.767077649499715 ], [ -43.452408608145888, -21.771569225920313 ], [ -43.447917031725289, -21.771569225920313 ], [ -43.447917031725289, -21.767077649499715 ] ], [ [ -43.641054817810989, -21.771569225920313 ], [ -43.645546394231587, -21.771569225920313 ], [ -43.645546394231587, -21.776060802340911 ], [ -43.641054817810989, -21.776060802340911 ], [ -43.641054817810989, -21.771569225920313 ] ], [ [ -43.474866490248878, -21.771569225920313 ], [ -43.474866490248878, -21.776060802340911 ], [ -43.47037491382828, -21.776060802340911 ], [ -43.47037491382828, -21.771569225920313 ], [ -43.474866490248878, -21.771569225920313 ] ], [ [ -43.479358066669477, -21.776060802340911 ], [ -43.479358066669477, -21.780552378761509 ], [ -43.474866490248878, -21.780552378761509 ], [ -43.474866490248878, -21.776060802340911 ], [ -43.479358066669477, -21.776060802340911 ] ], [ [ -43.533256983716647, -21.776060802340911 ], [ -43.537748560137246, -21.776060802340911 ], [ -43.537748560137246, -21.780552378761509 ], [ -43.533256983716647, -21.780552378761509 ], [ -43.533256983716647, -21.776060802340911 ] ], [ [ -43.623088512128597, -21.785043955182104 ], [ -43.627580088549195, -21.785043955182104 ], [ -43.627580088549195, -21.789535531602702 ], [ -43.623088512128597, -21.789535531602702 ], [ -43.623088512128597, -21.785043955182104 ] ], [ [ -43.510799101613657, -21.7940271080233 ], [ -43.515290678034255, -21.7940271080233 ], [ -43.515290678034255, -21.798518684443899 ], [ -43.50181594877246, -21.798518684443899 ], [ -43.50181594877246, -21.785043955182104 ], [ -43.510799101613657, -21.785043955182104 ], [ -43.510799101613657, -21.7940271080233 ] ], [ [ -43.497324372351862, -21.789535531602702 ], [ -43.492832795931264, -21.789535531602702 ], [ -43.492832795931264, -21.785043955182104 ], [ -43.497324372351862, -21.785043955182104 ], [ -43.497324372351862, -21.789535531602702 ] ], [ [ -43.492832795931264, -21.7940271080233 ], [ -43.488341219510673, -21.7940271080233 ], [ -43.488341219510673, -21.798518684443899 ], [ -43.474866490248878, -21.798518684443899 ], [ -43.474866490248878, -21.803010260864497 ], [ -43.465883337407682, -21.803010260864497 ], [ -43.465883337407682, -21.7940271080233 ], [ -43.479358066669477, -21.7940271080233 ], [ -43.479358066669477, -21.785043955182104 ], [ -43.488341219510673, -21.785043955182104 ], [ -43.488341219510673, -21.789535531602702 ], [ -43.492832795931264, -21.789535531602702 ], [ -43.492832795931264, -21.7940271080233 ] ], [ [ -43.461391760987084, -21.7940271080233 ], [ -43.461391760987084, -21.789535531602702 ], [ -43.465883337407682, -21.789535531602702 ], [ -43.465883337407682, -21.7940271080233 ], [ -43.461391760987084, -21.7940271080233 ] ], [ [ -43.528765407296049, -21.789535531602702 ], [ -43.533256983716647, -21.789535531602702 ], [ -43.533256983716647, -21.7940271080233 ], [ -43.528765407296049, -21.7940271080233 ], [ -43.528765407296049, -21.789535531602702 ] ], [ [ -43.632071664969793, -21.803010260864497 ], [ -43.623088512128597, -21.803010260864497 ], [ -43.623088512128597, -21.798518684443899 ], [ -43.627580088549195, -21.798518684443899 ], [ -43.627580088549195, -21.7940271080233 ], [ -43.632071664969793, -21.7940271080233 ], [ -43.632071664969793, -21.803010260864497 ] ], [ [ -43.58266432434322, -21.798518684443899 ], [ -43.587155900763818, -21.798518684443899 ], [ -43.587155900763818, -21.803010260864497 ], [ -43.578172747922622, -21.803010260864497 ], [ -43.578172747922622, -21.7940271080233 ], [ -43.58266432434322, -21.7940271080233 ], [ -43.58266432434322, -21.798518684443899 ] ], [ [ -43.452408608145888, -21.7940271080233 ], [ -43.456900184566486, -21.7940271080233 ], [ -43.456900184566486, -21.798518684443899 ], [ -43.452408608145888, -21.798518684443899 ], [ -43.452408608145888, -21.7940271080233 ] ], [ [ -43.6141053592874, -21.798518684443899 ], [ -43.618596935707998, -21.798518684443899 ], [ -43.618596935707998, -21.803010260864497 ], [ -43.6141053592874, -21.803010260864497 ], [ -43.6141053592874, -21.798518684443899 ] ], [ [ -43.551223289399033, -21.798518684443899 ], [ -43.555714865819631, -21.798518684443899 ], [ -43.555714865819631, -21.803010260864497 ], [ -43.551223289399033, -21.803010260864497 ], [ -43.551223289399033, -21.798518684443899 ] ], [ [ -43.537748560137246, -21.798518684443899 ], [ -43.537748560137246, -21.803010260864497 ], [ -43.533256983716647, -21.803010260864497 ], [ -43.533256983716647, -21.798518684443899 ], [ -43.537748560137246, -21.798518684443899 ] ], [ [ -43.546731712978442, -21.803010260864497 ], [ -43.546731712978442, -21.807501837285095 ], [ -43.537748560137246, -21.807501837285095 ], [ -43.537748560137246, -21.803010260864497 ], [ -43.546731712978442, -21.803010260864497 ] ], [ [ -43.569189595081426, -21.803010260864497 ], [ -43.569189595081426, -21.807501837285095 ], [ -43.564698018660827, -21.807501837285095 ], [ -43.564698018660827, -21.803010260864497 ], [ -43.569189595081426, -21.803010260864497 ] ], [ [ -43.578172747922622, -21.807501837285095 ], [ -43.578172747922622, -21.811993413705689 ], [ -43.573681171502024, -21.811993413705689 ], [ -43.573681171502024, -21.816484990126288 ], [ -43.564698018660827, -21.816484990126288 ], [ -43.564698018660827, -21.811993413705689 ], [ -43.569189595081426, -21.811993413705689 ], [ -43.569189595081426, -21.807501837285095 ], [ -43.578172747922622, -21.807501837285095 ] ], [ [ -43.524273830875451, -21.803010260864497 ], [ -43.528765407296049, -21.803010260864497 ], [ -43.528765407296049, -21.816484990126288 ], [ -43.524273830875451, -21.816484990126288 ], [ -43.524273830875451, -21.803010260864497 ] ], [ [ -43.515290678034255, -21.803010260864497 ], [ -43.519782254454853, -21.803010260864497 ], [ -43.519782254454853, -21.807501837285095 ], [ -43.515290678034255, -21.807501837285095 ], [ -43.515290678034255, -21.803010260864497 ] ], [ [ -43.488341219510673, -21.803010260864497 ], [ -43.492832795931264, -21.803010260864497 ], [ -43.492832795931264, -21.807501837285095 ], [ -43.488341219510673, -21.807501837285095 ], [ -43.488341219510673, -21.803010260864497 ] ], [ [ -43.605122206446204, -21.807501837285095 ], [ -43.609613782866802, -21.807501837285095 ], [ -43.609613782866802, -21.811993413705689 ], [ -43.605122206446204, -21.811993413705689 ], [ -43.605122206446204, -21.807501837285095 ] ], [ [ -43.461391760987084, -21.811993413705689 ], [ -43.461391760987084, -21.816484990126288 ], [ -43.452408608145888, -21.816484990126288 ], [ -43.452408608145888, -21.811993413705689 ], [ -43.447917031725289, -21.811993413705689 ], [ -43.447917031725289, -21.807501837285095 ], [ -43.456900184566486, -21.807501837285095 ], [ -43.456900184566486, -21.811993413705689 ], [ -43.461391760987084, -21.811993413705689 ] ], [ [ -43.465883337407682, -21.816484990126288 ], [ -43.465883337407682, -21.820976566546886 ], [ -43.461391760987084, -21.820976566546886 ], [ -43.461391760987084, -21.816484990126288 ], [ -43.465883337407682, -21.816484990126288 ] ], [ [ -43.587155900763818, -21.816484990126288 ], [ -43.591647477184416, -21.816484990126288 ], [ -43.591647477184416, -21.820976566546886 ], [ -43.58266432434322, -21.820976566546886 ], [ -43.58266432434322, -21.811993413705689 ], [ -43.587155900763818, -21.811993413705689 ], [ -43.587155900763818, -21.816484990126288 ] ], [ [ -43.524273830875451, -21.820976566546886 ], [ -43.533256983716647, -21.820976566546886 ], [ -43.533256983716647, -21.811993413705689 ], [ -43.546731712978442, -21.811993413705689 ], [ -43.546731712978442, -21.820976566546886 ], [ -43.537748560137246, -21.820976566546886 ], [ -43.537748560137246, -21.825468142967484 ], [ -43.528765407296049, -21.825468142967484 ], [ -43.528765407296049, -21.829959719388082 ], [ -43.524273830875451, -21.829959719388082 ], [ -43.524273830875451, -21.820976566546886 ] ], [ [ -43.50181594877246, -21.811993413705689 ], [ -43.506307525193058, -21.811993413705689 ], [ -43.506307525193058, -21.816484990126288 ], [ -43.50181594877246, -21.816484990126288 ], [ -43.50181594877246, -21.811993413705689 ] ], [ [ -43.609613782866802, -21.816484990126288 ], [ -43.6141053592874, -21.816484990126288 ], [ -43.6141053592874, -21.820976566546886 ], [ -43.609613782866802, -21.820976566546886 ], [ -43.609613782866802, -21.816484990126288 ] ], [ [ -43.627580088549195, -21.825468142967484 ], [ -43.632071664969793, -21.825468142967484 ], [ -43.632071664969793, -21.829959719388082 ], [ -43.623088512128597, -21.829959719388082 ], [ -43.623088512128597, -21.820976566546886 ], [ -43.627580088549195, -21.820976566546886 ], [ -43.627580088549195, -21.825468142967484 ] ], [ [ -43.474866490248878, -21.820976566546886 ], [ -43.479358066669477, -21.820976566546886 ], [ -43.479358066669477, -21.825468142967484 ], [ -43.488341219510673, -21.825468142967484 ], [ -43.488341219510673, -21.83445129580868 ], [ -43.483849643090075, -21.83445129580868 ], [ -43.483849643090075, -21.829959719388082 ], [ -43.474866490248878, -21.829959719388082 ], [ -43.474866490248878, -21.820976566546886 ] ], [ [ -43.573681171502024, -21.825468142967484 ], [ -43.578172747922622, -21.825468142967484 ], [ -43.578172747922622, -21.829959719388082 ], [ -43.573681171502024, -21.829959719388082 ], [ -43.573681171502024, -21.825468142967484 ] ], [ [ -43.560206442240229, -21.843434448649873 ], [ -43.551223289399033, -21.843434448649873 ], [ -43.551223289399033, -21.83445129580868 ], [ -43.546731712978442, -21.83445129580868 ], [ -43.546731712978442, -21.843434448649873 ], [ -43.542240136557844, -21.843434448649873 ], [ -43.542240136557844, -21.829959719388082 ], [ -43.546731712978442, -21.829959719388082 ], [ -43.546731712978442, -21.825468142967484 ], [ -43.551223289399033, -21.825468142967484 ], [ -43.551223289399033, -21.829959719388082 ], [ -43.569189595081426, -21.829959719388082 ], [ -43.569189595081426, -21.843434448649873 ], [ -43.564698018660827, -21.843434448649873 ], [ -43.564698018660827, -21.847926025070471 ], [ -43.560206442240229, -21.847926025070471 ], [ -43.560206442240229, -21.843434448649873 ] ], [ [ -43.533256983716647, -21.829959719388082 ], [ -43.537748560137246, -21.829959719388082 ], [ -43.537748560137246, -21.83445129580868 ], [ -43.533256983716647, -21.83445129580868 ], [ -43.533256983716647, -21.829959719388082 ] ], [ [ -43.6141053592874, -21.83445129580868 ], [ -43.627580088549195, -21.83445129580868 ], [ -43.627580088549195, -21.838942872229275 ], [ -43.623088512128597, -21.838942872229275 ], [ -43.623088512128597, -21.847926025070471 ], [ -43.618596935707998, -21.847926025070471 ], [ -43.618596935707998, -21.843434448649873 ], [ -43.6141053592874, -21.843434448649873 ], [ -43.6141053592874, -21.83445129580868 ] ], [ [ -43.596139053605015, -21.83445129580868 ], [ -43.600630630025613, -21.83445129580868 ], [ -43.600630630025613, -21.852417601491069 ], [ -43.596139053605015, -21.852417601491069 ], [ -43.596139053605015, -21.83445129580868 ] ], [ [ -43.578172747922622, -21.83445129580868 ], [ -43.58266432434322, -21.83445129580868 ], [ -43.58266432434322, -21.838942872229275 ], [ -43.578172747922622, -21.838942872229275 ], [ -43.578172747922622, -21.83445129580868 ] ], [ [ -43.632071664969793, -21.838942872229275 ], [ -43.636563241390391, -21.838942872229275 ], [ -43.636563241390391, -21.843434448649873 ], [ -43.632071664969793, -21.843434448649873 ], [ -43.632071664969793, -21.838942872229275 ] ], [ [ -43.515290678034255, -21.838942872229275 ], [ -43.519782254454853, -21.838942872229275 ], [ -43.519782254454853, -21.847926025070471 ], [ -43.524273830875451, -21.847926025070471 ], [ -43.524273830875451, -21.852417601491069 ], [ -43.510799101613657, -21.852417601491069 ], [ -43.510799101613657, -21.847926025070471 ], [ -43.515290678034255, -21.847926025070471 ], [ -43.515290678034255, -21.838942872229275 ] ], [ [ -43.587155900763818, -21.843434448649873 ], [ -43.591647477184416, -21.843434448649873 ], [ -43.591647477184416, -21.847926025070471 ], [ -43.587155900763818, -21.847926025070471 ], [ -43.587155900763818, -21.843434448649873 ] ], [ [ -43.573681171502024, -21.843434448649873 ], [ -43.578172747922622, -21.843434448649873 ], [ -43.578172747922622, -21.847926025070471 ], [ -43.573681171502024, -21.847926025070471 ], [ -43.573681171502024, -21.843434448649873 ] ], [ [ -43.50181594877246, -21.843434448649873 ], [ -43.50181594877246, -21.847926025070471 ], [ -43.497324372351862, -21.847926025070471 ], [ -43.497324372351862, -21.843434448649873 ], [ -43.50181594877246, -21.843434448649873 ] ], [ [ -43.506307525193058, -21.847926025070471 ], [ -43.506307525193058, -21.852417601491069 ], [ -43.50181594877246, -21.852417601491069 ], [ -43.50181594877246, -21.847926025070471 ], [ -43.506307525193058, -21.847926025070471 ] ], [ [ -43.645546394231587, -21.847926025070471 ], [ -43.650037970652185, -21.847926025070471 ], [ -43.650037970652185, -21.852417601491069 ], [ -43.645546394231587, -21.852417601491069 ], [ -43.645546394231587, -21.847926025070471 ] ], [ [ -43.542240136557844, -21.847926025070471 ], [ -43.551223289399033, -21.847926025070471 ], [ -43.551223289399033, -21.852417601491069 ], [ -43.555714865819631, -21.852417601491069 ], [ -43.555714865819631, -21.856909177911668 ], [ -43.560206442240229, -21.856909177911668 ], [ -43.560206442240229, -21.865892330752864 ], [ -43.564698018660827, -21.865892330752864 ], [ -43.564698018660827, -21.861400754332266 ], [ -43.573681171502024, -21.861400754332266 ], [ -43.573681171502024, -21.870383907173458 ], [ -43.555714865819631, -21.870383907173458 ], [ -43.555714865819631, -21.865892330752864 ], [ -43.551223289399033, -21.865892330752864 ], [ -43.551223289399033, -21.861400754332266 ], [ -43.546731712978442, -21.861400754332266 ], [ -43.546731712978442, -21.856909177911668 ], [ -43.542240136557844, -21.856909177911668 ], [ -43.542240136557844, -21.847926025070471 ] ], [ [ -43.555714865819631, -21.874875483594057 ], [ -43.546731712978442, -21.874875483594057 ], [ -43.546731712978442, -21.870383907173458 ], [ -43.555714865819631, -21.870383907173458 ], [ -43.555714865819631, -21.874875483594057 ] ], [ [ -43.6141053592874, -21.852417601491069 ], [ -43.618596935707998, -21.852417601491069 ], [ -43.618596935707998, -21.856909177911668 ], [ -43.6141053592874, -21.856909177911668 ], [ -43.6141053592874, -21.852417601491069 ] ], [ [ -43.533256983716647, -21.856909177911668 ], [ -43.528765407296049, -21.856909177911668 ], [ -43.528765407296049, -21.852417601491069 ], [ -43.533256983716647, -21.852417601491069 ], [ -43.533256983716647, -21.856909177911668 ] ], [ [ -43.528765407296049, -21.861400754332266 ], [ -43.524273830875451, -21.861400754332266 ], [ -43.524273830875451, -21.856909177911668 ], [ -43.528765407296049, -21.856909177911668 ], [ -43.528765407296049, -21.861400754332266 ] ], [ [ -43.605122206446204, -21.870383907173458 ], [ -43.609613782866802, -21.870383907173458 ], [ -43.609613782866802, -21.874875483594057 ], [ -43.600630630025613, -21.874875483594057 ], [ -43.600630630025613, -21.856909177911668 ], [ -43.605122206446204, -21.856909177911668 ], [ -43.605122206446204, -21.870383907173458 ] ], [ [ -43.632071664969793, -21.861400754332266 ], [ -43.636563241390391, -21.861400754332266 ], [ -43.636563241390391, -21.865892330752864 ], [ -43.632071664969793, -21.865892330752864 ], [ -43.632071664969793, -21.861400754332266 ] ], [ [ -43.623088512128597, -21.861400754332266 ], [ -43.627580088549195, -21.861400754332266 ], [ -43.627580088549195, -21.865892330752864 ], [ -43.623088512128597, -21.865892330752864 ], [ -43.623088512128597, -21.861400754332266 ] ], [ [ -43.555714865819631, -21.883858636435253 ], [ -43.551223289399033, -21.883858636435253 ], [ -43.551223289399033, -21.888350212855851 ], [ -43.537748560137246, -21.888350212855851 ], [ -43.537748560137246, -21.879367060014655 ], [ -43.533256983716647, -21.879367060014655 ], [ -43.533256983716647, -21.892841789276449 ], [ -43.551223289399033, -21.892841789276449 ], [ -43.551223289399033, -21.897333365697044 ], [ -43.560206442240229, -21.897333365697044 ], [ -43.560206442240229, -21.90631651853824 ], [ -43.555714865819631, -21.90631651853824 ], [ -43.555714865819631, -21.910808094958838 ], [ -43.537748560137246, -21.910808094958838 ], [ -43.537748560137246, -21.915299671379437 ], [ -43.528765407296049, -21.915299671379437 ], [ -43.528765407296049, -21.910808094958838 ], [ -43.533256983716647, -21.910808094958838 ], [ -43.533256983716647, -21.90631651853824 ], [ -43.524273830875451, -21.90631651853824 ], [ -43.524273830875451, -21.901824942117642 ], [ -43.528765407296049, -21.901824942117642 ], [ -43.528765407296049, -21.892841789276449 ], [ -43.524273830875451, -21.892841789276449 ], [ -43.524273830875451, -21.888350212855851 ], [ -43.528765407296049, -21.888350212855851 ], [ -43.528765407296049, -21.883858636435253 ], [ -43.519782254454853, -21.883858636435253 ], [ -43.519782254454853, -21.888350212855851 ], [ -43.515290678034255, -21.888350212855851 ], [ -43.515290678034255, -21.892841789276449 ], [ -43.506307525193058, -21.892841789276449 ], [ -43.506307525193058, -21.883858636435253 ], [ -43.515290678034255, -21.883858636435253 ], [ -43.515290678034255, -21.874875483594057 ], [ -43.50181594877246, -21.874875483594057 ], [ -43.50181594877246, -21.865892330752864 ], [ -43.515290678034255, -21.865892330752864 ], [ -43.515290678034255, -21.870383907173458 ], [ -43.533256983716647, -21.870383907173458 ], [ -43.533256983716647, -21.861400754332266 ], [ -43.542240136557844, -21.861400754332266 ], [ -43.542240136557844, -21.865892330752864 ], [ -43.537748560137246, -21.865892330752864 ], [ -43.537748560137246, -21.874875483594057 ], [ -43.542240136557844, -21.874875483594057 ], [ -43.542240136557844, -21.879367060014655 ], [ -43.555714865819631, -21.879367060014655 ], [ -43.555714865819631, -21.883858636435253 ] ], [ [ -43.623088512128597, -21.870383907173458 ], [ -43.627580088549195, -21.870383907173458 ], [ -43.627580088549195, -21.874875483594057 ], [ -43.623088512128597, -21.874875483594057 ], [ -43.623088512128597, -21.870383907173458 ] ], [ [ -43.58266432434322, -21.879367060014655 ], [ -43.573681171502024, -21.879367060014655 ], [ -43.573681171502024, -21.874875483594057 ], [ -43.58266432434322, -21.874875483594057 ], [ -43.58266432434322, -21.879367060014655 ] ], [ [ -43.573681171502024, -21.883858636435253 ], [ -43.569189595081426, -21.883858636435253 ], [ -43.569189595081426, -21.879367060014655 ], [ -43.573681171502024, -21.879367060014655 ], [ -43.573681171502024, -21.883858636435253 ] ], [ [ -43.596139053605015, -21.879367060014655 ], [ -43.605122206446204, -21.879367060014655 ], [ -43.605122206446204, -21.888350212855851 ], [ -43.596139053605015, -21.888350212855851 ], [ -43.596139053605015, -21.879367060014655 ] ], [ [ -43.560206442240229, -21.883858636435253 ], [ -43.564698018660827, -21.883858636435253 ], [ -43.564698018660827, -21.888350212855851 ], [ -43.560206442240229, -21.888350212855851 ], [ -43.560206442240229, -21.883858636435253 ] ], [ [ -43.591647477184416, -21.892841789276449 ], [ -43.596139053605015, -21.892841789276449 ], [ -43.596139053605015, -21.901824942117642 ], [ -43.591647477184416, -21.901824942117642 ], [ -43.591647477184416, -21.892841789276449 ] ], [ [ -43.587155900763818, -21.910808094958838 ], [ -43.58266432434322, -21.910808094958838 ], [ -43.58266432434322, -21.90631651853824 ], [ -43.578172747922622, -21.90631651853824 ], [ -43.578172747922622, -21.901824942117642 ], [ -43.587155900763818, -21.901824942117642 ], [ -43.587155900763818, -21.910808094958838 ] ], [ [ -43.573681171502024, -21.910808094958838 ], [ -43.569189595081426, -21.910808094958838 ], [ -43.569189595081426, -21.915299671379437 ], [ -43.564698018660827, -21.915299671379437 ], [ -43.564698018660827, -21.90631651853824 ], [ -43.573681171502024, -21.90631651853824 ], [ -43.573681171502024, -21.910808094958838 ] ], [ [ -43.555714865819631, -21.919791247800035 ], [ -43.569189595081426, -21.919791247800035 ], [ -43.569189595081426, -21.924282824220629 ], [ -43.555714865819631, -21.924282824220629 ], [ -43.555714865819631, -21.919791247800035 ] ], [ [ -43.510799101613657, -21.937757553482424 ], [ -43.506307525193058, -21.937757553482424 ], [ -43.506307525193058, -21.933265977061826 ], [ -43.50181594877246, -21.933265977061826 ], [ -43.50181594877246, -21.928774400641228 ], [ -43.510799101613657, -21.928774400641228 ], [ -43.510799101613657, -21.937757553482424 ] ], [ [ -43.546731712978442, -21.933265977061826 ], [ -43.555714865819631, -21.933265977061826 ], [ -43.555714865819631, -21.937757553482424 ], [ -43.551223289399033, -21.937757553482424 ], [ -43.551223289399033, -21.942249129903022 ], [ -43.542240136557844, -21.942249129903022 ], [ -43.542240136557844, -21.937757553482424 ], [ -43.546731712978442, -21.937757553482424 ], [ -43.546731712978442, -21.933265977061826 ] ], [ [ -43.515290678034255, -21.937757553482424 ], [ -43.524273830875451, -21.937757553482424 ], [ -43.524273830875451, -21.942249129903022 ], [ -43.515290678034255, -21.942249129903022 ], [ -43.515290678034255, -21.937757553482424 ] ], [ [ -43.546731712978442, -21.955723859164813 ], [ -43.551223289399033, -21.955723859164813 ], [ -43.551223289399033, -21.960215435585411 ], [ -43.542240136557844, -21.960215435585411 ], [ -43.542240136557844, -21.951232282744215 ], [ -43.546731712978442, -21.951232282744215 ], [ -43.546731712978442, -21.955723859164813 ] ], [ [ -43.569189595081426, -21.964707012006009 ], [ -43.573681171502024, -21.964707012006009 ], [ -43.573681171502024, -21.969198588426607 ], [ -43.569189595081426, -21.969198588426607 ], [ -43.569189595081426, -21.964707012006009 ] ], [ [ -43.560206442240229, -21.969198588426607 ], [ -43.564698018660827, -21.969198588426607 ], [ -43.564698018660827, -21.973690164847206 ], [ -43.560206442240229, -21.973690164847206 ], [ -43.560206442240229, -21.969198588426607 ] ] ], [ [ [ -43.488341219510673, -21.731145038134933 ], [ -43.488341219510673, -21.726653461714339 ], [ -43.483849643090075, -21.726653461714339 ], [ -43.483849643090075, -21.731145038134933 ], [ -43.488341219510673, -21.731145038134933 ] ] ], [ [ [ -43.578172747922622, -21.704195579611348 ], [ -43.578172747922622, -21.695212426770155 ], [ -43.573681171502024, -21.695212426770155 ], [ -43.573681171502024, -21.704195579611348 ], [ -43.578172747922622, -21.704195579611348 ] ] ], [ [ [ -43.618596935707998, -21.695212426770155 ], [ -43.618596935707998, -21.686229273928959 ], [ -43.6141053592874, -21.686229273928959 ], [ -43.6141053592874, -21.690720850349557 ], [ -43.609613782866802, -21.690720850349557 ], [ -43.609613782866802, -21.695212426770155 ], [ -43.6141053592874, -21.695212426770155 ], [ -43.6141053592874, -21.699704003190753 ], [ -43.623088512128597, -21.699704003190753 ], [ -43.623088512128597, -21.695212426770155 ], [ -43.618596935707998, -21.695212426770155 ] ] ], [ [ [ -43.515290678034255, -21.690720850349557 ], [ -43.515290678034255, -21.686229273928959 ], [ -43.510799101613657, -21.686229273928959 ], [ -43.510799101613657, -21.690720850349557 ], [ -43.515290678034255, -21.690720850349557 ] ] ], [ [ [ -43.609613782866802, -21.690720850349557 ], [ -43.609613782866802, -21.686229273928959 ], [ -43.605122206446204, -21.686229273928959 ], [ -43.605122206446204, -21.690720850349557 ], [ -43.609613782866802, -21.690720850349557 ] ] ], [ [ [ -43.6141053592874, -21.68173769750836 ], [ -43.6141053592874, -21.677246121087762 ], [ -43.605122206446204, -21.677246121087762 ], [ -43.605122206446204, -21.68173769750836 ], [ -43.6141053592874, -21.68173769750836 ] ] ], [ [ [ -43.618596935707998, -21.672754544667164 ], [ -43.618596935707998, -21.68173769750836 ], [ -43.623088512128597, -21.68173769750836 ], [ -43.623088512128597, -21.677246121087762 ], [ -43.627580088549195, -21.677246121087762 ], [ -43.627580088549195, -21.672754544667164 ], [ -43.618596935707998, -21.672754544667164 ] ] ], [ [ [ -43.632071664969793, -21.672754544667164 ], [ -43.632071664969793, -21.668262968246569 ], [ -43.627580088549195, -21.668262968246569 ], [ -43.627580088549195, -21.672754544667164 ], [ -43.632071664969793, -21.672754544667164 ] ] ], [ [ [ -43.632071664969793, -21.663771391825971 ], [ -43.632071664969793, -21.668262968246569 ], [ -43.636563241390391, -21.668262968246569 ], [ -43.636563241390391, -21.663771391825971 ], [ -43.632071664969793, -21.663771391825971 ] ] ], [ [ [ -43.676987429175767, -21.650296662564177 ], [ -43.672495852755169, -21.650296662564177 ], [ -43.672495852755169, -21.663771391825971 ], [ -43.681479005596366, -21.663771391825971 ], [ -43.681479005596366, -21.654788238984775 ], [ -43.676987429175767, -21.654788238984775 ], [ -43.676987429175767, -21.650296662564177 ] ] ], [ [ [ -43.488341219510673, -21.645805086143579 ], [ -43.488341219510673, -21.641313509722984 ], [ -43.483849643090075, -21.641313509722984 ], [ -43.483849643090075, -21.645805086143579 ], [ -43.488341219510673, -21.645805086143579 ] ] ], [ [ [ -43.510799101613657, -21.645805086143579 ], [ -43.510799101613657, -21.641313509722984 ], [ -43.506307525193058, -21.641313509722984 ], [ -43.506307525193058, -21.645805086143579 ], [ -43.510799101613657, -21.645805086143579 ] ] ], [ [ [ -43.636563241390391, -21.632330356881788 ], [ -43.636563241390391, -21.636821933302386 ], [ -43.632071664969793, -21.636821933302386 ], [ -43.632071664969793, -21.641313509722984 ], [ -43.627580088549195, -21.641313509722984 ], [ -43.627580088549195, -21.650296662564177 ], [ -43.632071664969793, -21.650296662564177 ], [ -43.632071664969793, -21.645805086143579 ], [ -43.641054817810989, -21.645805086143579 ], [ -43.641054817810989, -21.636821933302386 ], [ -43.645546394231587, -21.636821933302386 ], [ -43.645546394231587, -21.645805086143579 ], [ -43.650037970652185, -21.645805086143579 ], [ -43.650037970652185, -21.650296662564177 ], [ -43.659021123493375, -21.650296662564177 ], [ -43.659021123493375, -21.654788238984775 ], [ -43.663512699913973, -21.654788238984775 ], [ -43.663512699913973, -21.650296662564177 ], [ -43.668004276334571, -21.650296662564177 ], [ -43.668004276334571, -21.636821933302386 ], [ -43.663512699913973, -21.636821933302386 ], [ -43.663512699913973, -21.632330356881788 ], [ -43.668004276334571, -21.632330356881788 ], [ -43.668004276334571, -21.62783878046119 ], [ -43.672495852755169, -21.62783878046119 ], [ -43.672495852755169, -21.623347204040591 ], [ -43.654529547072784, -21.623347204040591 ], [ -43.654529547072784, -21.62783878046119 ], [ -43.645546394231587, -21.62783878046119 ], [ -43.645546394231587, -21.623347204040591 ], [ -43.641054817810989, -21.623347204040591 ], [ -43.641054817810989, -21.632330356881788 ], [ -43.636563241390391, -21.632330356881788 ] ], [ [ -43.654529547072784, -21.641313509722984 ], [ -43.654529547072784, -21.636821933302386 ], [ -43.650037970652185, -21.636821933302386 ], [ -43.650037970652185, -21.632330356881788 ], [ -43.659021123493375, -21.632330356881788 ], [ -43.659021123493375, -21.641313509722984 ], [ -43.654529547072784, -21.641313509722984 ] ], [ [ -43.663512699913973, -21.641313509722984 ], [ -43.663512699913973, -21.645805086143579 ], [ -43.659021123493375, -21.645805086143579 ], [ -43.659021123493375, -21.641313509722984 ], [ -43.663512699913973, -21.641313509722984 ] ] ], [ [ [ -43.623088512128597, -21.636821933302386 ], [ -43.623088512128597, -21.632330356881788 ], [ -43.618596935707998, -21.632330356881788 ], [ -43.618596935707998, -21.636821933302386 ], [ -43.623088512128597, -21.636821933302386 ] ] ], [ [ [ -43.676987429175767, -21.641313509722984 ], [ -43.676987429175767, -21.636821933302386 ], [ -43.681479005596366, -21.636821933302386 ], [ -43.681479005596366, -21.645805086143579 ], [ -43.685970582016964, -21.645805086143579 ], [ -43.685970582016964, -21.62783878046119 ], [ -43.681479005596366, -21.62783878046119 ], [ -43.681479005596366, -21.623347204040591 ], [ -43.676987429175767, -21.623347204040591 ], [ -43.676987429175767, -21.632330356881788 ], [ -43.668004276334571, -21.632330356881788 ], [ -43.668004276334571, -21.636821933302386 ], [ -43.672495852755169, -21.636821933302386 ], [ -43.672495852755169, -21.641313509722984 ], [ -43.676987429175767, -21.641313509722984 ] ] ], [ [ [ -43.519782254454853, -21.636821933302386 ], [ -43.519782254454853, -21.623347204040591 ], [ -43.510799101613657, -21.623347204040591 ], [ -43.510799101613657, -21.62783878046119 ], [ -43.506307525193058, -21.62783878046119 ], [ -43.506307525193058, -21.632330356881788 ], [ -43.515290678034255, -21.632330356881788 ], [ -43.515290678034255, -21.636821933302386 ], [ -43.519782254454853, -21.636821933302386 ] ] ], [ [ [ -43.533256983716647, -21.614364051199399 ], [ -43.533256983716647, -21.618855627619993 ], [ -43.528765407296049, -21.618855627619993 ], [ -43.528765407296049, -21.62783878046119 ], [ -43.537748560137246, -21.62783878046119 ], [ -43.537748560137246, -21.614364051199399 ], [ -43.533256983716647, -21.614364051199399 ] ] ], [ [ [ -43.676987429175767, -21.623347204040591 ], [ -43.676987429175767, -21.618855627619993 ], [ -43.672495852755169, -21.618855627619993 ], [ -43.672495852755169, -21.623347204040591 ], [ -43.676987429175767, -21.623347204040591 ] ] ], [ [ [ -43.623088512128597, -21.623347204040591 ], [ -43.623088512128597, -21.614364051199399 ], [ -43.618596935707998, -21.614364051199399 ], [ -43.618596935707998, -21.623347204040591 ], [ -43.623088512128597, -21.623347204040591 ] ] ], [ [ [ -43.641054817810989, -21.618855627619993 ], [ -43.641054817810989, -21.614364051199399 ], [ -43.636563241390391, -21.614364051199399 ], [ -43.636563241390391, -21.618855627619993 ], [ -43.641054817810989, -21.618855627619993 ] ] ], [ [ [ -43.672495852755169, -21.614364051199399 ], [ -43.672495852755169, -21.6098724747788 ], [ -43.645546394231587, -21.6098724747788 ], [ -43.645546394231587, -21.623347204040591 ], [ -43.650037970652185, -21.623347204040591 ], [ -43.650037970652185, -21.618855627619993 ], [ -43.654529547072784, -21.618855627619993 ], [ -43.654529547072784, -21.614364051199399 ], [ -43.672495852755169, -21.614364051199399 ] ] ], [ [ [ -43.497324372351862, -21.614364051199399 ], [ -43.497324372351862, -21.6098724747788 ], [ -43.488341219510673, -21.6098724747788 ], [ -43.488341219510673, -21.614364051199399 ], [ -43.497324372351862, -21.614364051199399 ] ] ], [ [ [ -43.506307525193058, -21.569448286993421 ], [ -43.506307525193058, -21.564956710572822 ], [ -43.50181594877246, -21.564956710572822 ], [ -43.50181594877246, -21.569448286993421 ], [ -43.506307525193058, -21.569448286993421 ] ] ], [ [ [ -43.483849643090075, -21.542498828469835 ], [ -43.483849643090075, -21.538007252049237 ], [ -43.479358066669477, -21.538007252049237 ], [ -43.479358066669477, -21.542498828469835 ], [ -43.483849643090075, -21.542498828469835 ] ] ], [ [ [ -43.488341219510673, -21.542498828469835 ], [ -43.492832795931264, -21.542498828469835 ], [ -43.492832795931264, -21.533515675628642 ], [ -43.488341219510673, -21.533515675628642 ], [ -43.488341219510673, -21.542498828469835 ] ] ], [ [ [ -43.416475996781109, -21.892841789276449 ], [ -43.416475996781109, -21.883858636435253 ], [ -43.411984420360511, -21.883858636435253 ], [ -43.411984420360511, -21.892841789276449 ], [ -43.416475996781109, -21.892841789276449 ] ] ], [ [ [ -43.447917031725289, -21.861400754332266 ], [ -43.447917031725289, -21.874875483594057 ], [ -43.461391760987084, -21.874875483594057 ], [ -43.461391760987084, -21.879367060014655 ], [ -43.456900184566486, -21.879367060014655 ], [ -43.456900184566486, -21.888350212855851 ], [ -43.461391760987084, -21.888350212855851 ], [ -43.461391760987084, -21.883858636435253 ], [ -43.474866490248878, -21.883858636435253 ], [ -43.474866490248878, -21.861400754332266 ], [ -43.47037491382828, -21.861400754332266 ], [ -43.47037491382828, -21.870383907173458 ], [ -43.456900184566486, -21.870383907173458 ], [ -43.456900184566486, -21.865892330752864 ], [ -43.452408608145888, -21.865892330752864 ], [ -43.452408608145888, -21.861400754332266 ], [ -43.447917031725289, -21.861400754332266 ] ] ], [ [ [ -43.416475996781109, -21.865892330752864 ], [ -43.416475996781109, -21.861400754332266 ], [ -43.411984420360511, -21.861400754332266 ], [ -43.411984420360511, -21.865892330752864 ], [ -43.416475996781109, -21.865892330752864 ] ] ], [ [ [ -43.447917031725289, -21.861400754332266 ], [ -43.447917031725289, -21.856909177911668 ], [ -43.443425455304691, -21.856909177911668 ], [ -43.443425455304691, -21.861400754332266 ], [ -43.447917031725289, -21.861400754332266 ] ] ], [ [ [ -43.465883337407682, -21.861400754332266 ], [ -43.465883337407682, -21.852417601491069 ], [ -43.461391760987084, -21.852417601491069 ], [ -43.461391760987084, -21.847926025070471 ], [ -43.452408608145888, -21.847926025070471 ], [ -43.452408608145888, -21.852417601491069 ], [ -43.456900184566486, -21.852417601491069 ], [ -43.456900184566486, -21.856909177911668 ], [ -43.461391760987084, -21.856909177911668 ], [ -43.461391760987084, -21.861400754332266 ], [ -43.465883337407682, -21.861400754332266 ] ] ], [ [ [ -43.443425455304691, -21.852417601491069 ], [ -43.443425455304691, -21.847926025070471 ], [ -43.429950726042904, -21.847926025070471 ], [ -43.429950726042904, -21.852417601491069 ], [ -43.420967573201708, -21.852417601491069 ], [ -43.420967573201708, -21.856909177911668 ], [ -43.438933878884093, -21.856909177911668 ], [ -43.438933878884093, -21.852417601491069 ], [ -43.443425455304691, -21.852417601491069 ] ] ], [ [ [ -43.403001267519315, -21.861400754332266 ], [ -43.403001267519315, -21.856909177911668 ], [ -43.416475996781109, -21.856909177911668 ], [ -43.416475996781109, -21.852417601491069 ], [ -43.411984420360511, -21.852417601491069 ], [ -43.411984420360511, -21.847926025070471 ], [ -43.407492843939913, -21.847926025070471 ], [ -43.407492843939913, -21.843434448649873 ], [ -43.403001267519315, -21.843434448649873 ], [ -43.403001267519315, -21.852417601491069 ], [ -43.398509691098717, -21.852417601491069 ], [ -43.398509691098717, -21.861400754332266 ], [ -43.403001267519315, -21.861400754332266 ] ] ], [ [ [ -43.420967573201708, -21.83445129580868 ], [ -43.420967573201708, -21.829959719388082 ], [ -43.416475996781109, -21.829959719388082 ], [ -43.416475996781109, -21.83445129580868 ], [ -43.411984420360511, -21.83445129580868 ], [ -43.411984420360511, -21.838942872229275 ], [ -43.407492843939913, -21.838942872229275 ], [ -43.407492843939913, -21.843434448649873 ], [ -43.411984420360511, -21.843434448649873 ], [ -43.411984420360511, -21.847926025070471 ], [ -43.420967573201708, -21.847926025070471 ], [ -43.420967573201708, -21.843434448649873 ], [ -43.429950726042904, -21.843434448649873 ], [ -43.429950726042904, -21.838942872229275 ], [ -43.425459149622306, -21.838942872229275 ], [ -43.425459149622306, -21.83445129580868 ], [ -43.420967573201708, -21.83445129580868 ] ] ], [ [ [ -43.411984420360511, -21.816484990126288 ], [ -43.407492843939913, -21.816484990126288 ], [ -43.407492843939913, -21.825468142967484 ], [ -43.411984420360511, -21.825468142967484 ], [ -43.411984420360511, -21.820976566546886 ], [ -43.416475996781109, -21.820976566546886 ], [ -43.416475996781109, -21.807501837285095 ], [ -43.411984420360511, -21.807501837285095 ], [ -43.411984420360511, -21.816484990126288 ] ] ], [ [ [ -43.403001267519315, -21.816484990126288 ], [ -43.407492843939913, -21.816484990126288 ], [ -43.407492843939913, -21.811993413705689 ], [ -43.403001267519315, -21.811993413705689 ], [ -43.403001267519315, -21.816484990126288 ] ] ], [ [ [ -43.420967573201708, -21.789535531602702 ], [ -43.420967573201708, -21.785043955182104 ], [ -43.416475996781109, -21.785043955182104 ], [ -43.416475996781109, -21.776060802340911 ], [ -43.411984420360511, -21.776060802340911 ], [ -43.411984420360511, -21.789535531602702 ], [ -43.407492843939913, -21.789535531602702 ], [ -43.407492843939913, -21.7940271080233 ], [ -43.416475996781109, -21.7940271080233 ], [ -43.416475996781109, -21.789535531602702 ], [ -43.420967573201708, -21.789535531602702 ] ] ], [ [ [ -43.411984420360511, -21.771569225920313 ], [ -43.411984420360511, -21.767077649499715 ], [ -43.407492843939913, -21.767077649499715 ], [ -43.407492843939913, -21.771569225920313 ], [ -43.411984420360511, -21.771569225920313 ] ] ], [ [ [ -43.407492843939913, -21.767077649499715 ], [ -43.407492843939913, -21.758094496658519 ], [ -43.403001267519315, -21.758094496658519 ], [ -43.403001267519315, -21.767077649499715 ], [ -43.407492843939913, -21.767077649499715 ] ] ], [ [ [ -43.479358066669477, -21.731145038134933 ], [ -43.479358066669477, -21.726653461714339 ], [ -43.483849643090075, -21.726653461714339 ], [ -43.483849643090075, -21.72216188529374 ], [ -43.479358066669477, -21.72216188529374 ], [ -43.479358066669477, -21.717670308873142 ], [ -43.474866490248878, -21.717670308873142 ], [ -43.474866490248878, -21.72216188529374 ], [ -43.465883337407682, -21.72216188529374 ], [ -43.465883337407682, -21.726653461714339 ], [ -43.47037491382828, -21.726653461714339 ], [ -43.47037491382828, -21.731145038134933 ], [ -43.479358066669477, -21.731145038134933 ] ] ], [ [ [ -43.411984420360511, -21.731145038134933 ], [ -43.416475996781109, -21.731145038134933 ], [ -43.416475996781109, -21.72216188529374 ], [ -43.420967573201708, -21.72216188529374 ], [ -43.420967573201708, -21.726653461714339 ], [ -43.429950726042904, -21.726653461714339 ], [ -43.429950726042904, -21.735636614555531 ], [ -43.447917031725289, -21.735636614555531 ], [ -43.447917031725289, -21.726653461714339 ], [ -43.443425455304691, -21.726653461714339 ], [ -43.443425455304691, -21.731145038134933 ], [ -43.434442302463502, -21.731145038134933 ], [ -43.434442302463502, -21.726653461714339 ], [ -43.438933878884093, -21.726653461714339 ], [ -43.438933878884093, -21.72216188529374 ], [ -43.434442302463502, -21.72216188529374 ], [ -43.434442302463502, -21.713178732452544 ], [ -43.425459149622306, -21.713178732452544 ], [ -43.425459149622306, -21.717670308873142 ], [ -43.420967573201708, -21.717670308873142 ], [ -43.420967573201708, -21.713178732452544 ], [ -43.411984420360511, -21.713178732452544 ], [ -43.411984420360511, -21.731145038134933 ] ] ], [ [ [ -43.465883337407682, -21.72216188529374 ], [ -43.465883337407682, -21.717670308873142 ], [ -43.461391760987084, -21.717670308873142 ], [ -43.461391760987084, -21.72216188529374 ], [ -43.465883337407682, -21.72216188529374 ] ] ], [ [ [ -43.474866490248878, -21.713178732452544 ], [ -43.474866490248878, -21.708687156031946 ], [ -43.47037491382828, -21.708687156031946 ], [ -43.47037491382828, -21.713178732452544 ], [ -43.474866490248878, -21.713178732452544 ] ] ], [ [ [ -43.425459149622306, -21.699704003190753 ], [ -43.425459149622306, -21.695212426770155 ], [ -43.416475996781109, -21.695212426770155 ], [ -43.416475996781109, -21.699704003190753 ], [ -43.425459149622306, -21.699704003190753 ] ] ], [ [ [ -43.461391760987084, -21.690720850349557 ], [ -43.461391760987084, -21.686229273928959 ], [ -43.456900184566486, -21.686229273928959 ], [ -43.456900184566486, -21.690720850349557 ], [ -43.461391760987084, -21.690720850349557 ] ] ], [ [ [ -43.407492843939913, -21.686229273928959 ], [ -43.407492843939913, -21.690720850349557 ], [ -43.429950726042904, -21.690720850349557 ], [ -43.429950726042904, -21.686229273928959 ], [ -43.416475996781109, -21.686229273928959 ], [ -43.416475996781109, -21.677246121087762 ], [ -43.411984420360511, -21.677246121087762 ], [ -43.411984420360511, -21.68173769750836 ], [ -43.407492843939913, -21.68173769750836 ], [ -43.407492843939913, -21.677246121087762 ], [ -43.403001267519315, -21.677246121087762 ], [ -43.403001267519315, -21.686229273928959 ], [ -43.407492843939913, -21.686229273928959 ] ] ], [ [ [ -43.425459149622306, -21.663771391825971 ], [ -43.425459149622306, -21.659279815405373 ], [ -43.420967573201708, -21.659279815405373 ], [ -43.420967573201708, -21.663771391825971 ], [ -43.425459149622306, -21.663771391825971 ] ] ], [ [ [ -43.407492843939913, -21.663771391825971 ], [ -43.407492843939913, -21.659279815405373 ], [ -43.403001267519315, -21.659279815405373 ], [ -43.403001267519315, -21.663771391825971 ], [ -43.407492843939913, -21.663771391825971 ] ] ], [ [ [ -43.461391760987084, -21.659279815405373 ], [ -43.461391760987084, -21.654788238984775 ], [ -43.456900184566486, -21.654788238984775 ], [ -43.456900184566486, -21.650296662564177 ], [ -43.452408608145888, -21.650296662564177 ], [ -43.452408608145888, -21.659279815405373 ], [ -43.447917031725289, -21.659279815405373 ], [ -43.447917031725289, -21.663771391825971 ], [ -43.456900184566486, -21.663771391825971 ], [ -43.456900184566486, -21.659279815405373 ], [ -43.461391760987084, -21.659279815405373 ] ] ], [ [ [ -43.443425455304691, -21.659279815405373 ], [ -43.443425455304691, -21.654788238984775 ], [ -43.438933878884093, -21.654788238984775 ], [ -43.438933878884093, -21.659279815405373 ], [ -43.443425455304691, -21.659279815405373 ] ] ], [ [ [ -43.438933878884093, -21.650296662564177 ], [ -43.438933878884093, -21.645805086143579 ], [ -43.434442302463502, -21.645805086143579 ], [ -43.434442302463502, -21.650296662564177 ], [ -43.438933878884093, -21.650296662564177 ] ] ], [ [ [ -43.47037491382828, -21.650296662564177 ], [ -43.47037491382828, -21.645805086143579 ], [ -43.465883337407682, -21.645805086143579 ], [ -43.465883337407682, -21.650296662564177 ], [ -43.47037491382828, -21.650296662564177 ] ] ], [ [ [ -43.461391760987084, -21.645805086143579 ], [ -43.461391760987084, -21.641313509722984 ], [ -43.456900184566486, -21.641313509722984 ], [ -43.456900184566486, -21.645805086143579 ], [ -43.461391760987084, -21.645805086143579 ] ] ], [ [ [ -43.443425455304691, -21.645805086143579 ], [ -43.443425455304691, -21.641313509722984 ], [ -43.438933878884093, -21.641313509722984 ], [ -43.438933878884093, -21.645805086143579 ], [ -43.443425455304691, -21.645805086143579 ] ] ], [ [ [ -43.456900184566486, -21.62783878046119 ], [ -43.456900184566486, -21.623347204040591 ], [ -43.452408608145888, -21.623347204040591 ], [ -43.452408608145888, -21.62783878046119 ], [ -43.456900184566486, -21.62783878046119 ] ] ], [ [ [ -43.438933878884093, -21.529024099208044 ], [ -43.438933878884093, -21.538007252049237 ], [ -43.416475996781109, -21.538007252049237 ], [ -43.416475996781109, -21.533515675628642 ], [ -43.411984420360511, -21.533515675628642 ], [ -43.411984420360511, -21.538007252049237 ], [ -43.403001267519315, -21.538007252049237 ], [ -43.403001267519315, -21.546990404890433 ], [ -43.398509691098717, -21.546990404890433 ], [ -43.398509691098717, -21.551481981311031 ], [ -43.394018114678119, -21.551481981311031 ], [ -43.394018114678119, -21.546990404890433 ], [ -43.38952653825752, -21.546990404890433 ], [ -43.38952653825752, -21.564956710572822 ], [ -43.371560232575135, -21.564956710572822 ], [ -43.371560232575135, -21.573939863414019 ], [ -43.367068656154537, -21.573939863414019 ], [ -43.367068656154537, -21.578431439834617 ], [ -43.362577079733938, -21.578431439834617 ], [ -43.362577079733938, -21.587414592675813 ], [ -43.35808550331334, -21.587414592675813 ], [ -43.35808550331334, -21.591906169096408 ], [ -43.362577079733938, -21.591906169096408 ], [ -43.362577079733938, -21.596397745517006 ], [ -43.367068656154537, -21.596397745517006 ], [ -43.367068656154537, -21.600889321937604 ], [ -43.385034961836922, -21.600889321937604 ], [ -43.385034961836922, -21.596397745517006 ], [ -43.398509691098717, -21.596397745517006 ], [ -43.398509691098717, -21.591906169096408 ], [ -43.394018114678119, -21.591906169096408 ], [ -43.394018114678119, -21.587414592675813 ], [ -43.38952653825752, -21.587414592675813 ], [ -43.38952653825752, -21.578431439834617 ], [ -43.385034961836922, -21.578431439834617 ], [ -43.385034961836922, -21.587414592675813 ], [ -43.380543385416331, -21.587414592675813 ], [ -43.380543385416331, -21.578431439834617 ], [ -43.376051808995733, -21.578431439834617 ], [ -43.376051808995733, -21.573939863414019 ], [ -43.380543385416331, -21.573939863414019 ], [ -43.380543385416331, -21.569448286993421 ], [ -43.394018114678119, -21.569448286993421 ], [ -43.394018114678119, -21.578431439834617 ], [ -43.398509691098717, -21.578431439834617 ], [ -43.398509691098717, -21.582923016255215 ], [ -43.411984420360511, -21.582923016255215 ], [ -43.411984420360511, -21.591906169096408 ], [ -43.407492843939913, -21.591906169096408 ], [ -43.407492843939913, -21.596397745517006 ], [ -43.403001267519315, -21.596397745517006 ], [ -43.403001267519315, -21.600889321937604 ], [ -43.394018114678119, -21.600889321937604 ], [ -43.394018114678119, -21.6098724747788 ], [ -43.38952653825752, -21.6098724747788 ], [ -43.38952653825752, -21.605380898358202 ], [ -43.385034961836922, -21.605380898358202 ], [ -43.385034961836922, -21.614364051199399 ], [ -43.38952653825752, -21.614364051199399 ], [ -43.38952653825752, -21.623347204040591 ], [ -43.394018114678119, -21.623347204040591 ], [ -43.394018114678119, -21.618855627619993 ], [ -43.398509691098717, -21.618855627619993 ], [ -43.398509691098717, -21.614364051199399 ], [ -43.407492843939913, -21.614364051199399 ], [ -43.407492843939913, -21.6098724747788 ], [ -43.411984420360511, -21.6098724747788 ], [ -43.411984420360511, -21.618855627619993 ], [ -43.403001267519315, -21.618855627619993 ], [ -43.403001267519315, -21.62783878046119 ], [ -43.411984420360511, -21.62783878046119 ], [ -43.411984420360511, -21.632330356881788 ], [ -43.407492843939913, -21.632330356881788 ], [ -43.407492843939913, -21.636821933302386 ], [ -43.403001267519315, -21.636821933302386 ], [ -43.403001267519315, -21.641313509722984 ], [ -43.407492843939913, -21.641313509722984 ], [ -43.407492843939913, -21.645805086143579 ], [ -43.394018114678119, -21.645805086143579 ], [ -43.394018114678119, -21.650296662564177 ], [ -43.403001267519315, -21.650296662564177 ], [ -43.403001267519315, -21.654788238984775 ], [ -43.407492843939913, -21.654788238984775 ], [ -43.407492843939913, -21.650296662564177 ], [ -43.420967573201708, -21.650296662564177 ], [ -43.420967573201708, -21.641313509722984 ], [ -43.425459149622306, -21.641313509722984 ], [ -43.425459149622306, -21.636821933302386 ], [ -43.429950726042904, -21.636821933302386 ], [ -43.429950726042904, -21.641313509722984 ], [ -43.434442302463502, -21.641313509722984 ], [ -43.434442302463502, -21.636821933302386 ], [ -43.438933878884093, -21.636821933302386 ], [ -43.438933878884093, -21.632330356881788 ], [ -43.443425455304691, -21.632330356881788 ], [ -43.443425455304691, -21.623347204040591 ], [ -43.429950726042904, -21.623347204040591 ], [ -43.429950726042904, -21.618855627619993 ], [ -43.434442302463502, -21.618855627619993 ], [ -43.434442302463502, -21.614364051199399 ], [ -43.429950726042904, -21.614364051199399 ], [ -43.429950726042904, -21.605380898358202 ], [ -43.434442302463502, -21.605380898358202 ], [ -43.434442302463502, -21.6098724747788 ], [ -43.438933878884093, -21.6098724747788 ], [ -43.438933878884093, -21.618855627619993 ], [ -43.443425455304691, -21.618855627619993 ], [ -43.443425455304691, -21.614364051199399 ], [ -43.447917031725289, -21.614364051199399 ], [ -43.447917031725289, -21.618855627619993 ], [ -43.452408608145888, -21.618855627619993 ], [ -43.452408608145888, -21.614364051199399 ], [ -43.456900184566486, -21.614364051199399 ], [ -43.456900184566486, -21.600889321937604 ], [ -43.452408608145888, -21.600889321937604 ], [ -43.452408608145888, -21.605380898358202 ], [ -43.443425455304691, -21.605380898358202 ], [ -43.443425455304691, -21.600889321937604 ], [ -43.447917031725289, -21.600889321937604 ], [ -43.447917031725289, -21.596397745517006 ], [ -43.456900184566486, -21.596397745517006 ], [ -43.456900184566486, -21.591906169096408 ], [ -43.47037491382828, -21.591906169096408 ], [ -43.47037491382828, -21.582923016255215 ], [ -43.474866490248878, -21.582923016255215 ], [ -43.474866490248878, -21.587414592675813 ], [ -43.479358066669477, -21.587414592675813 ], [ -43.479358066669477, -21.591906169096408 ], [ -43.474866490248878, -21.591906169096408 ], [ -43.474866490248878, -21.596397745517006 ], [ -43.47037491382828, -21.596397745517006 ], [ -43.47037491382828, -21.600889321937604 ], [ -43.465883337407682, -21.600889321937604 ], [ -43.465883337407682, -21.605380898358202 ], [ -43.47037491382828, -21.605380898358202 ], [ -43.47037491382828, -21.6098724747788 ], [ -43.483849643090075, -21.6098724747788 ], [ -43.483849643090075, -21.605380898358202 ], [ -43.479358066669477, -21.605380898358202 ], [ -43.479358066669477, -21.600889321937604 ], [ -43.483849643090075, -21.600889321937604 ], [ -43.483849643090075, -21.596397745517006 ], [ -43.488341219510673, -21.596397745517006 ], [ -43.488341219510673, -21.591906169096408 ], [ -43.492832795931264, -21.591906169096408 ], [ -43.492832795931264, -21.587414592675813 ], [ -43.497324372351862, -21.587414592675813 ], [ -43.497324372351862, -21.591906169096408 ], [ -43.50181594877246, -21.591906169096408 ], [ -43.50181594877246, -21.596397745517006 ], [ -43.492832795931264, -21.596397745517006 ], [ -43.492832795931264, -21.605380898358202 ], [ -43.50181594877246, -21.605380898358202 ], [ -43.50181594877246, -21.614364051199399 ], [ -43.497324372351862, -21.614364051199399 ], [ -43.497324372351862, -21.618855627619993 ], [ -43.492832795931264, -21.618855627619993 ], [ -43.492832795931264, -21.623347204040591 ], [ -43.483849643090075, -21.623347204040591 ], [ -43.483849643090075, -21.62783878046119 ], [ -43.474866490248878, -21.62783878046119 ], [ -43.474866490248878, -21.636821933302386 ], [ -43.461391760987084, -21.636821933302386 ], [ -43.461391760987084, -21.641313509722984 ], [ -43.483849643090075, -21.641313509722984 ], [ -43.483849643090075, -21.636821933302386 ], [ -43.492832795931264, -21.636821933302386 ], [ -43.492832795931264, -21.641313509722984 ], [ -43.50181594877246, -21.641313509722984 ], [ -43.50181594877246, -21.636821933302386 ], [ -43.506307525193058, -21.636821933302386 ], [ -43.506307525193058, -21.632330356881788 ], [ -43.497324372351862, -21.632330356881788 ], [ -43.497324372351862, -21.623347204040591 ], [ -43.506307525193058, -21.623347204040591 ], [ -43.506307525193058, -21.618855627619993 ], [ -43.515290678034255, -21.618855627619993 ], [ -43.515290678034255, -21.614364051199399 ], [ -43.519782254454853, -21.614364051199399 ], [ -43.519782254454853, -21.6098724747788 ], [ -43.524273830875451, -21.6098724747788 ], [ -43.524273830875451, -21.614364051199399 ], [ -43.533256983716647, -21.614364051199399 ], [ -43.533256983716647, -21.605380898358202 ], [ -43.528765407296049, -21.605380898358202 ], [ -43.528765407296049, -21.591906169096408 ], [ -43.524273830875451, -21.591906169096408 ], [ -43.524273830875451, -21.587414592675813 ], [ -43.519782254454853, -21.587414592675813 ], [ -43.519782254454853, -21.596397745517006 ], [ -43.515290678034255, -21.596397745517006 ], [ -43.515290678034255, -21.582923016255215 ], [ -43.510799101613657, -21.582923016255215 ], [ -43.510799101613657, -21.578431439834617 ], [ -43.515290678034255, -21.578431439834617 ], [ -43.515290678034255, -21.573939863414019 ], [ -43.510799101613657, -21.573939863414019 ], [ -43.510799101613657, -21.569448286993421 ], [ -43.506307525193058, -21.569448286993421 ], [ -43.506307525193058, -21.573939863414019 ], [ -43.50181594877246, -21.573939863414019 ], [ -43.50181594877246, -21.569448286993421 ], [ -43.497324372351862, -21.569448286993421 ], [ -43.497324372351862, -21.564956710572822 ], [ -43.488341219510673, -21.564956710572822 ], [ -43.488341219510673, -21.560465134152228 ], [ -43.492832795931264, -21.560465134152228 ], [ -43.492832795931264, -21.55597355773163 ], [ -43.488341219510673, -21.55597355773163 ], [ -43.488341219510673, -21.542498828469835 ], [ -43.483849643090075, -21.542498828469835 ], [ -43.483849643090075, -21.560465134152228 ], [ -43.47037491382828, -21.560465134152228 ], [ -43.47037491382828, -21.55597355773163 ], [ -43.474866490248878, -21.55597355773163 ], [ -43.474866490248878, -21.546990404890433 ], [ -43.465883337407682, -21.546990404890433 ], [ -43.465883337407682, -21.542498828469835 ], [ -43.47037491382828, -21.542498828469835 ], [ -43.47037491382828, -21.529024099208044 ], [ -43.461391760987084, -21.529024099208044 ], [ -43.461391760987084, -21.524532522787446 ], [ -43.456900184566486, -21.524532522787446 ], [ -43.456900184566486, -21.520040946366848 ], [ -43.447917031725289, -21.520040946366848 ], [ -43.447917031725289, -21.524532522787446 ], [ -43.443425455304691, -21.524532522787446 ], [ -43.443425455304691, -21.529024099208044 ], [ -43.438933878884093, -21.529024099208044 ] ], [ [ -43.371560232575135, -21.578431439834617 ], [ -43.371560232575135, -21.582923016255215 ], [ -43.367068656154537, -21.582923016255215 ], [ -43.367068656154537, -21.578431439834617 ], [ -43.371560232575135, -21.578431439834617 ] ], [ [ -43.376051808995733, -21.582923016255215 ], [ -43.376051808995733, -21.591906169096408 ], [ -43.371560232575135, -21.591906169096408 ], [ -43.371560232575135, -21.582923016255215 ], [ -43.376051808995733, -21.582923016255215 ] ], [ [ -43.398509691098717, -21.573939863414019 ], [ -43.403001267519315, -21.573939863414019 ], [ -43.403001267519315, -21.578431439834617 ], [ -43.398509691098717, -21.578431439834617 ], [ -43.398509691098717, -21.573939863414019 ] ], [ [ -43.416475996781109, -21.591906169096408 ], [ -43.416475996781109, -21.596397745517006 ], [ -43.411984420360511, -21.596397745517006 ], [ -43.411984420360511, -21.591906169096408 ], [ -43.416475996781109, -21.591906169096408 ] ], [ [ -43.411984420360511, -21.623347204040591 ], [ -43.420967573201708, -21.623347204040591 ], [ -43.420967573201708, -21.618855627619993 ], [ -43.425459149622306, -21.618855627619993 ], [ -43.425459149622306, -21.62783878046119 ], [ -43.411984420360511, -21.62783878046119 ], [ -43.411984420360511, -21.623347204040591 ] ], [ [ -43.438933878884093, -21.600889321937604 ], [ -43.438933878884093, -21.596397745517006 ], [ -43.443425455304691, -21.596397745517006 ], [ -43.443425455304691, -21.600889321937604 ], [ -43.438933878884093, -21.600889321937604 ] ], [ [ -43.483849643090075, -21.587414592675813 ], [ -43.483849643090075, -21.573939863414019 ], [ -43.488341219510673, -21.573939863414019 ], [ -43.488341219510673, -21.578431439834617 ], [ -43.492832795931264, -21.578431439834617 ], [ -43.492832795931264, -21.587414592675813 ], [ -43.483849643090075, -21.587414592675813 ] ], [ [ -43.50181594877246, -21.600889321937604 ], [ -43.506307525193058, -21.600889321937604 ], [ -43.506307525193058, -21.605380898358202 ], [ -43.50181594877246, -21.605380898358202 ], [ -43.50181594877246, -21.600889321937604 ] ], [ [ -43.515290678034255, -21.605380898358202 ], [ -43.515290678034255, -21.6098724747788 ], [ -43.506307525193058, -21.6098724747788 ], [ -43.506307525193058, -21.605380898358202 ], [ -43.515290678034255, -21.605380898358202 ] ], [ [ -43.515290678034255, -21.600889321937604 ], [ -43.524273830875451, -21.600889321937604 ], [ -43.524273830875451, -21.605380898358202 ], [ -43.515290678034255, -21.605380898358202 ], [ -43.515290678034255, -21.600889321937604 ] ], [ [ -43.488341219510673, -21.569448286993421 ], [ -43.483849643090075, -21.569448286993421 ], [ -43.483849643090075, -21.564956710572822 ], [ -43.488341219510673, -21.564956710572822 ], [ -43.488341219510673, -21.569448286993421 ] ], [ [ -43.456900184566486, -21.529024099208044 ], [ -43.452408608145888, -21.529024099208044 ], [ -43.452408608145888, -21.524532522787446 ], [ -43.456900184566486, -21.524532522787446 ], [ -43.456900184566486, -21.529024099208044 ] ], [ [ -43.447917031725289, -21.538007252049237 ], [ -43.447917031725289, -21.533515675628642 ], [ -43.456900184566486, -21.533515675628642 ], [ -43.456900184566486, -21.538007252049237 ], [ -43.447917031725289, -21.538007252049237 ] ], [ [ -43.425459149622306, -21.551481981311031 ], [ -43.416475996781109, -21.551481981311031 ], [ -43.416475996781109, -21.546990404890433 ], [ -43.420967573201708, -21.546990404890433 ], [ -43.420967573201708, -21.542498828469835 ], [ -43.429950726042904, -21.542498828469835 ], [ -43.429950726042904, -21.546990404890433 ], [ -43.425459149622306, -21.546990404890433 ], [ -43.425459149622306, -21.551481981311031 ] ], [ [ -43.411984420360511, -21.546990404890433 ], [ -43.411984420360511, -21.542498828469835 ], [ -43.416475996781109, -21.542498828469835 ], [ -43.416475996781109, -21.546990404890433 ], [ -43.411984420360511, -21.546990404890433 ] ], [ [ -43.438933878884093, -21.551481981311031 ], [ -43.438933878884093, -21.546990404890433 ], [ -43.443425455304691, -21.546990404890433 ], [ -43.443425455304691, -21.551481981311031 ], [ -43.438933878884093, -21.551481981311031 ] ], [ [ -43.416475996781109, -21.560465134152228 ], [ -43.416475996781109, -21.564956710572822 ], [ -43.411984420360511, -21.564956710572822 ], [ -43.411984420360511, -21.569448286993421 ], [ -43.407492843939913, -21.569448286993421 ], [ -43.407492843939913, -21.560465134152228 ], [ -43.416475996781109, -21.560465134152228 ] ], [ [ -43.398509691098717, -21.564956710572822 ], [ -43.398509691098717, -21.560465134152228 ], [ -43.403001267519315, -21.560465134152228 ], [ -43.403001267519315, -21.564956710572822 ], [ -43.398509691098717, -21.564956710572822 ] ], [ [ -43.443425455304691, -21.569448286993421 ], [ -43.443425455304691, -21.564956710572822 ], [ -43.452408608145888, -21.564956710572822 ], [ -43.452408608145888, -21.569448286993421 ], [ -43.443425455304691, -21.569448286993421 ] ], [ [ -43.434442302463502, -21.578431439834617 ], [ -43.434442302463502, -21.573939863414019 ], [ -43.438933878884093, -21.573939863414019 ], [ -43.438933878884093, -21.578431439834617 ], [ -43.434442302463502, -21.578431439834617 ] ], [ [ -43.50181594877246, -21.582923016255215 ], [ -43.50181594877246, -21.578431439834617 ], [ -43.506307525193058, -21.578431439834617 ], [ -43.506307525193058, -21.582923016255215 ], [ -43.50181594877246, -21.582923016255215 ] ], [ [ -43.456900184566486, -21.582923016255215 ], [ -43.456900184566486, -21.578431439834617 ], [ -43.461391760987084, -21.578431439834617 ], [ -43.461391760987084, -21.582923016255215 ], [ -43.456900184566486, -21.582923016255215 ] ], [ [ -43.420967573201708, -21.582923016255215 ], [ -43.420967573201708, -21.578431439834617 ], [ -43.429950726042904, -21.578431439834617 ], [ -43.429950726042904, -21.582923016255215 ], [ -43.420967573201708, -21.582923016255215 ] ], [ [ -43.416475996781109, -21.605380898358202 ], [ -43.416475996781109, -21.600889321937604 ], [ -43.420967573201708, -21.600889321937604 ], [ -43.420967573201708, -21.605380898358202 ], [ -43.416475996781109, -21.605380898358202 ] ], [ [ -43.429950726042904, -21.632330356881788 ], [ -43.429950726042904, -21.62783878046119 ], [ -43.434442302463502, -21.62783878046119 ], [ -43.434442302463502, -21.632330356881788 ], [ -43.429950726042904, -21.632330356881788 ] ] ], [ [ [ -43.385034961836922, -21.888350212855851 ], [ -43.385034961836922, -21.883858636435253 ], [ -43.380543385416331, -21.883858636435253 ], [ -43.380543385416331, -21.888350212855851 ], [ -43.385034961836922, -21.888350212855851 ] ] ], [ [ [ -43.38952653825752, -21.883858636435253 ], [ -43.38952653825752, -21.870383907173458 ], [ -43.398509691098717, -21.870383907173458 ], [ -43.398509691098717, -21.865892330752864 ], [ -43.385034961836922, -21.865892330752864 ], [ -43.385034961836922, -21.883858636435253 ], [ -43.38952653825752, -21.883858636435253 ] ] ], [ [ [ -43.398509691098717, -21.870383907173458 ], [ -43.398509691098717, -21.874875483594057 ], [ -43.407492843939913, -21.874875483594057 ], [ -43.407492843939913, -21.879367060014655 ], [ -43.411984420360511, -21.879367060014655 ], [ -43.411984420360511, -21.870383907173458 ], [ -43.398509691098717, -21.870383907173458 ] ] ], [ [ [ -43.371560232575135, -21.816484990126288 ], [ -43.371560232575135, -21.825468142967484 ], [ -43.376051808995733, -21.825468142967484 ], [ -43.376051808995733, -21.829959719388082 ], [ -43.380543385416331, -21.829959719388082 ], [ -43.380543385416331, -21.83445129580868 ], [ -43.385034961836922, -21.83445129580868 ], [ -43.385034961836922, -21.838942872229275 ], [ -43.38952653825752, -21.838942872229275 ], [ -43.38952653825752, -21.843434448649873 ], [ -43.394018114678119, -21.843434448649873 ], [ -43.394018114678119, -21.83445129580868 ], [ -43.403001267519315, -21.83445129580868 ], [ -43.403001267519315, -21.829959719388082 ], [ -43.407492843939913, -21.829959719388082 ], [ -43.407492843939913, -21.825468142967484 ], [ -43.403001267519315, -21.825468142967484 ], [ -43.403001267519315, -21.820976566546886 ], [ -43.398509691098717, -21.820976566546886 ], [ -43.398509691098717, -21.816484990126288 ], [ -43.38952653825752, -21.816484990126288 ], [ -43.38952653825752, -21.825468142967484 ], [ -43.385034961836922, -21.825468142967484 ], [ -43.385034961836922, -21.820976566546886 ], [ -43.376051808995733, -21.820976566546886 ], [ -43.376051808995733, -21.816484990126288 ], [ -43.371560232575135, -21.816484990126288 ] ] ], [ [ [ -43.35808550331334, -21.816484990126288 ], [ -43.353593926892742, -21.816484990126288 ], [ -43.353593926892742, -21.820976566546886 ], [ -43.35808550331334, -21.820976566546886 ], [ -43.35808550331334, -21.816484990126288 ] ] ], [ [ [ -43.349102350472144, -21.816484990126288 ], [ -43.353593926892742, -21.816484990126288 ], [ -43.353593926892742, -21.811993413705689 ], [ -43.349102350472144, -21.811993413705689 ], [ -43.349102350472144, -21.816484990126288 ] ] ], [ [ [ -43.380543385416331, -21.816484990126288 ], [ -43.385034961836922, -21.816484990126288 ], [ -43.385034961836922, -21.811993413705689 ], [ -43.380543385416331, -21.811993413705689 ], [ -43.380543385416331, -21.816484990126288 ] ] ], [ [ [ -43.344610774051546, -21.811993413705689 ], [ -43.344610774051546, -21.807501837285095 ], [ -43.340119197630948, -21.807501837285095 ], [ -43.340119197630948, -21.811993413705689 ], [ -43.344610774051546, -21.811993413705689 ] ] ], [ [ [ -43.38952653825752, -21.811993413705689 ], [ -43.38952653825752, -21.807501837285095 ], [ -43.385034961836922, -21.807501837285095 ], [ -43.385034961836922, -21.811993413705689 ], [ -43.38952653825752, -21.811993413705689 ] ] ], [ [ [ -43.331136044789751, -21.798518684443899 ], [ -43.331136044789751, -21.811993413705689 ], [ -43.33562762121035, -21.811993413705689 ], [ -43.33562762121035, -21.803010260864497 ], [ -43.340119197630948, -21.803010260864497 ], [ -43.340119197630948, -21.798518684443899 ], [ -43.331136044789751, -21.798518684443899 ] ] ], [ [ [ -43.367068656154537, -21.803010260864497 ], [ -43.367068656154537, -21.798518684443899 ], [ -43.362577079733938, -21.798518684443899 ], [ -43.362577079733938, -21.803010260864497 ], [ -43.367068656154537, -21.803010260864497 ] ] ], [ [ [ -43.385034961836922, -21.753602920237924 ], [ -43.385034961836922, -21.749111343817326 ], [ -43.380543385416331, -21.749111343817326 ], [ -43.380543385416331, -21.753602920237924 ], [ -43.385034961836922, -21.753602920237924 ] ] ], [ [ [ -43.398509691098717, -21.749111343817326 ], [ -43.398509691098717, -21.744619767396728 ], [ -43.394018114678119, -21.744619767396728 ], [ -43.394018114678119, -21.753602920237924 ], [ -43.398509691098717, -21.753602920237924 ], [ -43.398509691098717, -21.758094496658519 ], [ -43.403001267519315, -21.758094496658519 ], [ -43.403001267519315, -21.749111343817326 ], [ -43.398509691098717, -21.749111343817326 ] ] ], [ [ [ -43.376051808995733, -21.749111343817326 ], [ -43.380543385416331, -21.749111343817326 ], [ -43.380543385416331, -21.744619767396728 ], [ -43.376051808995733, -21.744619767396728 ], [ -43.376051808995733, -21.749111343817326 ] ] ], [ [ [ -43.33562762121035, -21.717670308873142 ], [ -43.33562762121035, -21.726653461714339 ], [ -43.340119197630948, -21.726653461714339 ], [ -43.340119197630948, -21.72216188529374 ], [ -43.344610774051546, -21.72216188529374 ], [ -43.344610774051546, -21.717670308873142 ], [ -43.33562762121035, -21.717670308873142 ] ] ], [ [ [ -43.394018114678119, -21.72216188529374 ], [ -43.394018114678119, -21.717670308873142 ], [ -43.38952653825752, -21.717670308873142 ], [ -43.38952653825752, -21.72216188529374 ], [ -43.394018114678119, -21.72216188529374 ] ] ], [ [ [ -43.403001267519315, -21.717670308873142 ], [ -43.403001267519315, -21.708687156031946 ], [ -43.398509691098717, -21.708687156031946 ], [ -43.398509691098717, -21.717670308873142 ], [ -43.403001267519315, -21.717670308873142 ] ] ], [ [ [ -43.340119197630948, -21.708687156031946 ], [ -43.340119197630948, -21.704195579611348 ], [ -43.33562762121035, -21.704195579611348 ], [ -43.33562762121035, -21.708687156031946 ], [ -43.340119197630948, -21.708687156031946 ] ] ], [ [ [ -43.371560232575135, -21.677246121087762 ], [ -43.371560232575135, -21.672754544667164 ], [ -43.367068656154537, -21.672754544667164 ], [ -43.367068656154537, -21.677246121087762 ], [ -43.362577079733938, -21.677246121087762 ], [ -43.362577079733938, -21.699704003190753 ], [ -43.367068656154537, -21.699704003190753 ], [ -43.367068656154537, -21.708687156031946 ], [ -43.371560232575135, -21.708687156031946 ], [ -43.371560232575135, -21.704195579611348 ], [ -43.380543385416331, -21.704195579611348 ], [ -43.380543385416331, -21.695212426770155 ], [ -43.394018114678119, -21.695212426770155 ], [ -43.394018114678119, -21.699704003190753 ], [ -43.398509691098717, -21.699704003190753 ], [ -43.398509691098717, -21.704195579611348 ], [ -43.403001267519315, -21.704195579611348 ], [ -43.403001267519315, -21.708687156031946 ], [ -43.411984420360511, -21.708687156031946 ], [ -43.411984420360511, -21.704195579611348 ], [ -43.407492843939913, -21.704195579611348 ], [ -43.407492843939913, -21.695212426770155 ], [ -43.403001267519315, -21.695212426770155 ], [ -43.403001267519315, -21.690720850349557 ], [ -43.398509691098717, -21.690720850349557 ], [ -43.398509691098717, -21.686229273928959 ], [ -43.394018114678119, -21.686229273928959 ], [ -43.394018114678119, -21.690720850349557 ], [ -43.385034961836922, -21.690720850349557 ], [ -43.385034961836922, -21.68173769750836 ], [ -43.398509691098717, -21.68173769750836 ], [ -43.398509691098717, -21.677246121087762 ], [ -43.38952653825752, -21.677246121087762 ], [ -43.38952653825752, -21.672754544667164 ], [ -43.385034961836922, -21.672754544667164 ], [ -43.385034961836922, -21.659279815405373 ], [ -43.376051808995733, -21.659279815405373 ], [ -43.376051808995733, -21.663771391825971 ], [ -43.380543385416331, -21.663771391825971 ], [ -43.380543385416331, -21.668262968246569 ], [ -43.376051808995733, -21.668262968246569 ], [ -43.376051808995733, -21.677246121087762 ], [ -43.371560232575135, -21.677246121087762 ] ], [ [ -43.371560232575135, -21.690720850349557 ], [ -43.376051808995733, -21.690720850349557 ], [ -43.376051808995733, -21.695212426770155 ], [ -43.371560232575135, -21.695212426770155 ], [ -43.371560232575135, -21.690720850349557 ] ] ], [ [ [ -43.322152891948562, -21.672754544667164 ], [ -43.322152891948562, -21.68173769750836 ], [ -43.331136044789751, -21.68173769750836 ], [ -43.331136044789751, -21.686229273928959 ], [ -43.33562762121035, -21.686229273928959 ], [ -43.33562762121035, -21.68173769750836 ], [ -43.340119197630948, -21.68173769750836 ], [ -43.340119197630948, -21.663771391825971 ], [ -43.344610774051546, -21.663771391825971 ], [ -43.344610774051546, -21.668262968246569 ], [ -43.349102350472144, -21.668262968246569 ], [ -43.349102350472144, -21.672754544667164 ], [ -43.353593926892742, -21.672754544667164 ], [ -43.353593926892742, -21.654788238984775 ], [ -43.344610774051546, -21.654788238984775 ], [ -43.344610774051546, -21.650296662564177 ], [ -43.340119197630948, -21.650296662564177 ], [ -43.340119197630948, -21.659279815405373 ], [ -43.33562762121035, -21.659279815405373 ], [ -43.33562762121035, -21.654788238984775 ], [ -43.326644468369153, -21.654788238984775 ], [ -43.326644468369153, -21.672754544667164 ], [ -43.322152891948562, -21.672754544667164 ] ], [ [ -43.331136044789751, -21.668262968246569 ], [ -43.33562762121035, -21.668262968246569 ], [ -43.33562762121035, -21.672754544667164 ], [ -43.331136044789751, -21.672754544667164 ], [ -43.331136044789751, -21.668262968246569 ] ] ], [ [ [ -43.38952653825752, -21.663771391825971 ], [ -43.38952653825752, -21.672754544667164 ], [ -43.394018114678119, -21.672754544667164 ], [ -43.394018114678119, -21.668262968246569 ], [ -43.398509691098717, -21.668262968246569 ], [ -43.398509691098717, -21.663771391825971 ], [ -43.38952653825752, -21.663771391825971 ] ] ], [ [ [ -43.340119197630948, -21.650296662564177 ], [ -43.340119197630948, -21.645805086143579 ], [ -43.33562762121035, -21.645805086143579 ], [ -43.33562762121035, -21.650296662564177 ], [ -43.340119197630948, -21.650296662564177 ] ] ], [ [ [ -43.362577079733938, -21.645805086143579 ], [ -43.362577079733938, -21.650296662564177 ], [ -43.367068656154537, -21.650296662564177 ], [ -43.367068656154537, -21.654788238984775 ], [ -43.362577079733938, -21.654788238984775 ], [ -43.362577079733938, -21.659279815405373 ], [ -43.376051808995733, -21.659279815405373 ], [ -43.376051808995733, -21.654788238984775 ], [ -43.380543385416331, -21.654788238984775 ], [ -43.380543385416331, -21.650296662564177 ], [ -43.385034961836922, -21.650296662564177 ], [ -43.385034961836922, -21.641313509722984 ], [ -43.371560232575135, -21.641313509722984 ], [ -43.371560232575135, -21.632330356881788 ], [ -43.367068656154537, -21.632330356881788 ], [ -43.367068656154537, -21.636821933302386 ], [ -43.362577079733938, -21.636821933302386 ], [ -43.362577079733938, -21.641313509722984 ], [ -43.35808550331334, -21.641313509722984 ], [ -43.35808550331334, -21.645805086143579 ], [ -43.362577079733938, -21.645805086143579 ] ] ], [ [ [ -43.349102350472144, -21.645805086143579 ], [ -43.349102350472144, -21.641313509722984 ], [ -43.344610774051546, -21.641313509722984 ], [ -43.344610774051546, -21.645805086143579 ], [ -43.349102350472144, -21.645805086143579 ] ] ], [ [ [ -43.394018114678119, -21.645805086143579 ], [ -43.394018114678119, -21.641313509722984 ], [ -43.38952653825752, -21.641313509722984 ], [ -43.38952653825752, -21.645805086143579 ], [ -43.394018114678119, -21.645805086143579 ] ] ], [ [ [ -43.380543385416331, -21.632330356881788 ], [ -43.380543385416331, -21.62783878046119 ], [ -43.376051808995733, -21.62783878046119 ], [ -43.376051808995733, -21.623347204040591 ], [ -43.371560232575135, -21.623347204040591 ], [ -43.371560232575135, -21.632330356881788 ], [ -43.376051808995733, -21.632330356881788 ], [ -43.376051808995733, -21.636821933302386 ], [ -43.385034961836922, -21.636821933302386 ], [ -43.385034961836922, -21.632330356881788 ], [ -43.380543385416331, -21.632330356881788 ] ] ], [ [ [ -43.398509691098717, -21.632330356881788 ], [ -43.398509691098717, -21.623347204040591 ], [ -43.394018114678119, -21.623347204040591 ], [ -43.394018114678119, -21.632330356881788 ], [ -43.398509691098717, -21.632330356881788 ] ] ], [ [ [ -43.371560232575135, -21.623347204040591 ], [ -43.371560232575135, -21.618855627619993 ], [ -43.367068656154537, -21.618855627619993 ], [ -43.367068656154537, -21.623347204040591 ], [ -43.371560232575135, -21.623347204040591 ] ] ], [ [ [ -43.353593926892742, -21.614364051199399 ], [ -43.35808550331334, -21.614364051199399 ], [ -43.35808550331334, -21.605380898358202 ], [ -43.353593926892742, -21.605380898358202 ], [ -43.353593926892742, -21.614364051199399 ] ] ], [ [ [ -43.380543385416331, -21.560465134152228 ], [ -43.380543385416331, -21.55597355773163 ], [ -43.376051808995733, -21.55597355773163 ], [ -43.376051808995733, -21.560465134152228 ], [ -43.380543385416331, -21.560465134152228 ] ] ], [ [ [ -43.236812939957204, -21.861400754332266 ], [ -43.236812939957204, -21.856909177911668 ], [ -43.232321363536606, -21.856909177911668 ], [ -43.232321363536606, -21.861400754332266 ], [ -43.236812939957204, -21.861400754332266 ] ] ], [ [ [ -43.232321363536606, -21.856909177911668 ], [ -43.232321363536606, -21.847926025070471 ], [ -43.227829787116008, -21.847926025070471 ], [ -43.227829787116008, -21.856909177911668 ], [ -43.232321363536606, -21.856909177911668 ] ] ], [ [ [ -43.227829787116008, -21.83445129580868 ], [ -43.227829787116008, -21.829959719388082 ], [ -43.22333821069541, -21.829959719388082 ], [ -43.22333821069541, -21.83445129580868 ], [ -43.227829787116008, -21.83445129580868 ] ] ], [ [ [ -43.286220280583777, -21.820976566546886 ], [ -43.286220280583777, -21.816484990126288 ], [ -43.281728704163179, -21.816484990126288 ], [ -43.281728704163179, -21.820976566546886 ], [ -43.286220280583777, -21.820976566546886 ] ] ], [ [ [ -43.27723712774258, -21.816484990126288 ], [ -43.27723712774258, -21.811993413705689 ], [ -43.272745551321982, -21.811993413705689 ], [ -43.272745551321982, -21.816484990126288 ], [ -43.27723712774258, -21.816484990126288 ] ] ], [ [ [ -43.308678162686768, -21.7940271080233 ], [ -43.308678162686768, -21.789535531602702 ], [ -43.304186586266169, -21.789535531602702 ], [ -43.304186586266169, -21.7940271080233 ], [ -43.308678162686768, -21.7940271080233 ] ] ], [ [ [ -43.326644468369153, -21.789535531602702 ], [ -43.326644468369153, -21.785043955182104 ], [ -43.322152891948562, -21.785043955182104 ], [ -43.322152891948562, -21.789535531602702 ], [ -43.326644468369153, -21.789535531602702 ] ] ], [ [ [ -43.313169739107366, -21.785043955182104 ], [ -43.313169739107366, -21.780552378761509 ], [ -43.304186586266169, -21.780552378761509 ], [ -43.304186586266169, -21.785043955182104 ], [ -43.313169739107366, -21.785043955182104 ] ] ], [ [ [ -43.317661315527964, -21.780552378761509 ], [ -43.317661315527964, -21.785043955182104 ], [ -43.322152891948562, -21.785043955182104 ], [ -43.322152891948562, -21.776060802340911 ], [ -43.313169739107366, -21.776060802340911 ], [ -43.313169739107366, -21.780552378761509 ], [ -43.317661315527964, -21.780552378761509 ] ] ], [ [ [ -43.178422446489435, -21.771569225920313 ], [ -43.173930870068837, -21.771569225920313 ], [ -43.173930870068837, -21.776060802340911 ], [ -43.178422446489435, -21.776060802340911 ], [ -43.178422446489435, -21.771569225920313 ] ] ], [ [ [ -43.169439293648239, -21.771569225920313 ], [ -43.173930870068837, -21.771569225920313 ], [ -43.173930870068837, -21.767077649499715 ], [ -43.169439293648239, -21.767077649499715 ], [ -43.169439293648239, -21.771569225920313 ] ] ], [ [ [ -43.313169739107366, -21.740128190976129 ], [ -43.322152891948562, -21.740128190976129 ], [ -43.322152891948562, -21.735636614555531 ], [ -43.317661315527964, -21.735636614555531 ], [ -43.317661315527964, -21.731145038134933 ], [ -43.326644468369153, -21.731145038134933 ], [ -43.326644468369153, -21.726653461714339 ], [ -43.322152891948562, -21.726653461714339 ], [ -43.322152891948562, -21.72216188529374 ], [ -43.317661315527964, -21.72216188529374 ], [ -43.317661315527964, -21.717670308873142 ], [ -43.322152891948562, -21.717670308873142 ], [ -43.322152891948562, -21.708687156031946 ], [ -43.326644468369153, -21.708687156031946 ], [ -43.326644468369153, -21.699704003190753 ], [ -43.317661315527964, -21.699704003190753 ], [ -43.317661315527964, -21.695212426770155 ], [ -43.313169739107366, -21.695212426770155 ], [ -43.313169739107366, -21.699704003190753 ], [ -43.304186586266169, -21.699704003190753 ], [ -43.304186586266169, -21.704195579611348 ], [ -43.299695009845571, -21.704195579611348 ], [ -43.299695009845571, -21.690720850349557 ], [ -43.295203433424973, -21.690720850349557 ], [ -43.295203433424973, -21.686229273928959 ], [ -43.304186586266169, -21.686229273928959 ], [ -43.304186586266169, -21.68173769750836 ], [ -43.286220280583777, -21.68173769750836 ], [ -43.286220280583777, -21.677246121087762 ], [ -43.281728704163179, -21.677246121087762 ], [ -43.281728704163179, -21.686229273928959 ], [ -43.272745551321982, -21.686229273928959 ], [ -43.272745551321982, -21.690720850349557 ], [ -43.281728704163179, -21.690720850349557 ], [ -43.281728704163179, -21.695212426770155 ], [ -43.286220280583777, -21.695212426770155 ], [ -43.286220280583777, -21.699704003190753 ], [ -43.272745551321982, -21.699704003190753 ], [ -43.272745551321982, -21.695212426770155 ], [ -43.268253974901391, -21.695212426770155 ], [ -43.268253974901391, -21.699704003190753 ], [ -43.263762398480793, -21.699704003190753 ], [ -43.263762398480793, -21.704195579611348 ], [ -43.268253974901391, -21.704195579611348 ], [ -43.268253974901391, -21.708687156031946 ], [ -43.263762398480793, -21.708687156031946 ], [ -43.263762398480793, -21.713178732452544 ], [ -43.259270822060195, -21.713178732452544 ], [ -43.259270822060195, -21.717670308873142 ], [ -43.263762398480793, -21.717670308873142 ], [ -43.263762398480793, -21.72216188529374 ], [ -43.268253974901391, -21.72216188529374 ], [ -43.268253974901391, -21.726653461714339 ], [ -43.263762398480793, -21.726653461714339 ], [ -43.263762398480793, -21.731145038134933 ], [ -43.259270822060195, -21.731145038134933 ], [ -43.259270822060195, -21.744619767396728 ], [ -43.263762398480793, -21.744619767396728 ], [ -43.263762398480793, -21.758094496658519 ], [ -43.254779245639597, -21.758094496658519 ], [ -43.254779245639597, -21.767077649499715 ], [ -43.259270822060195, -21.767077649499715 ], [ -43.259270822060195, -21.762586073079117 ], [ -43.268253974901391, -21.762586073079117 ], [ -43.268253974901391, -21.758094496658519 ], [ -43.272745551321982, -21.758094496658519 ], [ -43.272745551321982, -21.767077649499715 ], [ -43.263762398480793, -21.767077649499715 ], [ -43.263762398480793, -21.771569225920313 ], [ -43.259270822060195, -21.771569225920313 ], [ -43.259270822060195, -21.780552378761509 ], [ -43.250287669218999, -21.780552378761509 ], [ -43.250287669218999, -21.776060802340911 ], [ -43.2457960927984, -21.776060802340911 ], [ -43.2457960927984, -21.771569225920313 ], [ -43.232321363536606, -21.771569225920313 ], [ -43.232321363536606, -21.776060802340911 ], [ -43.227829787116008, -21.776060802340911 ], [ -43.227829787116008, -21.771569225920313 ], [ -43.22333821069541, -21.771569225920313 ], [ -43.22333821069541, -21.762586073079117 ], [ -43.205371905013024, -21.762586073079117 ], [ -43.205371905013024, -21.758094496658519 ], [ -43.196388752171828, -21.758094496658519 ], [ -43.196388752171828, -21.753602920237924 ], [ -43.187405599330631, -21.753602920237924 ], [ -43.187405599330631, -21.749111343817326 ], [ -43.19189717575123, -21.749111343817326 ], [ -43.19189717575123, -21.744619767396728 ], [ -43.182914022910033, -21.744619767396728 ], [ -43.182914022910033, -21.753602920237924 ], [ -43.178422446489435, -21.753602920237924 ], [ -43.178422446489435, -21.762586073079117 ], [ -43.173930870068837, -21.762586073079117 ], [ -43.173930870068837, -21.767077649499715 ], [ -43.178422446489435, -21.767077649499715 ], [ -43.178422446489435, -21.771569225920313 ], [ -43.182914022910033, -21.771569225920313 ], [ -43.182914022910033, -21.776060802340911 ], [ -43.178422446489435, -21.776060802340911 ], [ -43.178422446489435, -21.780552378761509 ], [ -43.173930870068837, -21.780552378761509 ], [ -43.173930870068837, -21.785043955182104 ], [ -43.178422446489435, -21.785043955182104 ], [ -43.178422446489435, -21.7940271080233 ], [ -43.173930870068837, -21.7940271080233 ], [ -43.173930870068837, -21.803010260864497 ], [ -43.164947717227641, -21.803010260864497 ], [ -43.164947717227641, -21.807501837285095 ], [ -43.173930870068837, -21.807501837285095 ], [ -43.173930870068837, -21.811993413705689 ], [ -43.178422446489435, -21.811993413705689 ], [ -43.178422446489435, -21.816484990126288 ], [ -43.173930870068837, -21.816484990126288 ], [ -43.173930870068837, -21.825468142967484 ], [ -43.169439293648239, -21.825468142967484 ], [ -43.169439293648239, -21.820976566546886 ], [ -43.160456140807042, -21.820976566546886 ], [ -43.160456140807042, -21.816484990126288 ], [ -43.169439293648239, -21.816484990126288 ], [ -43.169439293648239, -21.811993413705689 ], [ -43.160456140807042, -21.811993413705689 ], [ -43.160456140807042, -21.807501837285095 ], [ -43.151472987965853, -21.807501837285095 ], [ -43.151472987965853, -21.811993413705689 ], [ -43.155964564386451, -21.811993413705689 ], [ -43.155964564386451, -21.829959719388082 ], [ -43.164947717227641, -21.829959719388082 ], [ -43.164947717227641, -21.83445129580868 ], [ -43.169439293648239, -21.83445129580868 ], [ -43.169439293648239, -21.838942872229275 ], [ -43.173930870068837, -21.838942872229275 ], [ -43.173930870068837, -21.83445129580868 ], [ -43.187405599330631, -21.83445129580868 ], [ -43.187405599330631, -21.829959719388082 ], [ -43.19189717575123, -21.829959719388082 ], [ -43.19189717575123, -21.843434448649873 ], [ -43.187405599330631, -21.843434448649873 ], [ -43.187405599330631, -21.838942872229275 ], [ -43.178422446489435, -21.838942872229275 ], [ -43.178422446489435, -21.847926025070471 ], [ -43.182914022910033, -21.847926025070471 ], [ -43.182914022910033, -21.852417601491069 ], [ -43.187405599330631, -21.852417601491069 ], [ -43.187405599330631, -21.847926025070471 ], [ -43.196388752171828, -21.847926025070471 ], [ -43.196388752171828, -21.843434448649873 ], [ -43.21435505785422, -21.843434448649873 ], [ -43.21435505785422, -21.847926025070471 ], [ -43.218846634274811, -21.847926025070471 ], [ -43.218846634274811, -21.843434448649873 ], [ -43.22333821069541, -21.843434448649873 ], [ -43.22333821069541, -21.847926025070471 ], [ -43.227829787116008, -21.847926025070471 ], [ -43.227829787116008, -21.838942872229275 ], [ -43.22333821069541, -21.838942872229275 ], [ -43.22333821069541, -21.83445129580868 ], [ -43.200880328592426, -21.83445129580868 ], [ -43.200880328592426, -21.829959719388082 ], [ -43.209863481433622, -21.829959719388082 ], [ -43.209863481433622, -21.825468142967484 ], [ -43.205371905013024, -21.825468142967484 ], [ -43.205371905013024, -21.820976566546886 ], [ -43.21435505785422, -21.820976566546886 ], [ -43.21435505785422, -21.825468142967484 ], [ -43.227829787116008, -21.825468142967484 ], [ -43.227829787116008, -21.829959719388082 ], [ -43.232321363536606, -21.829959719388082 ], [ -43.232321363536606, -21.843434448649873 ], [ -43.236812939957204, -21.843434448649873 ], [ -43.236812939957204, -21.856909177911668 ], [ -43.241304516377802, -21.856909177911668 ], [ -43.241304516377802, -21.852417601491069 ], [ -43.2457960927984, -21.852417601491069 ], [ -43.2457960927984, -21.843434448649873 ], [ -43.241304516377802, -21.843434448649873 ], [ -43.241304516377802, -21.838942872229275 ], [ -43.236812939957204, -21.838942872229275 ], [ -43.236812939957204, -21.83445129580868 ], [ -43.241304516377802, -21.83445129580868 ], [ -43.241304516377802, -21.829959719388082 ], [ -43.2457960927984, -21.829959719388082 ], [ -43.2457960927984, -21.83445129580868 ], [ -43.250287669218999, -21.83445129580868 ], [ -43.250287669218999, -21.816484990126288 ], [ -43.254779245639597, -21.816484990126288 ], [ -43.254779245639597, -21.820976566546886 ], [ -43.259270822060195, -21.820976566546886 ], [ -43.259270822060195, -21.825468142967484 ], [ -43.263762398480793, -21.825468142967484 ], [ -43.263762398480793, -21.83445129580868 ], [ -43.268253974901391, -21.83445129580868 ], [ -43.268253974901391, -21.838942872229275 ], [ -43.272745551321982, -21.838942872229275 ], [ -43.272745551321982, -21.829959719388082 ], [ -43.27723712774258, -21.829959719388082 ], [ -43.27723712774258, -21.825468142967484 ], [ -43.281728704163179, -21.825468142967484 ], [ -43.281728704163179, -21.820976566546886 ], [ -43.272745551321982, -21.820976566546886 ], [ -43.272745551321982, -21.816484990126288 ], [ -43.268253974901391, -21.816484990126288 ], [ -43.268253974901391, -21.820976566546886 ], [ -43.263762398480793, -21.820976566546886 ], [ -43.263762398480793, -21.811993413705689 ], [ -43.272745551321982, -21.811993413705689 ], [ -43.272745551321982, -21.807501837285095 ], [ -43.286220280583777, -21.807501837285095 ], [ -43.286220280583777, -21.816484990126288 ], [ -43.290711857004375, -21.816484990126288 ], [ -43.290711857004375, -21.807501837285095 ], [ -43.299695009845571, -21.807501837285095 ], [ -43.299695009845571, -21.820976566546886 ], [ -43.304186586266169, -21.820976566546886 ], [ -43.304186586266169, -21.825468142967484 ], [ -43.313169739107366, -21.825468142967484 ], [ -43.313169739107366, -21.820976566546886 ], [ -43.326644468369153, -21.820976566546886 ], [ -43.326644468369153, -21.7940271080233 ], [ -43.313169739107366, -21.7940271080233 ], [ -43.313169739107366, -21.798518684443899 ], [ -43.304186586266169, -21.798518684443899 ], [ -43.304186586266169, -21.7940271080233 ], [ -43.299695009845571, -21.7940271080233 ], [ -43.299695009845571, -21.789535531602702 ], [ -43.290711857004375, -21.789535531602702 ], [ -43.290711857004375, -21.785043955182104 ], [ -43.295203433424973, -21.785043955182104 ], [ -43.295203433424973, -21.776060802340911 ], [ -43.290711857004375, -21.776060802340911 ], [ -43.290711857004375, -21.780552378761509 ], [ -43.281728704163179, -21.780552378761509 ], [ -43.281728704163179, -21.776060802340911 ], [ -43.286220280583777, -21.776060802340911 ], [ -43.286220280583777, -21.771569225920313 ], [ -43.281728704163179, -21.771569225920313 ], [ -43.281728704163179, -21.767077649499715 ], [ -43.27723712774258, -21.767077649499715 ], [ -43.27723712774258, -21.753602920237924 ], [ -43.268253974901391, -21.753602920237924 ], [ -43.268253974901391, -21.749111343817326 ], [ -43.281728704163179, -21.749111343817326 ], [ -43.281728704163179, -21.753602920237924 ], [ -43.295203433424973, -21.753602920237924 ], [ -43.295203433424973, -21.749111343817326 ], [ -43.290711857004375, -21.749111343817326 ], [ -43.290711857004375, -21.744619767396728 ], [ -43.286220280583777, -21.744619767396728 ], [ -43.286220280583777, -21.740128190976129 ], [ -43.27723712774258, -21.740128190976129 ], [ -43.27723712774258, -21.735636614555531 ], [ -43.268253974901391, -21.735636614555531 ], [ -43.268253974901391, -21.731145038134933 ], [ -43.27723712774258, -21.731145038134933 ], [ -43.27723712774258, -21.713178732452544 ], [ -43.281728704163179, -21.713178732452544 ], [ -43.281728704163179, -21.704195579611348 ], [ -43.290711857004375, -21.704195579611348 ], [ -43.290711857004375, -21.708687156031946 ], [ -43.286220280583777, -21.708687156031946 ], [ -43.286220280583777, -21.713178732452544 ], [ -43.295203433424973, -21.713178732452544 ], [ -43.295203433424973, -21.717670308873142 ], [ -43.308678162686768, -21.717670308873142 ], [ -43.308678162686768, -21.726653461714339 ], [ -43.304186586266169, -21.726653461714339 ], [ -43.304186586266169, -21.731145038134933 ], [ -43.299695009845571, -21.731145038134933 ], [ -43.299695009845571, -21.735636614555531 ], [ -43.313169739107366, -21.735636614555531 ], [ -43.313169739107366, -21.740128190976129 ] ], [ [ -43.182914022910033, -21.767077649499715 ], [ -43.19189717575123, -21.767077649499715 ], [ -43.19189717575123, -21.771569225920313 ], [ -43.182914022910033, -21.771569225920313 ], [ -43.182914022910033, -21.767077649499715 ] ], [ [ -43.182914022910033, -21.816484990126288 ], [ -43.182914022910033, -21.820976566546886 ], [ -43.178422446489435, -21.820976566546886 ], [ -43.178422446489435, -21.816484990126288 ], [ -43.182914022910033, -21.816484990126288 ] ], [ [ -43.232321363536606, -21.825468142967484 ], [ -43.236812939957204, -21.825468142967484 ], [ -43.236812939957204, -21.829959719388082 ], [ -43.232321363536606, -21.829959719388082 ], [ -43.232321363536606, -21.825468142967484 ] ], [ [ -43.254779245639597, -21.811993413705689 ], [ -43.254779245639597, -21.7940271080233 ], [ -43.259270822060195, -21.7940271080233 ], [ -43.259270822060195, -21.798518684443899 ], [ -43.263762398480793, -21.798518684443899 ], [ -43.263762398480793, -21.811993413705689 ], [ -43.254779245639597, -21.811993413705689 ] ], [ [ -43.299695009845571, -21.798518684443899 ], [ -43.295203433424973, -21.798518684443899 ], [ -43.295203433424973, -21.7940271080233 ], [ -43.299695009845571, -21.7940271080233 ], [ -43.299695009845571, -21.798518684443899 ] ], [ [ -43.281728704163179, -21.785043955182104 ], [ -43.272745551321982, -21.785043955182104 ], [ -43.272745551321982, -21.780552378761509 ], [ -43.281728704163179, -21.780552378761509 ], [ -43.281728704163179, -21.785043955182104 ] ], [ [ -43.286220280583777, -21.785043955182104 ], [ -43.286220280583777, -21.789535531602702 ], [ -43.281728704163179, -21.789535531602702 ], [ -43.281728704163179, -21.785043955182104 ], [ -43.286220280583777, -21.785043955182104 ] ], [ [ -43.308678162686768, -21.713178732452544 ], [ -43.313169739107366, -21.713178732452544 ], [ -43.313169739107366, -21.717670308873142 ], [ -43.308678162686768, -21.717670308873142 ], [ -43.308678162686768, -21.713178732452544 ] ], [ [ -43.304186586266169, -21.713178732452544 ], [ -43.304186586266169, -21.708687156031946 ], [ -43.308678162686768, -21.708687156031946 ], [ -43.308678162686768, -21.713178732452544 ], [ -43.304186586266169, -21.713178732452544 ] ], [ [ -43.308678162686768, -21.704195579611348 ], [ -43.313169739107366, -21.704195579611348 ], [ -43.313169739107366, -21.708687156031946 ], [ -43.308678162686768, -21.708687156031946 ], [ -43.308678162686768, -21.704195579611348 ] ], [ [ -43.268253974901391, -21.771569225920313 ], [ -43.272745551321982, -21.771569225920313 ], [ -43.272745551321982, -21.776060802340911 ], [ -43.268253974901391, -21.776060802340911 ], [ -43.268253974901391, -21.771569225920313 ] ], [ [ -43.196388752171828, -21.807501837285095 ], [ -43.196388752171828, -21.811993413705689 ], [ -43.19189717575123, -21.811993413705689 ], [ -43.19189717575123, -21.820976566546886 ], [ -43.187405599330631, -21.820976566546886 ], [ -43.187405599330631, -21.811993413705689 ], [ -43.182914022910033, -21.811993413705689 ], [ -43.182914022910033, -21.807501837285095 ], [ -43.19189717575123, -21.807501837285095 ], [ -43.19189717575123, -21.803010260864497 ], [ -43.196388752171828, -21.803010260864497 ], [ -43.196388752171828, -21.798518684443899 ], [ -43.200880328592426, -21.798518684443899 ], [ -43.200880328592426, -21.771569225920313 ], [ -43.205371905013024, -21.771569225920313 ], [ -43.205371905013024, -21.780552378761509 ], [ -43.209863481433622, -21.780552378761509 ], [ -43.209863481433622, -21.789535531602702 ], [ -43.21435505785422, -21.789535531602702 ], [ -43.21435505785422, -21.7940271080233 ], [ -43.218846634274811, -21.7940271080233 ], [ -43.218846634274811, -21.798518684443899 ], [ -43.21435505785422, -21.798518684443899 ], [ -43.21435505785422, -21.807501837285095 ], [ -43.209863481433622, -21.807501837285095 ], [ -43.209863481433622, -21.803010260864497 ], [ -43.205371905013024, -21.803010260864497 ], [ -43.205371905013024, -21.811993413705689 ], [ -43.200880328592426, -21.811993413705689 ], [ -43.200880328592426, -21.807501837285095 ], [ -43.196388752171828, -21.807501837285095 ] ], [ [ -43.218846634274811, -21.789535531602702 ], [ -43.227829787116008, -21.789535531602702 ], [ -43.227829787116008, -21.7940271080233 ], [ -43.232321363536606, -21.7940271080233 ], [ -43.232321363536606, -21.798518684443899 ], [ -43.22333821069541, -21.798518684443899 ], [ -43.22333821069541, -21.7940271080233 ], [ -43.218846634274811, -21.7940271080233 ], [ -43.218846634274811, -21.789535531602702 ] ], [ [ -43.232321363536606, -21.789535531602702 ], [ -43.236812939957204, -21.789535531602702 ], [ -43.236812939957204, -21.7940271080233 ], [ -43.232321363536606, -21.7940271080233 ], [ -43.232321363536606, -21.789535531602702 ] ], [ [ -43.241304516377802, -21.7940271080233 ], [ -43.241304516377802, -21.798518684443899 ], [ -43.236812939957204, -21.798518684443899 ], [ -43.236812939957204, -21.7940271080233 ], [ -43.241304516377802, -21.7940271080233 ] ], [ [ -43.218846634274811, -21.807501837285095 ], [ -43.218846634274811, -21.811993413705689 ], [ -43.21435505785422, -21.811993413705689 ], [ -43.21435505785422, -21.807501837285095 ], [ -43.218846634274811, -21.807501837285095 ] ], [ [ -43.236812939957204, -21.776060802340911 ], [ -43.241304516377802, -21.776060802340911 ], [ -43.241304516377802, -21.785043955182104 ], [ -43.236812939957204, -21.785043955182104 ], [ -43.236812939957204, -21.776060802340911 ] ], [ [ -43.218846634274811, -21.780552378761509 ], [ -43.22333821069541, -21.780552378761509 ], [ -43.22333821069541, -21.785043955182104 ], [ -43.218846634274811, -21.785043955182104 ], [ -43.218846634274811, -21.780552378761509 ] ], [ [ -43.268253974901391, -21.7940271080233 ], [ -43.263762398480793, -21.7940271080233 ], [ -43.263762398480793, -21.789535531602702 ], [ -43.259270822060195, -21.789535531602702 ], [ -43.259270822060195, -21.785043955182104 ], [ -43.268253974901391, -21.785043955182104 ], [ -43.268253974901391, -21.7940271080233 ] ], [ [ -43.286220280583777, -21.803010260864497 ], [ -43.281728704163179, -21.803010260864497 ], [ -43.281728704163179, -21.798518684443899 ], [ -43.27723712774258, -21.798518684443899 ], [ -43.27723712774258, -21.7940271080233 ], [ -43.286220280583777, -21.7940271080233 ], [ -43.286220280583777, -21.803010260864497 ] ], [ [ -43.308678162686768, -21.803010260864497 ], [ -43.317661315527964, -21.803010260864497 ], [ -43.317661315527964, -21.807501837285095 ], [ -43.313169739107366, -21.807501837285095 ], [ -43.313169739107366, -21.811993413705689 ], [ -43.317661315527964, -21.811993413705689 ], [ -43.317661315527964, -21.816484990126288 ], [ -43.308678162686768, -21.816484990126288 ], [ -43.308678162686768, -21.803010260864497 ] ], [ [ -43.232321363536606, -21.816484990126288 ], [ -43.236812939957204, -21.816484990126288 ], [ -43.236812939957204, -21.820976566546886 ], [ -43.232321363536606, -21.820976566546886 ], [ -43.232321363536606, -21.816484990126288 ] ] ], [ [ [ -43.326644468369153, -21.767077649499715 ], [ -43.326644468369153, -21.762586073079117 ], [ -43.322152891948562, -21.762586073079117 ], [ -43.322152891948562, -21.767077649499715 ], [ -43.326644468369153, -21.767077649499715 ] ] ], [ [ [ -43.286220280583777, -21.767077649499715 ], [ -43.290711857004375, -21.767077649499715 ], [ -43.290711857004375, -21.762586073079117 ], [ -43.286220280583777, -21.762586073079117 ], [ -43.286220280583777, -21.767077649499715 ] ] ], [ [ [ -43.308678162686768, -21.758094496658519 ], [ -43.308678162686768, -21.762586073079117 ], [ -43.304186586266169, -21.762586073079117 ], [ -43.304186586266169, -21.767077649499715 ], [ -43.313169739107366, -21.767077649499715 ], [ -43.313169739107366, -21.758094496658519 ], [ -43.308678162686768, -21.758094496658519 ] ] ], [ [ [ -43.331136044789751, -21.762586073079117 ], [ -43.331136044789751, -21.758094496658519 ], [ -43.326644468369153, -21.758094496658519 ], [ -43.326644468369153, -21.762586073079117 ], [ -43.331136044789751, -21.762586073079117 ] ] ], [ [ [ -43.286220280583777, -21.762586073079117 ], [ -43.286220280583777, -21.758094496658519 ], [ -43.281728704163179, -21.758094496658519 ], [ -43.281728704163179, -21.762586073079117 ], [ -43.286220280583777, -21.762586073079117 ] ] ], [ [ [ -43.250287669218999, -21.762586073079117 ], [ -43.250287669218999, -21.749111343817326 ], [ -43.2457960927984, -21.749111343817326 ], [ -43.2457960927984, -21.762586073079117 ], [ -43.250287669218999, -21.762586073079117 ] ] ], [ [ [ -43.308678162686768, -21.758094496658519 ], [ -43.308678162686768, -21.744619767396728 ], [ -43.299695009845571, -21.744619767396728 ], [ -43.299695009845571, -21.749111343817326 ], [ -43.304186586266169, -21.749111343817326 ], [ -43.304186586266169, -21.753602920237924 ], [ -43.299695009845571, -21.753602920237924 ], [ -43.299695009845571, -21.758094496658519 ], [ -43.308678162686768, -21.758094496658519 ] ] ], [ [ [ -43.331136044789751, -21.744619767396728 ], [ -43.331136044789751, -21.735636614555531 ], [ -43.326644468369153, -21.735636614555531 ], [ -43.326644468369153, -21.744619767396728 ], [ -43.331136044789751, -21.744619767396728 ] ] ], [ [ [ -43.286220280583777, -21.735636614555531 ], [ -43.286220280583777, -21.731145038134933 ], [ -43.27723712774258, -21.731145038134933 ], [ -43.27723712774258, -21.735636614555531 ], [ -43.286220280583777, -21.735636614555531 ] ] ], [ [ [ -43.299695009845571, -21.731145038134933 ], [ -43.299695009845571, -21.726653461714339 ], [ -43.295203433424973, -21.726653461714339 ], [ -43.295203433424973, -21.717670308873142 ], [ -43.281728704163179, -21.717670308873142 ], [ -43.281728704163179, -21.72216188529374 ], [ -43.286220280583777, -21.72216188529374 ], [ -43.286220280583777, -21.726653461714339 ], [ -43.290711857004375, -21.726653461714339 ], [ -43.290711857004375, -21.731145038134933 ], [ -43.299695009845571, -21.731145038134933 ] ] ], [ [ [ -43.331136044789751, -21.726653461714339 ], [ -43.331136044789751, -21.72216188529374 ], [ -43.326644468369153, -21.72216188529374 ], [ -43.326644468369153, -21.726653461714339 ], [ -43.331136044789751, -21.726653461714339 ] ] ], [ [ [ -43.33562762121035, -21.699704003190753 ], [ -43.33562762121035, -21.690720850349557 ], [ -43.326644468369153, -21.690720850349557 ], [ -43.326644468369153, -21.686229273928959 ], [ -43.304186586266169, -21.686229273928959 ], [ -43.304186586266169, -21.690720850349557 ], [ -43.317661315527964, -21.690720850349557 ], [ -43.317661315527964, -21.695212426770155 ], [ -43.326644468369153, -21.695212426770155 ], [ -43.326644468369153, -21.699704003190753 ], [ -43.33562762121035, -21.699704003190753 ] ] ], [ [ [ -43.268253974901391, -21.695212426770155 ], [ -43.268253974901391, -21.686229273928959 ], [ -43.263762398480793, -21.686229273928959 ], [ -43.263762398480793, -21.695212426770155 ], [ -43.268253974901391, -21.695212426770155 ] ] ], [ [ [ -43.317661315527964, -21.672754544667164 ], [ -43.317661315527964, -21.668262968246569 ], [ -43.313169739107366, -21.668262968246569 ], [ -43.313169739107366, -21.672754544667164 ], [ -43.317661315527964, -21.672754544667164 ] ] ], [ [ [ -43.299695009845571, -21.663771391825971 ], [ -43.299695009845571, -21.659279815405373 ], [ -43.295203433424973, -21.659279815405373 ], [ -43.295203433424973, -21.663771391825971 ], [ -43.299695009845571, -21.663771391825971 ] ] ], [ [ [ -43.299695009845571, -21.654788238984775 ], [ -43.299695009845571, -21.659279815405373 ], [ -43.304186586266169, -21.659279815405373 ], [ -43.304186586266169, -21.654788238984775 ], [ -43.299695009845571, -21.654788238984775 ] ] ] ] } },
{ "type": "Feature", "properties": { "lcz": 14.0, "zcl_classe": "LCZ D", "descricao": "Low plants – gramados, campos", "efeito_temp": "Suaviza temperaturas durante o dia, pouco efeito noturno.", "ilha_calor": "Mitigação leve a moderada.", "intervencao": "Expandir áreas permeáveis e gramados.", "area_km2": 6.5364598324299616e-09 }, "geometry": { "type": "MultiPolygon", "coordinates": [ [ [ [ -43.578172747922622, -21.991656470529595 ], [ -43.578172747922622, -21.987164894108997 ], [ -43.573681171502024, -21.987164894108997 ], [ -43.573681171502024, -21.991656470529595 ], [ -43.578172747922622, -21.991656470529595 ] ] ], [ [ [ -43.627580088549195, -21.90631651853824 ], [ -43.627580088549195, -21.901824942117642 ], [ -43.623088512128597, -21.901824942117642 ], [ -43.623088512128597, -21.90631651853824 ], [ -43.627580088549195, -21.90631651853824 ] ] ], [ [ [ -43.650037970652185, -21.90631651853824 ], [ -43.650037970652185, -21.901824942117642 ], [ -43.641054817810989, -21.901824942117642 ], [ -43.641054817810989, -21.90631651853824 ], [ -43.650037970652185, -21.90631651853824 ] ] ], [ [ [ -43.573681171502024, -21.883858636435253 ], [ -43.573681171502024, -21.879367060014655 ], [ -43.569189595081426, -21.879367060014655 ], [ -43.569189595081426, -21.883858636435253 ], [ -43.573681171502024, -21.883858636435253 ] ] ], [ [ [ -43.578172747922622, -21.879367060014655 ], [ -43.578172747922622, -21.874875483594057 ], [ -43.573681171502024, -21.874875483594057 ], [ -43.573681171502024, -21.879367060014655 ], [ -43.578172747922622, -21.879367060014655 ] ] ], [ [ [ -43.600630630025613, -21.865892330752864 ], [ -43.600630630025613, -21.874875483594057 ], [ -43.609613782866802, -21.874875483594057 ], [ -43.609613782866802, -21.870383907173458 ], [ -43.605122206446204, -21.870383907173458 ], [ -43.605122206446204, -21.865892330752864 ], [ -43.600630630025613, -21.865892330752864 ] ] ], [ [ [ -43.605122206446204, -21.861400754332266 ], [ -43.605122206446204, -21.856909177911668 ], [ -43.600630630025613, -21.856909177911668 ], [ -43.600630630025613, -21.861400754332266 ], [ -43.605122206446204, -21.861400754332266 ] ] ], [ [ [ -43.578172747922622, -21.847926025070471 ], [ -43.578172747922622, -21.843434448649873 ], [ -43.573681171502024, -21.843434448649873 ], [ -43.573681171502024, -21.847926025070471 ], [ -43.578172747922622, -21.847926025070471 ] ] ], [ [ [ -43.591647477184416, -21.847926025070471 ], [ -43.591647477184416, -21.843434448649873 ], [ -43.587155900763818, -21.843434448649873 ], [ -43.587155900763818, -21.847926025070471 ], [ -43.591647477184416, -21.847926025070471 ] ] ], [ [ [ -43.627580088549195, -21.838942872229275 ], [ -43.627580088549195, -21.83445129580868 ], [ -43.6141053592874, -21.83445129580868 ], [ -43.6141053592874, -21.843434448649873 ], [ -43.618596935707998, -21.843434448649873 ], [ -43.618596935707998, -21.847926025070471 ], [ -43.623088512128597, -21.847926025070471 ], [ -43.623088512128597, -21.838942872229275 ], [ -43.627580088549195, -21.838942872229275 ] ] ], [ [ [ -43.58266432434322, -21.838942872229275 ], [ -43.58266432434322, -21.83445129580868 ], [ -43.578172747922622, -21.83445129580868 ], [ -43.578172747922622, -21.838942872229275 ], [ -43.58266432434322, -21.838942872229275 ] ] ], [ [ [ -43.632071664969793, -21.829959719388082 ], [ -43.632071664969793, -21.825468142967484 ], [ -43.623088512128597, -21.825468142967484 ], [ -43.623088512128597, -21.829959719388082 ], [ -43.632071664969793, -21.829959719388082 ] ] ], [ [ [ -43.58266432434322, -21.811993413705689 ], [ -43.58266432434322, -21.820976566546886 ], [ -43.591647477184416, -21.820976566546886 ], [ -43.591647477184416, -21.816484990126288 ], [ -43.587155900763818, -21.816484990126288 ], [ -43.587155900763818, -21.811993413705689 ], [ -43.58266432434322, -21.811993413705689 ] ] ], [ [ [ -43.578172747922622, -21.811993413705689 ], [ -43.578172747922622, -21.807501837285095 ], [ -43.569189595081426, -21.807501837285095 ], [ -43.569189595081426, -21.811993413705689 ], [ -43.564698018660827, -21.811993413705689 ], [ -43.564698018660827, -21.816484990126288 ], [ -43.573681171502024, -21.816484990126288 ], [ -43.573681171502024, -21.811993413705689 ], [ -43.578172747922622, -21.811993413705689 ] ] ], [ [ [ -43.609613782866802, -21.811993413705689 ], [ -43.609613782866802, -21.807501837285095 ], [ -43.605122206446204, -21.807501837285095 ], [ -43.605122206446204, -21.811993413705689 ], [ -43.609613782866802, -21.811993413705689 ] ] ], [ [ [ -43.641054817810989, -21.7940271080233 ], [ -43.641054817810989, -21.789535531602702 ], [ -43.636563241390391, -21.789535531602702 ], [ -43.636563241390391, -21.7940271080233 ], [ -43.641054817810989, -21.7940271080233 ] ] ], [ [ [ -43.627580088549195, -21.789535531602702 ], [ -43.627580088549195, -21.785043955182104 ], [ -43.623088512128597, -21.785043955182104 ], [ -43.623088512128597, -21.789535531602702 ], [ -43.627580088549195, -21.789535531602702 ] ] ], [ [ [ -43.578172747922622, -21.789535531602702 ], [ -43.578172747922622, -21.785043955182104 ], [ -43.573681171502024, -21.785043955182104 ], [ -43.573681171502024, -21.789535531602702 ], [ -43.578172747922622, -21.789535531602702 ] ] ], [ [ [ -43.650037970652185, -21.789535531602702 ], [ -43.650037970652185, -21.785043955182104 ], [ -43.645546394231587, -21.785043955182104 ], [ -43.645546394231587, -21.789535531602702 ], [ -43.650037970652185, -21.789535531602702 ] ] ], [ [ [ -43.645546394231587, -21.776060802340911 ], [ -43.645546394231587, -21.771569225920313 ], [ -43.641054817810989, -21.771569225920313 ], [ -43.641054817810989, -21.776060802340911 ], [ -43.645546394231587, -21.776060802340911 ] ] ], [ [ [ -43.618596935707998, -21.776060802340911 ], [ -43.618596935707998, -21.771569225920313 ], [ -43.623088512128597, -21.771569225920313 ], [ -43.623088512128597, -21.767077649499715 ], [ -43.6141053592874, -21.767077649499715 ], [ -43.6141053592874, -21.771569225920313 ], [ -43.605122206446204, -21.771569225920313 ], [ -43.605122206446204, -21.780552378761509 ], [ -43.6141053592874, -21.780552378761509 ], [ -43.6141053592874, -21.776060802340911 ], [ -43.618596935707998, -21.776060802340911 ] ] ], [ [ [ -43.58266432434322, -21.767077649499715 ], [ -43.58266432434322, -21.762586073079117 ], [ -43.578172747922622, -21.762586073079117 ], [ -43.578172747922622, -21.767077649499715 ], [ -43.58266432434322, -21.767077649499715 ] ] ], [ [ [ -43.636563241390391, -21.762586073079117 ], [ -43.636563241390391, -21.758094496658519 ], [ -43.632071664969793, -21.758094496658519 ], [ -43.632071664969793, -21.762586073079117 ], [ -43.636563241390391, -21.762586073079117 ] ] ], [ [ [ -43.58266432434322, -21.731145038134933 ], [ -43.58266432434322, -21.726653461714339 ], [ -43.573681171502024, -21.726653461714339 ], [ -43.573681171502024, -21.731145038134933 ], [ -43.58266432434322, -21.731145038134933 ] ] ], [ [ [ -43.676987429175767, -21.713178732452544 ], [ -43.676987429175767, -21.704195579611348 ], [ -43.672495852755169, -21.704195579611348 ], [ -43.672495852755169, -21.713178732452544 ], [ -43.676987429175767, -21.713178732452544 ] ] ], [ [ [ -43.659021123493375, -21.704195579611348 ], [ -43.659021123493375, -21.713178732452544 ], [ -43.663512699913973, -21.713178732452544 ], [ -43.663512699913973, -21.708687156031946 ], [ -43.668004276334571, -21.708687156031946 ], [ -43.668004276334571, -21.704195579611348 ], [ -43.659021123493375, -21.704195579611348 ] ] ], [ [ [ -43.578172747922622, -21.690720850349557 ], [ -43.573681171502024, -21.690720850349557 ], [ -43.573681171502024, -21.695212426770155 ], [ -43.578172747922622, -21.695212426770155 ], [ -43.578172747922622, -21.690720850349557 ] ] ], [ [ [ -43.564698018660827, -21.690720850349557 ], [ -43.573681171502024, -21.690720850349557 ], [ -43.573681171502024, -21.686229273928959 ], [ -43.564698018660827, -21.686229273928959 ], [ -43.564698018660827, -21.690720850349557 ] ] ], [ [ [ -43.609613782866802, -21.686229273928959 ], [ -43.609613782866802, -21.68173769750836 ], [ -43.596139053605015, -21.68173769750836 ], [ -43.596139053605015, -21.686229273928959 ], [ -43.600630630025613, -21.686229273928959 ], [ -43.600630630025613, -21.690720850349557 ], [ -43.605122206446204, -21.690720850349557 ], [ -43.605122206446204, -21.686229273928959 ], [ -43.609613782866802, -21.686229273928959 ] ] ], [ [ [ -43.650037970652185, -21.686229273928959 ], [ -43.650037970652185, -21.677246121087762 ], [ -43.645546394231587, -21.677246121087762 ], [ -43.645546394231587, -21.686229273928959 ], [ -43.650037970652185, -21.686229273928959 ] ] ], [ [ [ -43.663512699913973, -21.68173769750836 ], [ -43.663512699913973, -21.677246121087762 ], [ -43.659021123493375, -21.677246121087762 ], [ -43.659021123493375, -21.68173769750836 ], [ -43.663512699913973, -21.68173769750836 ] ] ], [ [ [ -43.654529547072784, -21.672754544667164 ], [ -43.654529547072784, -21.668262968246569 ], [ -43.650037970652185, -21.668262968246569 ], [ -43.650037970652185, -21.672754544667164 ], [ -43.654529547072784, -21.672754544667164 ] ] ], [ [ [ -43.578172747922622, -21.641313509722984 ], [ -43.578172747922622, -21.632330356881788 ], [ -43.573681171502024, -21.632330356881788 ], [ -43.573681171502024, -21.641313509722984 ], [ -43.578172747922622, -21.641313509722984 ] ] ], [ [ [ -43.542240136557844, -21.964707012006009 ], [ -43.542240136557844, -21.973690164847206 ], [ -43.546731712978442, -21.973690164847206 ], [ -43.546731712978442, -21.9781817412678 ], [ -43.551223289399033, -21.9781817412678 ], [ -43.551223289399033, -21.964707012006009 ], [ -43.542240136557844, -21.964707012006009 ] ] ], [ [ [ -43.542240136557844, -21.951232282744215 ], [ -43.542240136557844, -21.960215435585411 ], [ -43.551223289399033, -21.960215435585411 ], [ -43.551223289399033, -21.955723859164813 ], [ -43.546731712978442, -21.955723859164813 ], [ -43.546731712978442, -21.951232282744215 ], [ -43.542240136557844, -21.951232282744215 ] ] ], [ [ [ -43.524273830875451, -21.942249129903022 ], [ -43.524273830875451, -21.937757553482424 ], [ -43.515290678034255, -21.937757553482424 ], [ -43.515290678034255, -21.942249129903022 ], [ -43.524273830875451, -21.942249129903022 ] ] ], [ [ [ -43.50181594877246, -21.928774400641228 ], [ -43.50181594877246, -21.933265977061826 ], [ -43.506307525193058, -21.933265977061826 ], [ -43.506307525193058, -21.937757553482424 ], [ -43.510799101613657, -21.937757553482424 ], [ -43.510799101613657, -21.928774400641228 ], [ -43.50181594877246, -21.928774400641228 ] ] ], [ [ [ -43.533256983716647, -21.928774400641228 ], [ -43.533256983716647, -21.924282824220629 ], [ -43.528765407296049, -21.924282824220629 ], [ -43.528765407296049, -21.928774400641228 ], [ -43.533256983716647, -21.928774400641228 ] ] ], [ [ [ -43.528765407296049, -21.924282824220629 ], [ -43.528765407296049, -21.919791247800035 ], [ -43.519782254454853, -21.919791247800035 ], [ -43.519782254454853, -21.924282824220629 ], [ -43.528765407296049, -21.924282824220629 ] ] ], [ [ [ -43.569189595081426, -21.924282824220629 ], [ -43.569189595081426, -21.919791247800035 ], [ -43.555714865819631, -21.919791247800035 ], [ -43.555714865819631, -21.924282824220629 ], [ -43.569189595081426, -21.924282824220629 ] ] ], [ [ [ -43.528765407296049, -21.861400754332266 ], [ -43.528765407296049, -21.856909177911668 ], [ -43.524273830875451, -21.856909177911668 ], [ -43.524273830875451, -21.861400754332266 ], [ -43.528765407296049, -21.861400754332266 ] ] ], [ [ [ -43.537748560137246, -21.83445129580868 ], [ -43.537748560137246, -21.829959719388082 ], [ -43.533256983716647, -21.829959719388082 ], [ -43.533256983716647, -21.83445129580868 ], [ -43.537748560137246, -21.83445129580868 ] ] ], [ [ [ -43.533256983716647, -21.7940271080233 ], [ -43.533256983716647, -21.789535531602702 ], [ -43.528765407296049, -21.789535531602702 ], [ -43.528765407296049, -21.7940271080233 ], [ -43.533256983716647, -21.7940271080233 ] ] ], [ [ [ -43.497324372351862, -21.789535531602702 ], [ -43.497324372351862, -21.785043955182104 ], [ -43.492832795931264, -21.785043955182104 ], [ -43.492832795931264, -21.789535531602702 ], [ -43.497324372351862, -21.789535531602702 ] ] ], [ [ [ -43.479358066669477, -21.776060802340911 ], [ -43.474866490248878, -21.776060802340911 ], [ -43.474866490248878, -21.780552378761509 ], [ -43.479358066669477, -21.780552378761509 ], [ -43.479358066669477, -21.776060802340911 ] ] ], [ [ [ -43.47037491382828, -21.776060802340911 ], [ -43.474866490248878, -21.776060802340911 ], [ -43.474866490248878, -21.771569225920313 ], [ -43.47037491382828, -21.771569225920313 ], [ -43.47037491382828, -21.776060802340911 ] ] ], [ [ [ -43.524273830875451, -21.767077649499715 ], [ -43.524273830875451, -21.762586073079117 ], [ -43.519782254454853, -21.762586073079117 ], [ -43.519782254454853, -21.767077649499715 ], [ -43.524273830875451, -21.767077649499715 ] ] ], [ [ [ -43.492832795931264, -21.767077649499715 ], [ -43.492832795931264, -21.771569225920313 ], [ -43.497324372351862, -21.771569225920313 ], [ -43.497324372351862, -21.758094496658519 ], [ -43.492832795931264, -21.758094496658519 ], [ -43.492832795931264, -21.762586073079117 ], [ -43.488341219510673, -21.762586073079117 ], [ -43.488341219510673, -21.749111343817326 ], [ -43.479358066669477, -21.749111343817326 ], [ -43.479358066669477, -21.767077649499715 ], [ -43.483849643090075, -21.767077649499715 ], [ -43.483849643090075, -21.771569225920313 ], [ -43.488341219510673, -21.771569225920313 ], [ -43.488341219510673, -21.767077649499715 ], [ -43.492832795931264, -21.767077649499715 ] ] ], [ [ [ -43.510799101613657, -21.762586073079117 ], [ -43.510799101613657, -21.758094496658519 ], [ -43.506307525193058, -21.758094496658519 ], [ -43.506307525193058, -21.762586073079117 ], [ -43.510799101613657, -21.762586073079117 ] ] ], [ [ [ -43.510799101613657, -21.753602920237924 ], [ -43.510799101613657, -21.758094496658519 ], [ -43.515290678034255, -21.758094496658519 ], [ -43.515290678034255, -21.753602920237924 ], [ -43.510799101613657, -21.753602920237924 ] ] ], [ [ [ -43.546731712978442, -21.744619767396728 ], [ -43.546731712978442, -21.749111343817326 ], [ -43.551223289399033, -21.749111343817326 ], [ -43.551223289399033, -21.753602920237924 ], [ -43.555714865819631, -21.753602920237924 ], [ -43.555714865819631, -21.744619767396728 ], [ -43.546731712978442, -21.744619767396728 ] ] ], [ [ [ -43.474866490248878, -21.749111343817326 ], [ -43.474866490248878, -21.744619767396728 ], [ -43.47037491382828, -21.744619767396728 ], [ -43.47037491382828, -21.749111343817326 ], [ -43.474866490248878, -21.749111343817326 ] ] ], [ [ [ -43.479358066669477, -21.731145038134933 ], [ -43.479358066669477, -21.740128190976129 ], [ -43.483849643090075, -21.740128190976129 ], [ -43.483849643090075, -21.735636614555531 ], [ -43.488341219510673, -21.735636614555531 ], [ -43.488341219510673, -21.731145038134933 ], [ -43.479358066669477, -21.731145038134933 ] ] ], [ [ [ -43.537748560137246, -21.740128190976129 ], [ -43.537748560137246, -21.731145038134933 ], [ -43.533256983716647, -21.731145038134933 ], [ -43.533256983716647, -21.726653461714339 ], [ -43.519782254454853, -21.726653461714339 ], [ -43.519782254454853, -21.731145038134933 ], [ -43.524273830875451, -21.731145038134933 ], [ -43.524273830875451, -21.735636614555531 ], [ -43.533256983716647, -21.735636614555531 ], [ -43.533256983716647, -21.740128190976129 ], [ -43.537748560137246, -21.740128190976129 ] ] ], [ [ [ -43.488341219510673, -21.72216188529374 ], [ -43.488341219510673, -21.731145038134933 ], [ -43.492832795931264, -21.731145038134933 ], [ -43.492832795931264, -21.726653461714339 ], [ -43.497324372351862, -21.726653461714339 ], [ -43.497324372351862, -21.72216188529374 ], [ -43.488341219510673, -21.72216188529374 ] ] ], [ [ [ -43.483849643090075, -21.717670308873142 ], [ -43.483849643090075, -21.713178732452544 ], [ -43.479358066669477, -21.713178732452544 ], [ -43.479358066669477, -21.717670308873142 ], [ -43.483849643090075, -21.717670308873142 ] ] ], [ [ [ -43.524273830875451, -21.717670308873142 ], [ -43.524273830875451, -21.708687156031946 ], [ -43.519782254454853, -21.708687156031946 ], [ -43.519782254454853, -21.717670308873142 ], [ -43.524273830875451, -21.717670308873142 ] ] ], [ [ [ -43.488341219510673, -21.695212426770155 ], [ -43.488341219510673, -21.699704003190753 ], [ -43.492832795931264, -21.699704003190753 ], [ -43.492832795931264, -21.704195579611348 ], [ -43.497324372351862, -21.704195579611348 ], [ -43.497324372351862, -21.695212426770155 ], [ -43.488341219510673, -21.695212426770155 ] ] ], [ [ [ -43.506307525193058, -21.695212426770155 ], [ -43.506307525193058, -21.690720850349557 ], [ -43.50181594877246, -21.690720850349557 ], [ -43.50181594877246, -21.695212426770155 ], [ -43.506307525193058, -21.695212426770155 ] ] ], [ [ [ -43.474866490248878, -21.677246121087762 ], [ -43.474866490248878, -21.672754544667164 ], [ -43.47037491382828, -21.672754544667164 ], [ -43.47037491382828, -21.677246121087762 ], [ -43.474866490248878, -21.677246121087762 ] ] ], [ [ [ -43.479358066669477, -21.668262968246569 ], [ -43.479358066669477, -21.677246121087762 ], [ -43.492832795931264, -21.677246121087762 ], [ -43.492832795931264, -21.672754544667164 ], [ -43.488341219510673, -21.672754544667164 ], [ -43.488341219510673, -21.668262968246569 ], [ -43.479358066669477, -21.668262968246569 ] ] ], [ [ [ -43.474866490248878, -21.668262968246569 ], [ -43.474866490248878, -21.663771391825971 ], [ -43.47037491382828, -21.663771391825971 ], [ -43.47037491382828, -21.668262968246569 ], [ -43.474866490248878, -21.668262968246569 ] ] ], [ [ [ -43.510799101613657, -21.659279815405373 ], [ -43.510799101613657, -21.654788238984775 ], [ -43.50181594877246, -21.654788238984775 ], [ -43.50181594877246, -21.659279815405373 ], [ -43.510799101613657, -21.659279815405373 ] ] ], [ [ [ -43.524273830875451, -21.645805086143579 ], [ -43.519782254454853, -21.645805086143579 ], [ -43.519782254454853, -21.650296662564177 ], [ -43.524273830875451, -21.650296662564177 ], [ -43.524273830875451, -21.645805086143579 ] ] ], [ [ [ -43.524273830875451, -21.600889321937604 ], [ -43.519782254454853, -21.600889321937604 ], [ -43.519782254454853, -21.605380898358202 ], [ -43.524273830875451, -21.605380898358202 ], [ -43.524273830875451, -21.600889321937604 ] ] ], [ [ [ -43.519782254454853, -21.596397745517006 ], [ -43.519782254454853, -21.591906169096408 ], [ -43.515290678034255, -21.591906169096408 ], [ -43.515290678034255, -21.596397745517006 ], [ -43.519782254454853, -21.596397745517006 ] ] ], [ [ [ -43.380543385416331, -21.892841789276449 ], [ -43.380543385416331, -21.888350212855851 ], [ -43.376051808995733, -21.888350212855851 ], [ -43.376051808995733, -21.892841789276449 ], [ -43.380543385416331, -21.892841789276449 ] ] ], [ [ [ -43.394018114678119, -21.888350212855851 ], [ -43.394018114678119, -21.883858636435253 ], [ -43.385034961836922, -21.883858636435253 ], [ -43.385034961836922, -21.888350212855851 ], [ -43.394018114678119, -21.888350212855851 ] ] ], [ [ [ -43.394018114678119, -21.879367060014655 ], [ -43.394018114678119, -21.870383907173458 ], [ -43.38952653825752, -21.870383907173458 ], [ -43.38952653825752, -21.879367060014655 ], [ -43.394018114678119, -21.879367060014655 ] ] ], [ [ [ -43.416475996781109, -21.870383907173458 ], [ -43.416475996781109, -21.865892330752864 ], [ -43.407492843939913, -21.865892330752864 ], [ -43.407492843939913, -21.870383907173458 ], [ -43.416475996781109, -21.870383907173458 ] ] ], [ [ [ -43.420967573201708, -21.771569225920313 ], [ -43.420967573201708, -21.762586073079117 ], [ -43.416475996781109, -21.762586073079117 ], [ -43.416475996781109, -21.758094496658519 ], [ -43.411984420360511, -21.758094496658519 ], [ -43.411984420360511, -21.749111343817326 ], [ -43.403001267519315, -21.749111343817326 ], [ -43.403001267519315, -21.758094496658519 ], [ -43.407492843939913, -21.758094496658519 ], [ -43.407492843939913, -21.767077649499715 ], [ -43.416475996781109, -21.767077649499715 ], [ -43.416475996781109, -21.771569225920313 ], [ -43.420967573201708, -21.771569225920313 ] ] ], [ [ [ -43.461391760987084, -21.726653461714339 ], [ -43.461391760987084, -21.72216188529374 ], [ -43.456900184566486, -21.72216188529374 ], [ -43.456900184566486, -21.726653461714339 ], [ -43.461391760987084, -21.726653461714339 ] ] ], [ [ [ -43.371560232575135, -21.713178732452544 ], [ -43.371560232575135, -21.717670308873142 ], [ -43.367068656154537, -21.717670308873142 ], [ -43.367068656154537, -21.72216188529374 ], [ -43.376051808995733, -21.72216188529374 ], [ -43.376051808995733, -21.713178732452544 ], [ -43.371560232575135, -21.713178732452544 ] ] ], [ [ [ -43.461391760987084, -21.713178732452544 ], [ -43.461391760987084, -21.708687156031946 ], [ -43.456900184566486, -21.708687156031946 ], [ -43.456900184566486, -21.713178732452544 ], [ -43.461391760987084, -21.713178732452544 ] ] ], [ [ [ -43.465883337407682, -21.699704003190753 ], [ -43.465883337407682, -21.695212426770155 ], [ -43.461391760987084, -21.695212426770155 ], [ -43.461391760987084, -21.699704003190753 ], [ -43.465883337407682, -21.699704003190753 ] ] ], [ [ [ -43.376051808995733, -21.695212426770155 ], [ -43.376051808995733, -21.690720850349557 ], [ -43.371560232575135, -21.690720850349557 ], [ -43.371560232575135, -21.695212426770155 ], [ -43.376051808995733, -21.695212426770155 ] ] ], [ [ [ -43.47037491382828, -21.686229273928959 ], [ -43.47037491382828, -21.68173769750836 ], [ -43.461391760987084, -21.68173769750836 ], [ -43.461391760987084, -21.686229273928959 ], [ -43.47037491382828, -21.686229273928959 ] ] ], [ [ [ -43.420967573201708, -21.68173769750836 ], [ -43.420967573201708, -21.672754544667164 ], [ -43.416475996781109, -21.672754544667164 ], [ -43.416475996781109, -21.68173769750836 ], [ -43.420967573201708, -21.68173769750836 ] ] ], [ [ [ -43.362577079733938, -21.677246121087762 ], [ -43.362577079733938, -21.672754544667164 ], [ -43.371560232575135, -21.672754544667164 ], [ -43.371560232575135, -21.668262968246569 ], [ -43.367068656154537, -21.668262968246569 ], [ -43.367068656154537, -21.663771391825971 ], [ -43.35808550331334, -21.663771391825971 ], [ -43.35808550331334, -21.668262968246569 ], [ -43.353593926892742, -21.668262968246569 ], [ -43.353593926892742, -21.672754544667164 ], [ -43.35808550331334, -21.672754544667164 ], [ -43.35808550331334, -21.677246121087762 ], [ -43.362577079733938, -21.677246121087762 ] ] ], [ [ [ -43.403001267519315, -21.663771391825971 ], [ -43.403001267519315, -21.668262968246569 ], [ -43.398509691098717, -21.668262968246569 ], [ -43.398509691098717, -21.672754544667164 ], [ -43.407492843939913, -21.672754544667164 ], [ -43.407492843939913, -21.663771391825971 ], [ -43.403001267519315, -21.663771391825971 ] ] ], [ [ [ -43.438933878884093, -21.668262968246569 ], [ -43.438933878884093, -21.663771391825971 ], [ -43.434442302463502, -21.663771391825971 ], [ -43.434442302463502, -21.668262968246569 ], [ -43.438933878884093, -21.668262968246569 ] ] ], [ [ [ -43.35808550331334, -21.663771391825971 ], [ -43.35808550331334, -21.659279815405373 ], [ -43.353593926892742, -21.659279815405373 ], [ -43.353593926892742, -21.663771391825971 ], [ -43.35808550331334, -21.663771391825971 ] ] ], [ [ [ -43.403001267519315, -21.654788238984775 ], [ -43.403001267519315, -21.650296662564177 ], [ -43.394018114678119, -21.650296662564177 ], [ -43.394018114678119, -21.659279815405373 ], [ -43.38952653825752, -21.659279815405373 ], [ -43.38952653825752, -21.663771391825971 ], [ -43.398509691098717, -21.663771391825971 ], [ -43.398509691098717, -21.654788238984775 ], [ -43.403001267519315, -21.654788238984775 ] ] ], [ [ [ -43.376051808995733, -21.636821933302386 ], [ -43.376051808995733, -21.632330356881788 ], [ -43.371560232575135, -21.632330356881788 ], [ -43.371560232575135, -21.636821933302386 ], [ -43.376051808995733, -21.636821933302386 ] ] ], [ [ [ -43.474866490248878, -21.636821933302386 ], [ -43.474866490248878, -21.632330356881788 ], [ -43.47037491382828, -21.632330356881788 ], [ -43.47037491382828, -21.636821933302386 ], [ -43.474866490248878, -21.636821933302386 ] ] ], [ [ [ -43.394018114678119, -21.632330356881788 ], [ -43.394018114678119, -21.62783878046119 ], [ -43.385034961836922, -21.62783878046119 ], [ -43.385034961836922, -21.632330356881788 ], [ -43.394018114678119, -21.632330356881788 ] ] ], [ [ [ -43.344610774051546, -21.645805086143579 ], [ -43.344610774051546, -21.641313509722984 ], [ -43.33562762121035, -21.641313509722984 ], [ -43.33562762121035, -21.645805086143579 ], [ -43.340119197630948, -21.645805086143579 ], [ -43.340119197630948, -21.650296662564177 ], [ -43.344610774051546, -21.650296662564177 ], [ -43.344610774051546, -21.654788238984775 ], [ -43.362577079733938, -21.654788238984775 ], [ -43.362577079733938, -21.650296662564177 ], [ -43.35808550331334, -21.650296662564177 ], [ -43.35808550331334, -21.641313509722984 ], [ -43.362577079733938, -21.641313509722984 ], [ -43.362577079733938, -21.636821933302386 ], [ -43.367068656154537, -21.636821933302386 ], [ -43.367068656154537, -21.632330356881788 ], [ -43.371560232575135, -21.632330356881788 ], [ -43.371560232575135, -21.623347204040591 ], [ -43.367068656154537, -21.623347204040591 ], [ -43.367068656154537, -21.614364051199399 ], [ -43.362577079733938, -21.614364051199399 ], [ -43.362577079733938, -21.6098724747788 ], [ -43.367068656154537, -21.6098724747788 ], [ -43.367068656154537, -21.605380898358202 ], [ -43.362577079733938, -21.605380898358202 ], [ -43.362577079733938, -21.600889321937604 ], [ -43.35808550331334, -21.600889321937604 ], [ -43.35808550331334, -21.632330356881788 ], [ -43.353593926892742, -21.632330356881788 ], [ -43.353593926892742, -21.641313509722984 ], [ -43.349102350472144, -21.641313509722984 ], [ -43.349102350472144, -21.645805086143579 ], [ -43.344610774051546, -21.645805086143579 ] ] ], [ [ [ -43.385034961836922, -21.623347204040591 ], [ -43.385034961836922, -21.6098724747788 ], [ -43.380543385416331, -21.6098724747788 ], [ -43.380543385416331, -21.614364051199399 ], [ -43.376051808995733, -21.614364051199399 ], [ -43.376051808995733, -21.618855627619993 ], [ -43.380543385416331, -21.618855627619993 ], [ -43.380543385416331, -21.623347204040591 ], [ -43.385034961836922, -21.623347204040591 ] ] ], [ [ [ -43.407492843939913, -21.6098724747788 ], [ -43.407492843939913, -21.614364051199399 ], [ -43.403001267519315, -21.614364051199399 ], [ -43.403001267519315, -21.618855627619993 ], [ -43.411984420360511, -21.618855627619993 ], [ -43.411984420360511, -21.6098724747788 ], [ -43.407492843939913, -21.6098724747788 ] ] ], [ [ [ -43.371560232575135, -21.614364051199399 ], [ -43.371560232575135, -21.6098724747788 ], [ -43.367068656154537, -21.6098724747788 ], [ -43.367068656154537, -21.614364051199399 ], [ -43.371560232575135, -21.614364051199399 ] ] ], [ [ [ -43.371560232575135, -21.605380898358202 ], [ -43.371560232575135, -21.6098724747788 ], [ -43.376051808995733, -21.6098724747788 ], [ -43.376051808995733, -21.605380898358202 ], [ -43.371560232575135, -21.605380898358202 ] ] ], [ [ [ -43.403001267519315, -21.600889321937604 ], [ -43.403001267519315, -21.596397745517006 ], [ -43.398509691098717, -21.596397745517006 ], [ -43.398509691098717, -21.600889321937604 ], [ -43.403001267519315, -21.600889321937604 ] ] ], [ [ [ -43.403001267519315, -21.582923016255215 ], [ -43.403001267519315, -21.591906169096408 ], [ -43.407492843939913, -21.591906169096408 ], [ -43.407492843939913, -21.587414592675813 ], [ -43.411984420360511, -21.587414592675813 ], [ -43.411984420360511, -21.582923016255215 ], [ -43.403001267519315, -21.582923016255215 ] ] ], [ [ [ -43.398509691098717, -21.582923016255215 ], [ -43.398509691098717, -21.578431439834617 ], [ -43.38952653825752, -21.578431439834617 ], [ -43.38952653825752, -21.582923016255215 ], [ -43.398509691098717, -21.582923016255215 ] ] ], [ [ [ -43.371560232575135, -21.582923016255215 ], [ -43.371560232575135, -21.578431439834617 ], [ -43.367068656154537, -21.578431439834617 ], [ -43.367068656154537, -21.582923016255215 ], [ -43.371560232575135, -21.582923016255215 ] ] ], [ [ [ -43.403001267519315, -21.578431439834617 ], [ -43.403001267519315, -21.573939863414019 ], [ -43.398509691098717, -21.573939863414019 ], [ -43.398509691098717, -21.578431439834617 ], [ -43.403001267519315, -21.578431439834617 ] ] ], [ [ [ -43.385034961836922, -21.578431439834617 ], [ -43.385034961836922, -21.573939863414019 ], [ -43.380543385416331, -21.573939863414019 ], [ -43.380543385416331, -21.578431439834617 ], [ -43.385034961836922, -21.578431439834617 ] ] ], [ [ [ -43.38952653825752, -21.573939863414019 ], [ -43.38952653825752, -21.569448286993421 ], [ -43.385034961836922, -21.569448286993421 ], [ -43.385034961836922, -21.573939863414019 ], [ -43.38952653825752, -21.573939863414019 ] ] ], [ [ [ -43.456900184566486, -21.529024099208044 ], [ -43.456900184566486, -21.524532522787446 ], [ -43.452408608145888, -21.524532522787446 ], [ -43.452408608145888, -21.529024099208044 ], [ -43.456900184566486, -21.529024099208044 ] ] ], [ [ [ -43.19189717575123, -21.852417601491069 ], [ -43.19189717575123, -21.847926025070471 ], [ -43.187405599330631, -21.847926025070471 ], [ -43.187405599330631, -21.852417601491069 ], [ -43.19189717575123, -21.852417601491069 ] ] ], [ [ [ -43.232321363536606, -21.843434448649873 ], [ -43.232321363536606, -21.838942872229275 ], [ -43.227829787116008, -21.838942872229275 ], [ -43.227829787116008, -21.847926025070471 ], [ -43.232321363536606, -21.847926025070471 ], [ -43.232321363536606, -21.856909177911668 ], [ -43.236812939957204, -21.856909177911668 ], [ -43.236812939957204, -21.843434448649873 ], [ -43.232321363536606, -21.843434448649873 ] ] ], [ [ [ -43.241304516377802, -21.838942872229275 ], [ -43.241304516377802, -21.83445129580868 ], [ -43.236812939957204, -21.83445129580868 ], [ -43.236812939957204, -21.838942872229275 ], [ -43.241304516377802, -21.838942872229275 ] ] ], [ [ [ -43.187405599330631, -21.838942872229275 ], [ -43.187405599330631, -21.83445129580868 ], [ -43.173930870068837, -21.83445129580868 ], [ -43.173930870068837, -21.838942872229275 ], [ -43.187405599330631, -21.838942872229275 ] ] ], [ [ [ -43.209863481433622, -21.83445129580868 ], [ -43.209863481433622, -21.829959719388082 ], [ -43.205371905013024, -21.829959719388082 ], [ -43.205371905013024, -21.83445129580868 ], [ -43.209863481433622, -21.83445129580868 ] ] ], [ [ [ -43.2457960927984, -21.83445129580868 ], [ -43.2457960927984, -21.829959719388082 ], [ -43.241304516377802, -21.829959719388082 ], [ -43.241304516377802, -21.83445129580868 ], [ -43.2457960927984, -21.83445129580868 ] ] ], [ [ [ -43.27723712774258, -21.83445129580868 ], [ -43.27723712774258, -21.829959719388082 ], [ -43.272745551321982, -21.829959719388082 ], [ -43.272745551321982, -21.83445129580868 ], [ -43.27723712774258, -21.83445129580868 ] ] ], [ [ [ -43.22333821069541, -21.83445129580868 ], [ -43.22333821069541, -21.829959719388082 ], [ -43.21435505785422, -21.829959719388082 ], [ -43.21435505785422, -21.83445129580868 ], [ -43.22333821069541, -21.83445129580868 ] ] ], [ [ [ -43.21435505785422, -21.829959719388082 ], [ -43.21435505785422, -21.825468142967484 ], [ -43.209863481433622, -21.825468142967484 ], [ -43.209863481433622, -21.829959719388082 ], [ -43.21435505785422, -21.829959719388082 ] ] ], [ [ [ -43.236812939957204, -21.829959719388082 ], [ -43.236812939957204, -21.825468142967484 ], [ -43.232321363536606, -21.825468142967484 ], [ -43.232321363536606, -21.829959719388082 ], [ -43.236812939957204, -21.829959719388082 ] ] ], [ [ [ -43.209863481433622, -21.825468142967484 ], [ -43.209863481433622, -21.820976566546886 ], [ -43.205371905013024, -21.820976566546886 ], [ -43.205371905013024, -21.825468142967484 ], [ -43.209863481433622, -21.825468142967484 ] ] ], [ [ [ -43.236812939957204, -21.820976566546886 ], [ -43.236812939957204, -21.816484990126288 ], [ -43.232321363536606, -21.816484990126288 ], [ -43.232321363536606, -21.820976566546886 ], [ -43.236812939957204, -21.820976566546886 ] ] ], [ [ [ -43.268253974901391, -21.820976566546886 ], [ -43.268253974901391, -21.816484990126288 ], [ -43.263762398480793, -21.816484990126288 ], [ -43.263762398480793, -21.820976566546886 ], [ -43.268253974901391, -21.820976566546886 ] ] ], [ [ [ -43.268253974901391, -21.811993413705689 ], [ -43.268253974901391, -21.816484990126288 ], [ -43.272745551321982, -21.816484990126288 ], [ -43.272745551321982, -21.811993413705689 ], [ -43.268253974901391, -21.811993413705689 ] ] ], [ [ [ -43.281728704163179, -21.811993413705689 ], [ -43.281728704163179, -21.807501837285095 ], [ -43.272745551321982, -21.807501837285095 ], [ -43.272745551321982, -21.811993413705689 ], [ -43.27723712774258, -21.811993413705689 ], [ -43.27723712774258, -21.816484990126288 ], [ -43.286220280583777, -21.816484990126288 ], [ -43.286220280583777, -21.811993413705689 ], [ -43.281728704163179, -21.811993413705689 ] ] ], [ [ [ -43.218846634274811, -21.811993413705689 ], [ -43.218846634274811, -21.807501837285095 ], [ -43.21435505785422, -21.807501837285095 ], [ -43.21435505785422, -21.811993413705689 ], [ -43.218846634274811, -21.811993413705689 ] ] ], [ [ [ -43.19189717575123, -21.820976566546886 ], [ -43.19189717575123, -21.811993413705689 ], [ -43.196388752171828, -21.811993413705689 ], [ -43.196388752171828, -21.807501837285095 ], [ -43.205371905013024, -21.807501837285095 ], [ -43.205371905013024, -21.803010260864497 ], [ -43.200880328592426, -21.803010260864497 ], [ -43.200880328592426, -21.798518684443899 ], [ -43.196388752171828, -21.798518684443899 ], [ -43.196388752171828, -21.803010260864497 ], [ -43.19189717575123, -21.803010260864497 ], [ -43.19189717575123, -21.807501837285095 ], [ -43.187405599330631, -21.807501837285095 ], [ -43.187405599330631, -21.820976566546886 ], [ -43.19189717575123, -21.820976566546886 ] ] ], [ [ [ -43.173930870068837, -21.803010260864497 ], [ -43.173930870068837, -21.798518684443899 ], [ -43.164947717227641, -21.798518684443899 ], [ -43.164947717227641, -21.803010260864497 ], [ -43.173930870068837, -21.803010260864497 ] ] ], [ [ [ -43.259270822060195, -21.798518684443899 ], [ -43.259270822060195, -21.7940271080233 ], [ -43.254779245639597, -21.7940271080233 ], [ -43.254779245639597, -21.798518684443899 ], [ -43.259270822060195, -21.798518684443899 ] ] ], [ [ [ -43.209863481433622, -21.789535531602702 ], [ -43.209863481433622, -21.785043955182104 ], [ -43.205371905013024, -21.785043955182104 ], [ -43.205371905013024, -21.771569225920313 ], [ -43.200880328592426, -21.771569225920313 ], [ -43.200880328592426, -21.798518684443899 ], [ -43.209863481433622, -21.798518684443899 ], [ -43.209863481433622, -21.7940271080233 ], [ -43.21435505785422, -21.7940271080233 ], [ -43.21435505785422, -21.789535531602702 ], [ -43.209863481433622, -21.789535531602702 ] ] ], [ [ [ -43.281728704163179, -21.785043955182104 ], [ -43.281728704163179, -21.780552378761509 ], [ -43.272745551321982, -21.780552378761509 ], [ -43.272745551321982, -21.785043955182104 ], [ -43.281728704163179, -21.785043955182104 ] ] ], [ [ [ -43.241304516377802, -21.785043955182104 ], [ -43.241304516377802, -21.776060802340911 ], [ -43.236812939957204, -21.776060802340911 ], [ -43.236812939957204, -21.785043955182104 ], [ -43.241304516377802, -21.785043955182104 ] ] ], [ [ [ -43.178422446489435, -21.780552378761509 ], [ -43.178422446489435, -21.776060802340911 ], [ -43.173930870068837, -21.776060802340911 ], [ -43.173930870068837, -21.780552378761509 ], [ -43.178422446489435, -21.780552378761509 ] ] ], [ [ [ -43.250287669218999, -21.767077649499715 ], [ -43.250287669218999, -21.762586073079117 ], [ -43.2457960927984, -21.762586073079117 ], [ -43.2457960927984, -21.767077649499715 ], [ -43.250287669218999, -21.767077649499715 ] ] ], [ [ [ -43.178422446489435, -21.762586073079117 ], [ -43.178422446489435, -21.753602920237924 ], [ -43.173930870068837, -21.753602920237924 ], [ -43.173930870068837, -21.758094496658519 ], [ -43.169439293648239, -21.758094496658519 ], [ -43.169439293648239, -21.767077649499715 ], [ -43.173930870068837, -21.767077649499715 ], [ -43.173930870068837, -21.762586073079117 ], [ -43.178422446489435, -21.762586073079117 ] ] ], [ [ [ -43.21435505785422, -21.762586073079117 ], [ -43.21435505785422, -21.753602920237924 ], [ -43.209863481433622, -21.753602920237924 ], [ -43.209863481433622, -21.749111343817326 ], [ -43.200880328592426, -21.749111343817326 ], [ -43.200880328592426, -21.744619767396728 ], [ -43.19189717575123, -21.744619767396728 ], [ -43.19189717575123, -21.753602920237924 ], [ -43.196388752171828, -21.753602920237924 ], [ -43.196388752171828, -21.758094496658519 ], [ -43.205371905013024, -21.758094496658519 ], [ -43.205371905013024, -21.762586073079117 ], [ -43.21435505785422, -21.762586073079117 ] ] ], [ [ [ -43.2457960927984, -21.758094496658519 ], [ -43.2457960927984, -21.749111343817326 ], [ -43.241304516377802, -21.749111343817326 ], [ -43.241304516377802, -21.758094496658519 ], [ -43.2457960927984, -21.758094496658519 ] ] ], [ [ [ -43.304186586266169, -21.753602920237924 ], [ -43.304186586266169, -21.749111343817326 ], [ -43.299695009845571, -21.749111343817326 ], [ -43.299695009845571, -21.753602920237924 ], [ -43.304186586266169, -21.753602920237924 ] ] ], [ [ [ -43.308678162686768, -21.726653461714339 ], [ -43.308678162686768, -21.717670308873142 ], [ -43.295203433424973, -21.717670308873142 ], [ -43.295203433424973, -21.726653461714339 ], [ -43.299695009845571, -21.726653461714339 ], [ -43.299695009845571, -21.731145038134933 ], [ -43.304186586266169, -21.731145038134933 ], [ -43.304186586266169, -21.726653461714339 ], [ -43.308678162686768, -21.726653461714339 ] ] ], [ [ [ -43.27723712774258, -21.695212426770155 ], [ -43.272745551321982, -21.695212426770155 ], [ -43.272745551321982, -21.699704003190753 ], [ -43.281728704163179, -21.699704003190753 ], [ -43.281728704163179, -21.690720850349557 ], [ -43.27723712774258, -21.690720850349557 ], [ -43.27723712774258, -21.695212426770155 ] ] ], [ [ [ -43.308678162686768, -21.677246121087762 ], [ -43.299695009845571, -21.677246121087762 ], [ -43.299695009845571, -21.68173769750836 ], [ -43.308678162686768, -21.68173769750836 ], [ -43.308678162686768, -21.677246121087762 ] ] ] ] } },
{ "type": "Feature", "properties": { "lcz": 15.0, "zcl_classe": "LCZ E", "descricao": "Bare rock or paved – rocha exposta ou pavimento", "efeito_temp": "Aquece rapidamente sob sol direto, elevando a temperatura de superfície (LST); efeito menor sobre a temperatura do ar à noite.", "ilha_calor": "Contribuição indireta e localizada à ICU, mais visível em imagens de satélite (LST) do que na temperatura do ar sentida pelas pessoas.", "intervencao": "Substituir por pavimentos frios, introduzir arborização.", "area_km2": 2.017425874207342e-11 }, "geometry": { "type": "Polygon", "coordinates": [ [ [ -43.38952653825752, -21.838942872229275 ], [ -43.38952653825752, -21.843434448649873 ], [ -43.385034961836922, -21.843434448649873 ], [ -43.385034961836922, -21.838942872229275 ], [ -43.38952653825752, -21.838942872229275 ] ] ] } },
{ "type": "Feature", "properties": { "lcz": 17.0, "zcl_classe": "LCZ G", "descricao": "Water – rios, lagos, oceanos", "efeito_temp": "Efeito de resfriamento pela evaporação; pode reduzir a temperatura do ar em seu entorno imediato.", "ilha_calor": "Geralmente mitiga a ilha de calor local por evaporação, exceto quando a água está muito rasa/aquecida.", "intervencao": "Proteger e integrar áreas aquáticas ao tecido urbano.", "area_km2": 2.6226536364692251e-10 }, "geometry": { "type": "MultiPolygon", "coordinates": [ [ [ [ -43.555714865819631, -21.870383907173458 ], [ -43.560206442240229, -21.870383907173458 ], [ -43.560206442240229, -21.865892330752864 ], [ -43.555714865819631, -21.865892330752864 ], [ -43.555714865819631, -21.870383907173458 ] ] ], [ [ [ -43.407492843939913, -21.780552378761509 ], [ -43.411984420360511, -21.780552378761509 ], [ -43.411984420360511, -21.776060802340911 ], [ -43.407492843939913, -21.776060802340911 ], [ -43.407492843939913, -21.780552378761509 ] ] ], [ [ [ -43.403001267519315, -21.68173769750836 ], [ -43.403001267519315, -21.677246121087762 ], [ -43.398509691098717, -21.677246121087762 ], [ -43.398509691098717, -21.68173769750836 ], [ -43.403001267519315, -21.68173769750836 ] ] ], [ [ [ -43.398509691098717, -21.672754544667164 ], [ -43.38952653825752, -21.672754544667164 ], [ -43.38952653825752, -21.677246121087762 ], [ -43.398509691098717, -21.677246121087762 ], [ -43.398509691098717, -21.672754544667164 ] ] ], [ [ [ -43.394018114678119, -21.650296662564177 ], [ -43.38952653825752, -21.650296662564177 ], [ -43.38952653825752, -21.645805086143579 ], [ -43.385034961836922, -21.645805086143579 ], [ -43.385034961836922, -21.672754544667164 ], [ -43.38952653825752, -21.672754544667164 ], [ -43.38952653825752, -21.659279815405373 ], [ -43.394018114678119, -21.659279815405373 ], [ -43.394018114678119, -21.650296662564177 ] ] ] ] } }
]
}
